DATES,LIP,UNEMP,LCPI,FFR,LPCOM,LRCDUR,LRCND,LRCSV,RRSHOCK,CUMRRSHOCK,CUMRRSHOCKORIG,BCSHOCK,CUMBCSHOCK,MP1_TC,FF4_TC,ED2_TC,ED3_TC,ED4_TC,GS1,EBP,szshock,rrshock83,cumrrshock83,rrshock83b,mp1_vr,ff1_vr,ff4_vr,ed2_vr,ff1_gkgreen,ff4_gkgreen,ed2_gkgreen,wu_xia,lm1,lm2,ltr,lnbr,factor1,factor2,factor3,factor4,factor5
1959,3.123628443,6,3.367640598,2.48,4.607467545,2.027490136,3.365328379,2.848275804,,,,,,,,,,,3.36,,,,,,,,,,,,,2.5,4.93375425,5.658087515,2.938579742,2.357073278,,,,,
1959.083333,3.14302233,5.9,3.36729583,2.43,4.59844764,2.071157322,3.367088912,2.856067826,,,,,,,,,,,3.54,,,,,,,,,,,,,2.5,4.937347498,5.661918271,2.921547375,2.363115593,,,,,
1959.166667,3.157323773,5.6,3.366260812,2.8,4.616505696,2.07530801,3.386219098,2.85847968,,,,,,,,,,,3.61,,,,,,,,,,,,,3,4.939497266,5.66711849,2.91403403,2.3496595,,,,,
1959.25,3.178403769,5.2,3.366605937,2.96,4.630642982,2.088153482,3.369018483,2.861800801,,,,,,,,,,,3.72,,,,,,,,,,,,,3,4.939497266,5.670225691,2.927346361,2.34411084,,,,,
1959.333333,3.193356971,5.1,3.36867419,2.9,4.640826863,2.092974556,3.388686108,2.869204867,,,,,,,,,,,3.96,,,,,,,,,,,,,3.25,4.946629964,5.677438499,2.9205776,2.33379302,,,,,
1959.416667,3.194497063,5,3.371081758,3.39,4.63821804,2.104378027,3.385711424,2.876272834,,,,,,,,,,,4.07,,,,,,,,,,,,,3,4.950177325,5.683919846,2.915281149,2.306875874,,,,,
1959.5,3.170256846,5.1,3.372454913,3.47,4.623304756,2.091617118,3.380178014,2.877792976,,,,,,,,,,,4.39,,,,,,,,,,,,,3.5,4.953712147,5.687653093,2.927614019,2.317276642,,,,,
1959.583333,3.135794171,5.2,3.373483543,3.5,4.62399194,2.11335976,3.382795772,2.881779393,,,,,,,,,,,4.42,,,,,,,,,,,,,3.5,4.955122584,5.691709893,2.922677593,2.320130272,,,,,
1959.666667,3.134585107,5.5,3.375879574,3.76,4.622813621,2.13771045,3.391988443,2.887924321,,,,,,,,,,,5,,,,,,,,,,,,,3,4.94875989,5.692721527,2.924343677,2.32258378,,,,,
1959.75,3.127295481,5.7,3.379292546,3.98,4.616604564,2.081564287,3.392358433,2.890093942,,,,,,,,,,,4.8,,,,,,,,,,,,,4,4.945207489,5.692047218,2.923537854,2.317473705,,,,,
1959.833333,3.13337458,5.8,3.379292546,4,4.61244367,2.078941417,3.387977043,2.893754917,,,,,,,,,,,4.81,,,,,,,,,,,,,4,4.944495492,5.694068782,2.923806534,2.321799312,,,,,
1959.916667,3.193352868,5.3,3.381334753,3.99,4.591476859,2.034967052,3.39316521,2.899661805,,,,,,,,,,,5.14,,,,,,,,,,,,,4,4.940927882,5.69642212,2.926382195,2.319245534,,,,,
1960,3.219271746,5.2,3.379973745,3.99,4.600157644,2.04691835,3.394374156,2.901091869,,,,,,,,,,,5.03,,,,,,,,,,,,,4,4.941642423,5.697764402,2.919768735,2.321799312,-1.54164889,-0.619244106,0.020295871,0.334606198,-0.859647391
1960.083333,3.210331425,4.8,3.381334753,3.97,4.595927605,2.10193662,3.384661413,2.902629655,,,,,,,,,,,4.66,,,,,,,,,,,,,4,4.940927882,5.698769933,2.88742297,2.309957847,-0.566191335,-0.503526817,0.040776932,0.121646104,-0.380798974
1960.166667,3.201314524,5.4,3.381334753,3.84,4.594311443,2.140183804,3.401897137,2.906627798,,,,,,,,,,,4.02,,,,,,,,,,,,,4,4.94021283,5.701780472,2.877849233,2.317966195,0.028076666,-0.024815308,-0.289393123,-0.112818647,0.260740595
1960.25,3.193356971,5.2,3.385745277,3.92,4.614625345,2.174751721,3.420215387,2.913382741,,,,,,,,,,,4.04,,,,,,,,,,,,,4,4.93878119,5.704115752,2.882787515,2.318556863,0.663891879,0.068996947,-0.18809216,-0.113908856,0.069975657
1960.333333,3.19221147,5.1,3.386760334,3.85,4.617296366,2.103402179,3.391752923,2.915660399,,,,,,,,,,,4.21,,,,,,,,,,,,,3.5,4.93878119,5.706777984,2.886921368,2.336406641,-0.169806128,0.094575575,-0.378476448,-0.044038784,0.01948814
1960.416667,3.179561027,5.4,3.388112142,3.32,4.61045619,2.077940416,3.401430688,2.914359515,,,,,,,,,,,3.36,,,,,,,,,,,,,3.5,4.93878119,5.711419902,2.891149233,2.346697668,0.564123773,-0.069233431,0.148934672,-0.215278224,-0.145894777
1960.5,3.176085227,5.5,3.386083744,3.23,4.612642201,2.086665387,3.404923763,2.91316555,,,,,,,,,,,3.2,,,,,,,,,,,,,3.25,4.943069975,5.717356595,2.90164135,2.362268095,0.712733289,0.034062711,-0.227954102,-0.037919904,0.083593165
1960.583333,3.174919758,5.6,3.388112142,2.98,4.609361391,2.106570209,3.396955062,2.912078889,,,,,,,,,,,2.95,,,,,,,,,,,,,3,4.95088529,5.726521962,2.896464272,2.377878077,0.52103345,0.024808064,-0.163588092,-0.126750348,-0.080167539
1960.666667,3.164402743,5.5,3.388112142,2.6,4.594109239,2.140654226,3.394105628,2.914522218,,,,,,,,,,,3.07,,,,,,,,,,,,,3,4.950177325,5.731397642,2.872886444,2.391694268,0.318159721,0.003688054,-0.189772592,-0.083443426,-0.040925193
1960.75,3.16322357,6.1,3.392829132,2.47,4.588532545,2.131559496,3.403594506,2.919714787,,,,,,,,,,,3.04,,,,,,,,,,,,,2.75,4.948050419,5.734958092,2.883235242,2.402339926,0.490273239,-0.040630649,0.030609699,-0.255942281,-0.048698714
1960.833333,3.149006855,6.1,3.393837027,2.44,4.580467573,2.089763091,3.403893743,2.924289976,,,,,,,,,,,3.08,,,,,,,,,,,,,0.25,4.948050419,5.739471317,2.874524631,2.412873447,0.454898732,0.07878346,0.183956181,-0.081612921,-0.245239622
1960.916667,3.129729808,6.6,3.394843908,1.98,4.567468319,2.03457492,3.39050711,2.924665825,,,,,,,,,,,2.86,,,,,,,,,,,,,3,4.946629964,5.744284418,2.814210397,2.413410648,0.771649061,0.16005293,-0.025675424,-0.264103127,0.128292296
1961,3.130944752,6.6,3.395849775,1.45,4.580672554,2.014903021,3.396687226,2.930073125,,,,,,,,,,,2.81,,,,,,,,,,,,,2.25,4.949468859,5.749711407,2.816485983,2.421167809,0.922741073,0.053295493,0.070659039,-0.209513598,0.08546789
1961.083333,3.129729808,6.9,3.395849775,2.54,4.602165677,2.022077224,3.403561252,2.930179905,,,,,,,,,,,2.93,,,,,,,,,,,,,2,4.953006181,5.757323242,2.80475335,2.406584683,0.414688912,-0.243701929,0.055167345,-0.085867159,-0.190775072
1961.166667,3.135794171,6.9,3.395849775,2.02,4.619566066,2.051427795,3.415461826,2.938367956,,,,,,,,,,,2.88,,,,,,,,,,,,,2,4.955122584,5.762994334,2.80002148,2.401343865,0.515825182,-0.004391575,0.056228013,-0.083928695,-0.200630535
1961.25,3.156140477,7,3.394843908,1.49,4.629374875,2.038619547,3.414804385,2.943438479,,,,,,,,,,,2.88,,,,,,,,,,,,,0.5,4.956531035,5.768008447,2.800933195,2.403877344,0.021426679,-0.30174967,-0.043770042,-0.021175036,-0.165981472
1961.333333,3.17142776,7.1,3.395849775,1.98,4.623402954,2.053097566,3.418677052,2.949059865,,,,,,,,,,,2.87,,,,,,,,,,,,,1,4.960744524,5.775172471,2.798439201,2.392425797,-0.072893031,-0.463979712,0.184991495,0.062957763,-0.563511189
1961.416667,3.185331451,6.9,3.395849775,1.73,4.591071262,2.0587285,3.422208429,2.949688335,,,,,,,,,,,3.06,,,,,,,,,,,,,0.5,4.962145085,5.781669013,2.806446523,2.400074714,-0.308837358,-0.326571221,-0.040252127,0.043905396,-0.266193293
1961.5,3.196773355,7,3.398527153,1.17,4.59844764,2.066482941,3.414212319,2.947906644,,,,,,,,,,,2.92,,,,,,,,,,,,,2.5,4.962145085,5.785669634,2.806808973,2.404238747,-0.399597027,-0.316124724,0.035828079,-0.049091891,-0.24141728
1961.583333,3.205835164,6.6,3.399195379,2,4.604169686,2.075056943,3.41897181,2.949164638,,,,,,,,,,,3.06,,,,,,,,,,,,,1.75,4.966335035,5.791793352,2.814809738,2.413142084,-0.19016815,-0.233935685,0.143973842,0.002748902,-0.12225094
1961.666667,3.204707933,6.7,3.400530493,1.88,4.600157644,2.081190012,3.424783691,2.954337198,,,,,,,,,,,3.06,,,,,,,,,,,,,1.5,4.968423445,5.797576354,2.821616953,2.420457014,-0.405302459,-0.254394788,-0.002810388,-0.008289795,-0.032596498
1961.75,3.223712111,6.5,3.400530493,2.26,4.590056548,2.095929859,3.426182634,2.96217549,,,,,,,,,,,3.05,,,,,,,,,,,,,2,4.970507503,5.802420445,2.838669023,2.42851265,0.06335937,-0.115431508,-0.035220884,-0.171717103,0.300537093
1961.833333,3.239097972,6.1,3.400530493,2.61,4.579339426,2.123936782,3.433567762,2.968566605,,,,,,,,,,,3.07,,,,,,,,,,,,,1.75,4.97535348,5.80934297,2.84328015,2.432208861,-0.512543596,-0.397865542,-0.076676223,0.070063366,-0.340557229
1961.916667,3.247781987,6,3.401530659,2.33,4.601162165,2.144292514,3.438717932,2.973077583,,,,,,,,,,,3.18,,,,,,,,,,,,,2.5,4.978112102,5.815621956,2.848797165,2.430626443,-0.520011344,-0.405580919,-0.142718805,0.040641982,-0.110854952
1962,3.239094052,5.8,3.402529827,2.15,4.608962984,2.141006897,3.439263582,2.974253242,,,,,,,,,,,3.28,,,,,,,,,,,,,1.5,4.978112102,5.82156551,2.844444159,2.433876479,-0.314695714,-0.271921725,0.016555273,-0.092840793,-0.016136879
1962.083333,3.255319609,5.5,3.404857342,2.37,4.587515251,2.136412438,3.436564525,2.976804264,,,,,,,,,,,3.28,,,,,,,,,,,,,2.75,4.981549713,5.829239692,2.828319033,2.418855875,0.100357413,-0.076134829,-0.023309461,-0.263361143,0.426674224
1962.166667,3.260673983,5.6,3.406848053,2.85,4.591882292,2.151645917,3.447412805,2.981075384,,,,,,,,,,,3.06,,,,,,,,,,,,,2.75,4.983606622,5.83802195,2.830326829,2.413231613,-0.556944233,-0.184144881,-0.083829526,0.082014952,-0.045449071
1962.25,3.262804668,5.6,3.408172995,2.78,4.578826211,2.158021642,3.445246164,2.988204007,,,,,,,,,,,2.99,,,,,,,,,,,,,2.5,4.986342602,5.844992643,2.836560677,2.421078987,-0.199853829,-0.142300881,-0.186835359,-0.063100247,0.013904602
1962.333333,3.261739893,5.5,3.409165551,2.36,4.568298711,2.180982271,3.450019291,2.993730271,,,,,,,,,,,3.03,,,,,,,,,,,,,2.75,4.989071116,5.850764665,2.841939863,2.426836055,-0.285983974,-0.16662783,-0.202577523,-0.073301084,0.046631011
1962.416667,3.259603095,5.5,3.408172995,2.68,4.553350437,2.169282246,3.439969276,2.994631668,,,,,,,,,,,3.03,,,,,,,,,,,,,2.75,4.987707789,5.855931152,2.845141915,2.418232517,0.125643835,-0.099855799,-0.092857875,-0.24201476,-0.07242656
1962.5,3.269173424,5.4,3.408503957,2.71,4.546693256,2.168939408,3.445756385,2.996931554,,,,,,,,,,,3.29,,,,,,,,,,,,,2.75,4.987025428,5.86021626,2.848217858,2.424979701,0.167231479,-0.120120955,-0.077980259,-0.34824217,0.106892023
1962.583333,3.270230317,5.7,3.410487429,2.93,4.548599834,2.165504552,3.450558811,2.999923478,,,,,,,,,,,3.2,,,,,,,,,,,,,3,4.987707789,5.865901324,2.84129822,2.418677812,-0.111753428,-0.27787433,-0.045833008,-0.112973634,-0.250290721
1962.666667,3.276552105,5.6,3.415100287,2.9,4.547329186,2.19555652,3.462104317,3.005435049,,,,,,,,,,,3.06,,,,,,,,,,,,,2.75,4.985659308,5.87183606,2.84700022,2.425068177,0.094135017,-0.027165651,-0.138517832,-0.057621518,0.079266699
1962.75,3.277605004,5.4,3.413784497,2.9,4.551347379,2.169853381,3.454042804,3.00889526,,,,,,,,,,,2.98,,,,,,,,,,,,,3,4.988389685,5.878295849,2.854859715,2.432472354,-0.147728026,0.073820954,0.027793506,0.080415911,-0.075747696
1962.833333,3.281790528,5.7,3.413784497,2.94,4.554403069,2.2300144,3.459120318,3.01499554,,,,,,,,,,,3,,,,,,,,,,,,,2.88,4.992471323,5.885548322,2.815528473,2.431154194,0.139915604,-0.229382568,-0.222160428,-0.205975689,0.016947662
1962.916667,3.281790528,5.5,3.413784497,2.93,4.549446037,2.257587727,3.462104317,3.01597598,,,,,,,,,,,3.01,,,,,,,,,,,,,3,4.995860009,5.893576046,2.828319033,2.42868897,0.008199287,-0.168439144,-0.153096783,-0.078158221,-0.066626554
1963,3.289080762,5.7,3.415757533,2.92,4.555769836,2.250449339,3.465454613,3.014455888,,,,,,,,,,,3.04,,,,,,,,,,,,,3,4.999237249,5.900445149,2.829500578,2.435453766,0.091635926,-0.195613326,-0.163217314,-0.178804364,0.006573325
1963.083333,3.300426318,5.9,3.417070731,3,4.555979942,2.235804059,3.458365055,3.016563783,,,,,,,,,,,3.01,,,,,,,,,,,,,3,5.00327494,5.907811162,2.816127024,2.423917378,-0.085442994,-0.115257269,-0.100566667,-0.0825149,-0.157938576
1963.166667,3.306560642,5.7,3.418054499,2.98,4.544358047,2.232377198,3.467796279,3.020766291,,,,,,,,,,,3.03,,,,,,,,,,,,,3,5.005287688,5.91539311,2.815468598,2.420812474,-0.168140555,-0.167439567,-0.103055352,-0.082020458,-0.131870165
1963.25,3.315693958,5.7,3.417070731,2.9,4.554297856,2.249606168,3.464797963,3.025727874,,,,,,,,,,,3.11,,,,,,,,,,,,,3,5.008633291,5.922382386,2.81516917,2.42648273,-0.151292755,-0.207252714,-0.170332182,-0.1503819,-0.014176064
1963.333333,3.327740992,5.9,3.418054499,3,4.576256176,2.253394849,3.465204512,3.025776395,,,,,,,,,,,3.12,,,,,,,,,,,,,3,5.013298412,5.929855065,2.818995095,2.41734133,-0.372408564,-0.209222649,-0.244630675,-0.083988538,0.034452122
1963.416667,3.330731998,5.6,3.421326753,2.99,4.55860255,2.279214107,3.471842221,3.032979888,,,,,,,,,,,3.2,,,,,,,,,,,,,3,5.013298412,5.935951837,2.822865876,2.410452464,-0.13440827,-0.124120388,-0.057997911,-0.066093839,-0.059397429
1963.5,3.326743196,5.6,3.423936869,3.02,4.56100929,2.288688988,3.473300965,3.039749159,,,,,,,,,,,3.48,,,,,,,,,,,,,3.5,5.019264621,5.943061808,2.830385821,2.418766847,-0.129194071,0.007631795,-0.025181088,-0.108035044,0.037488425
1963.583333,3.328737794,5.4,3.425889994,3.49,4.548070594,2.263636343,3.483176674,3.046758032,,,,,,,,,,,3.53,,,,,,,,,,,,,3.5,5.022563865,5.949600343,2.817203515,2.411887828,-0.050746164,-0.035613035,-0.083910595,-0.174620981,0.157820808
1963.666667,3.338658637,5.5,3.424913908,3.48,4.551769409,2.266854283,3.472649449,3.050173109,,,,,,,,,,,3.57,,,,,,,,,,,,,3.5,5.023880521,5.955837369,2.826544095,2.414484185,-0.124509529,-0.071031197,-0.151808358,-0.153433068,-0.040134833
1963.75,3.345547242,5.5,3.425889994,3.5,4.582720057,2.259259968,3.468357464,3.054519915,,,,,,,,,,,3.64,,,,,,,,,,,,,3.5,5.027820119,5.961778237,2.829087196,2.410272898,-0.254100757,-0.232420478,-0.180866482,-0.147856064,-0.061914283
1963.833333,3.350437278,5.7,3.426865128,3.48,4.583435694,2.287065281,3.473114861,3.05804958,,,,,,,,,,,3.74,,,,,,,,,,,,,3.5,5.034351821,5.969985515,2.83538745,2.415735191,-0.352160223,-0.064173759,-0.170408833,-0.083106419,0.015062225
1963.916667,3.348482024,5.5,3.430108725,3.38,4.573885896,2.319147181,3.48385206,3.064745145,,,,,,,,,,,3.81,,,,,,,,,,,,,3.25,5.032396786,5.974318388,2.847870113,2.433350163,-0.019972943,-0.088121609,-0.095836289,-0.151606169,0.002728948
1964,3.357242011,5.6,3.432049845,3.48,4.580877493,2.326887386,3.482377903,3.070375817,,,,,,,,,,,3.79,,,,,,,,,,,,,3.5,5.035002651,5.979391966,2.849839073,2.430890353,-0.059274668,-0.053904593,-0.073220011,-0.130297426,0.045650657
1964.083333,3.364004212,5.4,3.431079756,3.48,4.568298711,2.333502196,3.493898099,3.074127471,,,,,,,,,,,3.78,,,,,,,,,,,,,3.5,5.038898759,5.985446475,2.833742616,2.421345429,-0.283290287,-0.09644988,-0.147824471,-0.036566722,-0.101423889
1964.166667,3.364004212,5.4,3.432049845,3.43,4.567468319,2.320523238,3.499956154,3.080578809,,,,,,,,,,,3.91,,,,,,,,,,,,,3.5,5.040194096,5.990964422,2.842056481,2.42347441,-0.299186239,-0.24631582,-0.281000081,-0.13395284,0.078643153
1964.25,3.380232479,5.3,3.432372999,3.47,4.588532545,2.329421747,3.497052867,3.083651572,,,,,,,,,,,3.91,,,,,,,,,,,,,3.5,5.042133961,5.995705541,2.838610518,2.427100968,-0.147301455,-0.119182342,-0.137524793,-0.195291048,0.239919807
1964.333333,3.385897601,5.1,3.433341835,3.5,4.577284982,2.356220642,3.517675863,3.088083535,,,,,,,,,,,3.84,,,,,,,,,,,,,3.5,5.04535873,6.001909805,2.838844518,2.421523017,-0.381443421,-0.270149504,-0.084235737,-0.001942764,-0.292724384
1964.416667,3.38871986,5.2,3.434309733,3.5,4.575947327,2.372111156,3.518120789,3.094762797,,,,,,,,,,,3.83,,,,,,,,,,,,,3.5,5.047288612,6.009058856,2.852785264,2.427100968,-0.266039881,-0.226430003,-0.222864168,-0.110416302,0.06186443
1964.5,3.395269848,4.9,3.434632158,3.42,4.582924577,2.388395749,3.527242489,3.097927786,,,,,,,,,,,3.72,,,,,,,,,,,,,3.5,5.054971108,6.016401032,2.857446741,2.432472354,-0.125084507,-0.084295571,-0.118976227,-0.143243102,0.103463611
1964.583333,3.401777214,5,3.435598808,3.5,4.602967762,2.397895273,3.535844818,3.100767736,,,,,,,,,,,3.74,,,,,,,,,,,,,3.5,5.061328408,6.024415647,2.851861903,2.440606391,-0.422809409,-0.204500157,-0.17416914,-0.037098867,0.076179439
1964.666667,3.405478206,5.1,3.436564525,3.45,4.624384405,2.369308725,3.5279475,3.106826321,,,,,,,,,,,3.84,,,,,,,,,,,,,2.75,5.067015628,6.032846385,2.867501096,2.443911029,-0.338177878,-0.195051725,-0.196073722,-0.138807829,0.164373766
1964.75,3.391530811,5.1,3.437850699,3.36,4.648229675,2.386466577,3.534153609,3.110354764,,,,,,,,,,,3.86,,,,,,,,,,,,,3.5,5.070161273,6.038109555,2.874976072,2.448156216,-0.351457014,-0.136250508,-0.169449238,-0.14172776,0.32946007
1964.833333,3.421963597,4.8,3.440738556,3.52,4.650143552,2.345836135,3.518120789,3.115735066,,,,,,,,,,,3.91,,,,,,,,,,,,,4,5.075173815,6.045005314,2.879254635,2.450832669,0.357020368,0.074199454,-0.181928222,-0.438097487,0.658344506
1964.916667,3.433700066,5,3.442019376,3.85,4.656623468,2.329032263,3.544344891,3.120336437,,,,,,,,,,,4.02,,,,,,,,,,,,,4,5.07704706,6.051383037,2.88920441,2.463597889,-0.963944174,-0.313730603,-0.12109663,0.17594624,-0.430253909
1965,3.444416501,4.9,3.442978916,3.9,4.648708488,2.380564134,3.539189643,3.123861601,,,,,,,,,,,3.94,,-0.42952,,,,,,,,,,,4,5.079539273,6.057954288,2.890760571,2.455563658,-0.628209608,-0.228637868,-0.107603537,-0.03030903,-0.085771646
1965.083333,3.450612747,5.1,3.442978916,3.98,4.64851699,2.450142657,3.550306804,3.126892106,,,,,,,,,,,4.03,,-0.20264,,,,,,,,,,,4,5.080783054,6.064715009,2.878805122,2.440519279,-0.45569259,-0.158305888,-0.16751568,-0.039121561,0.038218009
1965.166667,3.463765212,4.7,3.443937535,4.04,4.655673168,2.495021984,3.535815683,3.129957176,,,,,,,,,,,4.06,,-0.34037,,,,,,,,,,,4,5.084505143,6.071199515,2.881891457,2.439909284,-0.267605646,-0.152018704,-0.219753933,-0.199242333,0.120006463
1965.25,3.468111205,4.8,3.446170747,4.09,4.677769878,2.480814957,3.551913599,3.137188432,,,,,,,,,,,4.04,,-0.5655,,,,,,,,,,,4.13,5.087596335,6.076265149,2.89408707,2.448501968,-0.542022498,-0.216287107,-0.183458437,-0.08080537,0.120310583
1965.333333,3.475887327,4.6,3.449352424,4.1,4.676094524,2.446858582,3.556946783,3.142124362,,,,,,,,,,,4.03,,-0.42539,,,,,,,,,,,4.13,5.085742767,6.080162002,2.892757798,2.435103473,-0.38122424,0.014364121,-0.21145991,-0.116742828,0.281188981
1965.416667,3.483603448,4.6,3.453473526,4.04,4.666265285,2.404780605,3.544980215,3.146649159,,,,,,,,,,,3.99,,-1.6228,,,,,,,,,,,4.13,5.088830142,6.087001974,2.901256745,2.439473345,-0.462646338,-0.080269954,-0.176209266,-0.056702622,0.124536902
1965.5,3.492952766,4.4,3.452524009,4.09,4.65728814,2.429658176,3.562380419,3.151624294,,,,,,,,,,,3.98,,0.10836,,,,,,,,,,,4.13,5.093750201,6.093344011,2.908484505,2.446165821,-0.292372144,0.015274027,-0.108620216,-0.087785198,0.201576126
1965.583333,3.497174006,4.4,3.451573589,4.12,4.670208582,2.467336529,3.56240879,3.155382091,,,,,,,,,,,4.07,,-0.37854,,,,,,,,,,,4,5.098035484,6.099870421,2.891204744,2.445039061,-0.473356385,-0.213026747,-0.328397459,-0.14013887,0.052736934
1965.666667,3.499696411,4.3,3.453789832,4.01,4.678420648,2.534807308,3.573636939,3.159932289,,,,,,,,,,,4.2,,-1.4395,,,,,,,,,,,4.13,5.104732617,6.108135854,2.899221373,2.443824205,-0.161928032,-0.175382128,-0.238981268,-0.224836097,0.185345321
1965.75,3.509731855,4.2,3.454738149,4.08,4.680555913,2.526927925,3.605443496,3.167035012,,,,,,,,,,,4.3,,-0.038636,,,,,,,,,,,4.13,5.111987788,6.115008733,2.908648167,2.453587967,-0.406742441,-0.154763287,-0.236574889,-0.124518783,0.049585671
1965.833333,3.513883003,4.1,3.457892725,4.1,4.685459017,2.52099747,3.599091499,3.173041289,,,,,,,,,,,4.37,,-0.55489,,,,,,,,,,,4.13,5.11619579,6.121834698,2.901476538,2.455735272,-0.465000481,-0.125269491,-0.155963941,-0.058581643,0.04742685
1965.916667,3.526234046,4,3.461037382,4.32,4.712229258,2.510574397,3.603185391,3.177386941,,,,,,,,,,,4.72,,0.38046,,,,,,,,,,,4.63,5.122772794,6.129485845,2.931567016,2.474182686,-0.375763679,-0.054106632,-0.169857346,-0.115667051,0.128128505
1966,3.536005043,4,3.461978854,4.42,4.737776151,2.538842283,3.606991295,3.178845184,,,,,,,,,,,4.88,,-0.70904,,,,,,,,,,,4.5,5.130490256,6.135564891,2.93454812,2.47443535,-0.647620887,-0.060389158,-0.067913393,-0.118282171,0.039907797
1966.083333,3.54246833,3.8,3.468232783,4.6,4.752986561,2.564410751,3.610512425,3.181921342,,,,,,,,,,,4.94,,-0.4038,,,,,,,,,,,4.63,5.133442723,6.14117682,2.915281149,2.460528571,-0.5012178,-0.200365869,-0.111965608,-0.129979011,0.195090562
1966.166667,3.556062092,3.8,3.471345142,4.65,4.754451889,2.593985245,3.611971412,3.187426437,,,,,,,,,,,4.97,,-1.8258,,,,,,,,,,,4.75,5.138735297,6.146757432,2.916039505,2.451349866,-0.487005797,0.038251541,0.003149273,-0.09371094,0.285629553
1966.25,3.557648271,3.8,3.474447843,4.67,4.743888105,2.564333783,3.621563747,3.19068209,,,,,,,,,,,4.9,,-1.5076,,,,,,,,,,,4.63,5.14633101,6.151242223,2.931993433,2.452813806,-0.701682842,-0.079886042,-0.183261981,-0.114497119,0.085446347
1966.333333,3.567121341,3.9,3.476614021,4.9,4.727210812,2.510574397,3.613886475,3.193763124,,,,,,,,,,,4.93,,1.2148,,,,,,,,,,,4.75,5.143416405,6.152945438,2.92895124,2.4488476,-0.428865446,0.072029978,-0.1188859,-0.07195666,0.195361611
1966.416667,3.571823029,3.8,3.477540948,5.17,4.732507434,2.499631045,3.62231221,3.195975605,,,,,,,,,,,4.97,,1.1049,,,,,,,,,,,5.5,5.145166187,6.155282632,2.93092705,2.446598853,-0.294192974,-0.014483699,-0.190697495,-0.260670344,0.159136486
1966.5,3.577280073,3.8,3.479700443,5.3,4.748664286,2.519388589,3.631885733,3.200467425,,,,,,,,,,,5.17,,1.5273,,,,,,,,,,,5.75,5.137561588,6.154645757,2.953346557,2.453501978,-0.486050582,-0.054446922,-0.301999447,-0.155050715,0.173666675
1966.583333,3.578056826,3.8,3.485844856,5.53,4.725261666,2.556684528,3.621456778,3.200345188,,,,,,,,,,,5.54,,0.78415,,,,,,,,,,,4.5,5.140493281,6.158249365,2.932739224,2.436241478,-0.338260886,0.172769721,-0.088138979,-0.209353966,0.171859926
1966.666667,3.587339409,3.7,3.488902962,5.4,4.696381066,2.595030801,3.62591303,3.20392461,,,,,,,,,,,5.82,,-0.40264,,,,,,,,,,,5.75,5.147494477,6.164156555,2.959379444,2.438862711,-0.232296982,0.143045315,0.046389111,-0.212387008,0.219036767
1966.75,3.594241798,3.7,3.491951745,5.53,4.666735542,2.569707251,3.621697442,3.205912158,,,,,,,,,,,5.58,,2.3192,,,,,,,,,,,5.75,5.142832464,6.164787403,2.965736876,2.439298916,-0.220106674,0.032851015,0.02460032,-0.179297524,-0.028515245
1966.833333,3.587339409,3.6,3.49286457,5.76,4.650525888,2.553421629,3.625407031,3.212455257,,,,,,,,,,,5.54,,1.4464,,,,,,,,,,,5.75,5.144000006,6.168145224,2.955274796,2.450832669,-0.219874722,-0.022403952,-0.066055026,-0.04427209,-0.086253165
1966.916667,3.589644583,3.8,3.494080376,5.4,4.65396035,2.548116163,3.623807457,3.218635796,,,,,,,,,,,5.2,,-2.4787,,,,,,,,,,,5,5.147494477,6.174202684,2.972975286,2.458733775,0.10301723,0.070557766,-0.235894583,-0.216615076,0.29514624
1967,3.594351718,3.9,3.493472658,4.94,4.652626127,2.556063844,3.630004863,3.221272949,,,,,,,,,,,4.75,,-2.0193,,,,,,,,,,,4,5.146912912,6.177113894,2.983760902,2.478553176,0.070848035,-0.085330859,-0.276306725,-0.102717367,0.089911864
1967.083333,3.582946552,3.8,3.496507561,5,4.643910014,2.52099747,3.636190449,3.219435668,,,,,,,,,,,4.71,,0.56449,,,,,,,,,,,4.75,5.153291594,6.184355055,2.979907723,2.477882035,0.053701188,-0.180148403,-0.275995478,-0.040061271,-0.016712444
1967.166667,3.577291253,3.8,3.496507561,4.53,4.624286303,2.536787272,3.638243838,3.223942965,,,,,,,,,,,4.35,,-2.5449,,,,,,,,,,,4.5,5.163642463,6.193792959,2.966251968,2.504464149,0.458758868,0.087891243,-0.221763259,-0.181877897,0.219017487
1967.25,3.586677833,3.8,3.499533282,4.05,4.605670061,2.57983797,3.642207046,3.227399396,,,,,,,,,,,4.11,,-1.3508,,,,,,,,,,,4,5.160204064,6.198681948,2.964447984,2.51300808,0.280183494,-0.070303376,-0.266852817,-0.140551228,0.065631131
1967.333333,3.577917167,3.8,3.499533282,3.94,4.615912283,2.57276489,3.640502954,3.23064628,,,,,,,,,,,4.15,,-0.30722,,,,,,,,,,,4.13,5.168777995,6.20899236,2.957303247,2.511954211,0.172800569,-0.015031946,-0.036300148,0.003690332,-0.392282852
1967.416667,3.577791457,3.9,3.505557397,3.98,4.615120517,2.587688844,3.643986685,3.235496926,,,,,,,,,,,4.48,,1.2648,,,,,,,,,,,3.5,5.176149733,6.21860012,2.96362222,2.513737031,0.228245702,0.067353734,-0.149859605,-0.188295065,0.158924529
1967.5,3.575511968,3.8,3.5085559,3.79,4.596936381,2.57215411,3.633313889,3.240832992,,,,,,,,,,,5.01,,-0.80346,,,,,,,,,,,3.75,5.18234519,6.227129379,2.982900295,2.534252215,-0.004011446,0.17747994,-0.00813896,-0.139048116,-0.112512091
1967.583333,3.594489101,3.8,3.511545439,3.9,4.591882292,2.5577698,3.640791543,3.245673537,,,,,,,,,,,5.13,,0.65952,,,,,,,,,,,4,5.191288794,6.235978124,2.975988645,2.533538071,0.0039481,0.016064541,0.121069747,-0.258244698,0.078738744
1967.666667,3.592864026,3.8,3.514526067,3.99,4.584763376,2.58618384,3.649722739,3.247541024,,,,,,,,,,,5.24,,0.27063,,,,,,,,,,,3.75,5.196838198,6.243584207,2.993579959,2.546158526,-0.440989382,-0.130016747,0.036747405,0.065916072,-0.317506108
1967.75,3.600976771,4,3.517497837,3.88,4.573060132,2.555520429,3.634000793,3.249094603,,,,,,,,,,,5.37,,-1.3817,,,,,,,,,,,4.13,5.201806466,6.250361268,3.01695546,2.561790527,0.003887008,0.021261631,0.000517107,-0.135284392,0.083843839
1967.833333,3.6151764,3.9,3.523415014,4.13,4.574195382,2.566102538,3.64424813,3.252233229,,,,,,,,,,,5.61,,1.3354,,,,,,,,,,,4.5,5.206202078,6.256133845,3.017738354,2.564872431,-0.144532119,-0.008781112,0.097885679,-0.131288726,-0.176940457
1967.916667,3.625889067,3.8,3.526360525,4.51,4.586802529,2.60165211,3.659064369,3.257557931,,,,,,,,,,,5.71,,1.5344,,,,,,,,,,,4.5,5.211124155,6.263017238,3.033509638,2.561250216,-0.719720448,-0.16738883,0.070448172,-0.034213358,-0.250058168
1968,3.624812822,3.7,3.529297384,4.6,4.587617027,2.623073117,3.657027525,3.265301291,,,,,,,,,,,5.43,,-0.17294,,,,,,,,,,,4.75,5.216564865,6.267959274,3.052915687,2.564410751,-0.43547713,-0.145168261,0.017529335,-0.0602595,-0.237336984
1968.083333,3.62838873,3.8,3.532225644,4.71,4.589040804,2.61776073,3.661713786,3.265454021,,,,,,,,,,,5.41,,-0.82165,,,,,,,,,,,4.75,5.218732887,6.273631439,3.057908632,2.55061636,0.290561145,0.072587275,0.071352444,-0.107171936,0.150283142
1968.166667,3.631504546,3.7,3.535145354,5.05,4.594614672,2.663262018,3.67703458,3.274083448,,,,,,,,,,,5.58,,1.11,,,,,,,,,,,5.25,5.223054882,6.278896588,3.05941105,2.527886315,-0.466154923,-0.007875003,-0.234226465,-0.034444362,0.142485525
1968.25,3.632951753,3.5,3.538056564,5.76,4.584967479,2.637913819,3.670817311,3.279029748,,,,,,,,,,,5.71,,3.1331,,,,,,,,,,,6.25,5.228967288,6.283574303,3.056027429,2.520273794,-0.207804693,0.044333334,-0.018749671,-0.102074993,-0.043586976
1968.333333,3.644106958,3.5,3.540959324,6.11,4.571406556,2.667089308,3.674374768,3.281437393,,,,,,,,,,,6.14,,0.4237,,,,,,,,,,,6.13,5.236441963,6.289530025,3.051545338,2.516808982,-0.266092331,0.057577248,-0.186031765,-0.125380449,0.208715031
1968.416667,3.647773565,3.7,3.546739687,6.07,4.566221436,2.662843608,3.687303212,3.290749875,,,,,,,,,,,5.98,,-1.4754,,,,,,,,,,,5.5,5.243861181,6.2963724,3.058800965,2.530278279,-0.352143007,-0.087794866,-0.017476428,-0.137397189,-0.185956336
1968.5,3.646238097,3.7,3.552486829,6.02,4.558707312,2.696517285,3.695855068,3.292906651,,,,,,,,,,,5.65,,-0.22449,,,,,,,,,,,6,5.249652195,6.301886107,3.0706542,2.559395502,-0.177158489,0.192821348,-0.188154097,0.019863036,-0.020924307
1968.583333,3.649025741,3.5,3.555348061,6.03,4.559649671,2.701361213,3.697046017,3.296133118,,,,,,,,,,,5.43,,0.069837,,,,,,,,,,,5.75,5.256453162,6.308826774,3.073942534,2.555287447,-0.045279659,0.189159139,-0.251534073,-0.04233791,0.06784951
1968.666667,3.652806581,3.4,3.55820113,5.78,4.568298711,2.702233316,3.687027741,3.300345207,,,,,,,,,,,5.45,,-1.7028,,,,,,,,,,,5.5,5.261134575,6.316442404,3.068145954,2.559627529,-0.20376634,0.14341408,-0.346955172,0.012968713,-0.015586459
1968.75,3.654789954,3.4,3.563882964,5.91,4.576770711,2.699413008,3.688529393,3.303547801,,,,,,,,,,,5.57,,0.90923,,,,,,,,,,,6,5.267858159,6.323641859,3.096708191,2.571542956,-0.191500442,0.070641819,-0.157337788,-0.042351929,-0.057573617
1968.833333,3.667640496,3.4,3.56671182,5.82,4.605170186,2.687983539,3.702733048,3.308021589,,,,,,,,,,,5.75,,-1.2438,,,,,,,,,,,6,5.278114659,6.33221334,3.102162217,2.572917527,-0.297189017,0.202781616,-0.120148175,-0.073857472,-0.057222349
1968.916667,3.670794401,3.4,3.572345638,6.02,4.61254294,2.694897415,3.689304364,3.310725478,,,,,,,,,,,6.19,,0.66885,,,,,,,,,,,4,5.285232127,6.340006508,3.111513307,2.566563439,-0.484235316,0.046261249,-0.11421939,-0.027188693,-0.137948413
1969,3.676827116,3.4,3.575150689,6.3,4.63356326,2.718264524,3.699027785,3.312912467,,,,,,,,,,,6.34,,1.2288,,,,,,,,,,,6.38,5.29179615,6.344407536,3.135494216,2.556684528,-0.230606402,0.062794051,-0.019620151,-0.306099284,0.099231533
1969.083333,3.68320589,3.4,3.577947893,6.61,4.655387902,2.721426998,3.707921989,3.318467734,,,,,,,,,,,6.41,,0.51399,,,,,,,,,,,7,5.294811227,6.348964151,3.120998352,2.555598078,-0.306065212,0.107530347,-0.062725683,-0.175135659,0.003758587
1969.166667,3.691017168,3.4,3.586292865,6.79,4.665606555,2.698471135,3.706793043,3.317525876,-0.2316979,-0.2316979,-0.2459423,,,,,,,,6.34,,-0.3613,,,,,,,,,,,6.25,5.298317367,6.353326018,3.102162217,2.5456097,-0.359554097,0.105086819,-0.184716304,-0.10481916,-0.096860992
1969.25,3.687328252,3.4,3.591817741,7.41,4.680092113,2.710713319,3.705244808,3.323019601,0.4568731,0.2251752,0.1589567,,,,,,,,6.26,,3.0304,,,,,,,,,,,8,5.301811256,6.355586692,3.117551597,2.523165362,-0.368201624,0.37935147,-0.022967047,0.022943733,-0.087839002
1969.333333,3.683542739,3.4,3.594568775,8.67,4.698660529,2.710912767,3.714303506,3.32991618,0.2106271,0.4358023,0.3621081,,,,,,,,6.42,,7.0494,,,,,,,,,,,9.38,5.302309388,6.35697534,3.149525747,2.52332576,-0.070463909,0.340667605,-0.201987291,-0.134001339,0.157504615
1969.416667,3.693264824,3.5,3.60004824,8.9,4.712408937,2.708583392,3.700758617,3.332561589,0.0010019,0.4368042,0.3416134,,,,,,,,7.04,,-0.5504,,,,,,,,,,,7.5,5.304796333,6.360438547,3.123377627,2.518502599,-0.143575591,0.352797009,-0.335909101,-0.202539622,0.184845838
1969.5,3.698530235,3.5,3.605497845,8.61,4.712408937,2.686349774,3.70713677,3.331954479,0.1707941,0.6075983,0.5217827,,,,,,,,7.6,,-2.4577,,,,,,,,,,,8.75,5.306781445,6.362165663,3.109507288,2.504627574,-0.447413212,0.38726747,-0.148819015,-0.254881127,-0.042213105
1969.583333,3.700825317,3.5,3.608211551,9.19,4.729421148,2.707049701,3.717636965,3.336694415,0.2883907,0.895989,0.8302737,,,,,,,,7.54,,4.1788,,,,,,,,,,,9.75,5.306781445,6.363200502,3.10731837,2.530915171,-0.213002997,0.215786945,-0.002220092,-0.25641851,-0.276021137
1969.666667,3.700600494,3.7,3.61361697,9.15,4.735145262,2.727787467,3.70674393,3.340704001,0.006364,0.902353,0.8583821,,,,,,,,7.82,,-0.91653,,,,,,,,,,,8.5,5.308762624,6.366642254,3.10315067,2.544982101,-0.216751616,0.254201863,-0.311269369,-0.085645457,0.104808685
1969.75,3.700894484,3.7,3.618993327,9,4.732859547,2.710979241,3.72042657,3.346424356,0.0959223,0.9982753,0.9459605,,,,,,,,7.64,,-0.451,,,,,,,,,,,9,5.312713247,6.368873057,3.121174789,2.545844948,0.079399894,0.404722983,-0.023872031,-0.224503811,-0.023308065
1969.833333,3.691423715,3.5,3.624340933,8.85,4.73821396,2.700689847,3.715375318,3.350745838,0.0009498,0.9992251,0.9414852,,,,,,,,7.89,,-0.577,,,,,,,,,,,9.25,5.316157285,6.372295374,3.136233073,2.562561894,-0.155255611,0.30167862,-0.181212855,-0.097354004,0.147600025
1969.916667,3.688734444,3.5,3.629660094,8.97,4.741273269,2.698336509,3.715764783,3.349342526,0.0618979,1.061123,1.0063684,,,,,,,,8.17,,1.6813,,,,,,,,,,,5,5.317629678,6.376556865,3.139572844,2.568711502,0.245888369,0.445882435,-0.031448245,-0.192567925,0.235099908
1970,3.67004316,3.9,3.634951112,8.98,4.754279609,2.685940916,3.728532766,3.35564198,-0.1314878,0.9296352,0.84664,,,,,,,,8.1,,0.55237,,,,,,,,,,,9.38,5.328846572,6.379444341,3.160271661,2.574747354,-0.066634294,0.32098998,0.063856369,-0.354100643,0.110730177
1970.083333,3.669385679,4.2,3.640214282,8.98,4.758749274,2.703104659,3.722120788,3.363945396,-0.3475334,0.5821018,0.4868707,,,,,,,,7.59,,2.2295,,,,,,,,,,,8.5,5.323009979,6.373831604,3.137535609,2.566409829,0.528671186,0.478967664,-0.035354649,-0.269537982,0.346385931
1970.166667,3.668084735,4.4,3.645449896,7.76,4.761660983,2.674355525,3.726512369,3.358846441,-0.0914939,0.4906079,0.3487917,,,,,,,,6.97,,-8.2846,,,,,,,,,,,7.5,5.326418797,6.375535763,3.126102425,2.57816928,0.176835353,0.297465379,-0.231334478,0.0331285,-0.18486233
1970.25,3.665511027,4.6,3.650658241,8.1,4.75617306,2.68954673,3.718511069,3.361832658,-0.0954716,0.3951363,0.2070193,,,,,,,,7.06,,4.7088,,,,,,,,,,,8.5,5.331268467,6.377406989,3.150596984,2.592564524,0.261797385,0.217888518,-0.32904027,0.083088534,-0.082621578
1970.333333,3.664345954,4.8,3.653252276,7.94,4.7447582,2.700891304,3.727450918,3.365984626,0.2176629,0.6127992,0.5026928,,,,,,,,7.75,,-0.22378,,,,,,,,,,,7.88,5.33368451,6.382661683,3.138576418,2.568021556,0.398691395,0.449820637,0.029516198,-0.121580887,-0.181886989
1970.416667,3.661104784,4.9,3.658420247,7.6,4.734266759,2.707650121,3.729301369,3.369534701,-0.1733587,0.4394405,0.3228155,,,,,,,,7.55,,-0.85256,,,,,,,,,,,5.75,5.335613151,6.388897484,3.122320871,2.579989531,0.327889176,0.180391474,0.244329476,-0.351000308,-0.258690555
1970.5,3.663556518,5,3.660994251,7.21,4.726768158,2.698942182,3.728292456,3.372214747,-0.2318805,0.20756,0.0802281,,,,,,,,7.1,,-1.1372,,,,,,,,,,,6.75,5.33753808,6.395428529,3.143634903,2.549367043,0.291957477,0.204641409,0.079827894,-0.035580058,-0.054358221
1970.583333,3.661772868,5.1,3.663561646,6.61,4.726502471,2.706715978,3.731004599,3.376460601,-0.4497683,-0.2422083,-0.4017793,,,,,,,,6.98,,-3.0311,,,,,,,,,,,6.5,5.346631227,6.405063155,3.151709855,2.59860729,0.049840944,0.035066478,-0.124373425,0.05505692,-0.118632882
1970.666667,3.654854619,5.4,3.668676747,6.29,4.719212902,2.703372612,3.737479124,3.382592037,-0.2516544,-0.4938627,-0.674098,,,,,,,,6.73,,-0.83019,,,,,,,,,,,5,5.355642433,6.415424238,3.164841936,2.628068603,0.495922121,0.004634587,0.005997093,-0.042901898,0.002147871
1970.75,3.634650275,5.5,3.673765816,6.2,4.708628894,2.66792241,3.737002729,3.380620455,-0.0083306,-0.5021933,-0.6847867,,,,,,,,6.43,,0.99557,,,,,,,,,,,6.13,5.360822572,6.423896103,3.158701102,2.640270879,0.445454325,0.252182487,-0.026080923,0.076049431,-0.022519296
1970.833333,3.628574625,5.9,3.678829118,5.6,4.693181063,2.608450836,3.740118997,3.381028687,-0.3597735,-0.8619668,-1.0324806,,,,,,,,5.51,,-2.5794,,,,,,,,,,,5.5,5.364573162,6.4314921,3.158063685,2.642978204,0.983710536,0.450712488,-0.011714191,-0.167191937,0.208875736
1970.916667,3.651278828,6.1,3.683866912,4.9,4.675255794,2.625610178,3.754433085,3.384830844,-0.2586008,-1.1205676,-1.2635088,,,,,,,,5,,-2.838,,,,,,,,,,,3,5.367843429,6.440148774,3.174171303,2.65500098,0.649174806,0.282288236,-0.118145635,0.134862606,-0.206090152
1971,3.658943306,5.9,3.686376324,4.14,4.67404305,2.732417558,3.751455113,3.384864727,-0.6886783,-1.8092459,-1.944308,,,,,,,,4.57,,-3.4066,,,,,,,,,,,4,5.37296091,6.450312432,3.214466116,2.656054906,-0.475646703,-0.15128363,-0.189562131,0.586309177,-0.904152545
1971.083333,3.657035267,5.9,3.686376324,3.72,4.699297849,2.726544784,3.751596004,3.39020384,-0.0697358,-1.8789817,-1.9725748,,,,,,,,3.89,,-2.2934,,,,,,,,,,,3.38,5.381738975,6.463029457,3.208017082,2.673320721,0.000136951,-0.14742594,-0.17470785,0.240955507,-0.26699682
1971.166667,3.655950705,6,3.688879454,3.71,4.694462293,2.749511991,3.740783812,3.392022084,-0.106141,-1.9851227,-2.0382259,,,,,,,,3.69,,-0.097378,,,,,,,,,,,4.5,5.388158071,6.476818505,3.20254317,2.672699324,0.196264045,-0.082159285,-0.181430246,0.24232694,0.024323097
1971.25,3.661551936,5.9,3.691376334,4.15,4.698022803,2.754042805,3.751126289,3.39544755,0.4169878,-1.5681349,-1.5770033,,,,,,,,4.3,,2.6211,,,,,,,,,,,4.25,5.393627546,6.489812649,3.212455257,2.681432403,0.192743859,0.004260746,-0.162047329,0.027092382,-0.010353941
1971.333333,3.666613395,5.9,3.696351469,4.63,4.689327494,2.74541021,3.746251734,3.399796401,0.065413,-1.5027219,-1.5705694,,,,,,,,5.04,,2.3064,,,,,,,,,,,4.88,5.402677382,6.50234017,3.225255432,2.68771143,-0.267034793,0.029008103,0.040960437,-0.121742326,-0.150695099
1971.416667,3.670796947,5.9,3.701301974,4.91,4.683426684,2.776456234,3.753285154,3.401897137,0.4396511,-1.0630708,-1.2225631,,,,,,,,5.64,,1.0432,,,,,,,,,,,4.75,5.409411414,6.51174533,3.213420974,2.67855273,-0.281763565,0.136284248,0.121927034,-0.187604428,-0.091667874
1971.5,3.667890724,6,3.703768067,5.31,4.685182124,2.754870172,3.746487767,3.404192891,-0.1096186,-1.1726894,-1.3403499,,,,,,,,6.04,,1.7811,,,,,,,,,,,5.5,5.415655859,6.52150439,3.228865759,2.660399388,-0.08381005,0.129002509,0.149988636,-0.166985843,-0.222666835
1971.583333,3.662070792,6.1,3.706228092,5.56,4.684535741,2.77371309,3.746912485,3.40966146,0,-1.1726894,-1.3403499,,,,,,,,5.8,,1.5822,,,,,,,,,,,5.75,5.41876352,6.530148499,3.222708471,2.665838352,-0.083830698,-0.032577564,0.037417491,-0.238434768,-0.082802448
1971.666667,3.678192552,6,3.708682081,5.55,4.677025623,2.82506257,3.75114978,3.411477691,0,-1.1726894,-1.3403499,,,,,,,,5.41,,-0.064972,,,,,,,,,,,5.38,5.422744945,6.540308238,3.23266038,2.703238644,0.103092652,0.074338567,-0.224209596,-0.019989742,0.255992638
1971.75,3.685649243,5.8,3.711130063,5.2,4.669833699,2.827727737,3.747407763,3.417956165,-0.2995516,-1.472241,-1.6625306,,,,,,,,4.91,,-1.3591,,,,,,,,,,,5.13,5.425830687,6.548792005,3.235378897,2.698269189,-0.336633828,-0.248136984,-0.343271941,0.221597189,-0.215471807
1971.833333,3.689883949,6,3.713572067,4.91,4.66192852,2.82755028,3.757728982,3.421098043,-0.3463425,-1.8185835,-2.0045754,,,,,,,,4.67,,-0.80415,,,,,,,,,,,4.25,5.428468051,6.557630266,3.237697579,2.698942182,-0.124474029,-0.172105688,-0.144145839,0.120224815,-0.236537513
1971.916667,3.701361232,6,3.716008122,4.14,4.669552445,2.825121873,3.759733925,3.432986704,-0.8910992,-2.7096827,-2.9254285,,,,,,,,4.6,,-3.6081,,,,,,,,,,,3,5.430660554,6.565687416,3.245322995,2.714959609,-0.128956924,-0.043013842,-0.288848456,0.018923832,-0.08907494
1972,3.725107714,5.8,3.718438256,3.5,4.703475875,2.848623409,3.74662936,3.434890023,-0.2699292,-2.9796119,-3.1567563,,,,,,,,4.28,,-3.5278,,,,,,,,,,,3.13,5.438513997,6.576051654,3.295132915,2.730920015,-0.411627724,-0.024488694,-0.137234862,0.188888908,-0.076630304
1972.083333,3.734533754,5.7,3.723280881,3.29,4.721529987,2.836736542,3.754362841,3.438043483,-0.0824862,-3.0620981,-3.2416378,,,,,,,,4.27,,-1.79,,,,,,,,,,,3.25,5.44802964,6.587136706,3.273212484,2.729876922,-0.714719788,-0.230897662,-0.326463931,0.273847699,-0.237034936
1972.166667,3.741801546,5.8,3.723280881,3.83,4.739526238,2.862829255,3.773588182,3.44925712,0.2305502,-2.8315479,-2.9879769,,,,,,,,4.67,,2.4319,,,,,,,,,,,4,5.456602346,6.597827598,3.277710611,2.733197995,-0.420120885,-0.068123679,-0.031804814,0.098570606,-0.029594116
1972.25,3.752206304,5.7,3.725693427,4.17,4.750135956,2.864712011,3.777645541,3.451763745,-0.1424142,-2.9739621,-3.0921608,,,,,,,,4.96,,0.44498,,,,,,,,,,,4.31,5.462135452,6.604485683,3.301708483,2.74303117,-0.476810931,-0.1954866,-0.144695451,-0.107605298,0.080146628
1972.333333,3.751746266,5.7,3.728100167,4.27,4.782814153,2.877961738,3.788634287,3.450495353,-0.137422,-3.1113841,-3.2061368,,,,,,,,4.64,,-1.8085,,,,,,,,,,,4.75,5.463407986,6.611099732,3.309776296,2.749064177,-0.447948035,-0.163562634,-0.015790846,-0.071561965,-0.099563064
1972.416667,3.7544963,5.7,3.730501129,4.46,4.780383204,2.880040799,3.788521148,3.456316681,-0.0932506,-3.2046347,-3.2570259,,,,,,,,4.93,,-1.4224,,,,,,,,,,,4.5,5.466370952,6.619673127,3.296022034,2.760579398,-0.266988314,0.013535555,-0.217094712,-0.024722311,0.229834905
1972.5,3.754156765,5.6,3.73289634,4.55,4.786074072,2.893754917,3.794702363,3.462511961,0,-3.2046347,-3.2570259,,,,,,,,4.96,,-1.6858,,,,,,,,,,,4.5,5.475626382,6.632660322,3.310725478,2.747078588,-0.295389045,-0.038481718,-0.193537924,-0.094336372,0.144877353
1972.583333,3.767244602,5.6,3.735285827,4.8,4.795459912,2.905424561,3.798249421,3.467234779,0,-3.2046347,-3.2570259,,,,,,,,4.98,,0.72903,,,,,,,,,,,5.13,5.48438191,6.644700776,3.309995418,2.748744187,-0.01822282,-0.005150751,-0.063509722,-0.124359308,0.025240198
1972.666667,3.774692405,5.5,3.740047741,4.87,4.809742352,2.899771882,3.802899864,3.469229792,0,-3.2046347,-3.2570259,,,,,,,,5.52,,-0.45351,,,,,,,,,,,4.88,5.49388415,6.657112054,3.305823867,2.738191358,-0.674295083,-0.160557255,-0.22362623,0.065359843,-0.103855834
1972.75,3.788355943,5.6,3.742420221,5.04,4.82414506,2.941223288,3.819381262,3.478096692,0,-3.2046347,-3.2570259,,,,,,,,5.52,,0.86706,,,,,,,,,,,4.88,5.501258211,6.668101176,3.333988632,2.749639901,-0.494321755,0.036381267,0.081420714,-0.108585472,0.102461935
1972.833333,3.799731862,5.3,3.747148362,5.06,4.837709459,2.951623634,3.816678825,3.484404309,0.0124695,-3.1921652,-3.2215014,,,,,,,,5.27,,-0.26707,,,,,,,,,,,5.19,5.506956232,6.676957509,3.258096538,2.76209637,-0.734819888,-0.255446023,-0.286420227,-0.038188885,-0.090279237
1972.916667,3.8110816,5.2,3.749504076,5.33,4.873516522,2.960830222,3.815952537,3.48966603,-0.0227062,-3.2148714,-3.2496506,,,,,,,,5.52,,0.67476,,,,,,,,,,,5.5,5.518255787,6.687482603,3.231476107,2.74695035,-0.695167157,-0.065308096,-0.189131835,0.097478095,0.1873733
1973,3.817670567,4.9,3.75419892,5.94,4.900969227,2.996132194,3.82327922,3.49316866,0.2663275,-2.9485439,-2.9700395,,,,,,,,5.89,0.0838,2.514,,,,,,,,,,,6.5,5.52744299,6.697404549,3.273212484,2.743932013,-0.73715145,-0.03387,-0.131938881,0.021418569,0.154829568
1973.083333,3.832432029,5,3.761200116,6.58,4.96284463,3.012835181,3.827793211,3.49702258,0.2003921,-2.7481518,-2.7445412,,,,,,,,6.19,0.0521,2.5659,,,,,,,,,,,7.5,5.530222424,6.702083209,3.246646622,2.716018371,-0.678496344,0.03394068,-0.065527702,-0.083760827,0.34994349
1973.166667,3.832951659,4.9,3.770459441,7.09,5.009768252,3.029698823,3.818942338,3.500197714,0.0389239,-2.7092279,-2.6799824,,,,,,,,6.85,-0.0523,0.98655,,,,,,,,,,,7.38,5.528237902,6.703556144,3.259480196,2.714628516,-1.0017417,0.243713632,-0.109730084,0.110858607,0.20090836
1973.25,3.831318245,5,3.777348102,7.12,5.029587887,3.012097628,3.814740883,3.500861705,-0.092673,-2.8019009,-2.7439434,,,,,,,,6.85,-0.1055,-3.5939,,,,,,,,,,,7.63,5.532203014,6.70893842,3.278125384,2.709382646,-0.640929133,0.573163419,0.066602131,0.011764706,0.429202629
1973.333333,3.837702395,4.9,3.78191432,7.84,5.082521753,3.015779969,3.813020016,3.50501671,0.287436,-2.5144649,-2.4267627,,,,,,,,6.89,-0.016,2.2418,,,,,,,,,,,8.13,5.540871311,6.717562828,3.273591257,2.696584723,-0.339886729,0.374795954,-0.135844509,-0.091881296,0.419959492
1973.416667,3.838361395,4.9,3.788724789,8.49,5.143124477,2.974917134,3.816810821,3.510051787,0.358856,-2.1556089,-2.0175988,,,,,,,,7.31,0.0572,1.4889,,,,,,,,,,,8.88,5.547908088,6.725393721,3.26201194,2.701025586,-0.456989112,0.33870545,-0.177445392,-0.026207619,0.160674555
1973.5,3.842754382,4.8,3.788724789,10.4,5.204446151,2.987952086,3.835552244,3.509274205,0.0822849,-2.073324,-1.9059519,,,,,,,,8.39,-0.3679,11.521,,,,,,,,,,,11.22,5.55101972,6.72922652,3.303584553,2.710380816,-0.480997059,0.44643511,-0.10058207,-0.155595988,0.379030178
1973.583333,3.840915757,4.8,3.80666249,10.5,5.336576079,2.97517236,3.803345885,3.509991994,0.2459116,-1.8274124,-1.5865508,,,,,,,,8.82,-0.2306,-2.2216,,,,,,,,,,,11.22,5.551796118,6.731972299,3.311199732,2.683142565,-0.236890564,0.116251905,-0.167410049,-0.521433789,0.027661736
1973.666667,3.849790091,4.8,3.811097087,10.78,5.274024674,3.012982627,3.819425144,3.516636933,-0.6031274,-2.4305398,-2.1589483,,,,,,,,8.31,-0.3219,0.81535,,,,,,,,,,,10.82,5.552571913,6.732568211,3.317996916,2.700219622,-0.466439191,1.22616188,0.384112501,0.009944554,0.464661502
1973.75,3.856613884,4.6,3.819907717,10.01,5.257807823,2.979450441,3.814498376,3.516429017,-0.8729396,-3.3034794,-3.0083081,,,,,,,,7.4,0.1515,-6.6782,,,,,,,,,,,10.61,5.556828062,6.73649235,3.352392217,2.737479545,-0.31380623,0.158670554,-0.472804174,-0.072594868,-0.188924251
1973.833333,3.861773377,4.8,3.826465117,10.03,5.257755755,2.974763967,3.819841925,3.517824194,-0.1196041,-3.4230835,-3.1046247,,,,,,,,7.57,0.0448,0.49726,,,,,,,,,,,10.34,5.564520407,6.743941394,3.345860837,2.746308913,-0.413915528,0.500075644,-0.601161259,0.28148126,0.005544571
1973.916667,3.859410947,4.9,3.835141961,9.95,5.319736334,2.95115323,3.812401545,3.512977249,-0.1987383,-3.6218218,-3.2697719,,,,,,,,7.27,-0.0093,-0.23057,,,,,,,,,,,9.83,5.571773732,6.751686093,3.34895627,2.755124608,-0.579458267,0.575789515,-0.136744678,-0.156815267,0.132034687
1974,3.8523558,5.1,3.845883203,9.65,5.362887137,2.950368732,3.809901682,3.513900872,-0.2057967,-3.8276185,-3.4732729,,,,,,,,7.42,-0.0434,-1.8007,,,,,,,,,,,9.31,5.57519124,6.756583491,3.38048434,2.783219515,-0.134368043,0.688292784,-0.183472635,-0.102671093,0.466386732
1974.083333,3.849247196,5.2,3.856510295,8.97,5.446952866,2.93092705,3.802498276,3.513066669,0.2024596,-3.6251589,-3.2714388,,,,,,,,6.88,0.1772,-4.7039,,,,,,,,,,,8.87,5.580861261,6.761804223,3.354629746,2.76839243,-0.165066377,1.07483401,0.210518616,0.024367754,0.515628019
1974.166667,3.849506971,5.1,3.867025639,9.35,5.451038454,2.953033519,3.793757353,3.515894178,0.7552907,-2.8698682,-2.5358249,,,,,,,,7.76,-0.123,2.0507,,,,,,,,,,,9.95,5.586124431,6.768608148,3.349026509,2.761085311,-0.116518401,0.951871446,-0.158239227,0.29988092,0.304597411
1974.25,3.846553918,5.1,3.873282177,10.51,5.441638186,2.950264086,3.796185576,3.5214071,0.3919308,-2.4779374,-2.1493357,,,,,,,,8.62,0.0188,6.6503,,,,,,,,,,,11,5.587997442,6.771821002,3.386083744,2.744767784,-0.303703709,0.848123452,0.247520544,-0.024494213,0.087295502
1974.333333,3.853861971,5.1,3.883623531,11.31,5.401234901,2.962278897,3.795354349,3.524181682,0.3437911,-2.1341463,-1.758057,,,,,,,,8.78,0.0376,2.7354,,,,,,,,,,,11.64,5.589493328,6.773766639,3.397289757,2.696854428,-0.133374592,0.703307909,0.106303647,-0.345068958,0.087676502
1974.416667,3.853177051,5.4,3.891820298,11.93,5.413430174,2.937891274,3.794679873,3.526625195,0.233938,-1.9002083,-1.4805796,,,,,,,,8.67,0.6023,1.7507,,,,,,,,,,,13.31,5.592850914,6.777418777,3.394139198,2.664516199,-0.438758042,0.926896764,0.008089904,0.100541658,-0.227589271
1974.5,3.853151596,5.5,3.897924081,12.92,5.468397637,2.944544237,3.801225514,3.526654599,-0.1344257,-2.034634,-1.571417,,,,,,,,8.8,1.0932,5.2085,,,,,,,,,,,12.06,5.595826,6.781511552,3.417562736,2.652185068,-0.022597023,0.860963329,-0.251041954,-0.102141898,-0.270627728
1974.583333,3.84342934,5.5,3.910021003,12.01,5.48409129,2.990015967,3.800241922,3.528886743,-0.0443393,-2.0789733,-1.5925907,,,,,,,,9.36,0.6541,-6.9189,,,,,,,,,,,11.6,5.598792261,6.784570178,3.410289258,2.642978204,-0.087274941,1.1006532,-0.063841055,-0.116120128,-0.080569625
1974.666667,3.843939007,5.9,3.923951576,11.34,5.440337627,2.932419667,3.791232953,3.531435859,-0.4368792,-2.5158525,-2.0222003,,,,,,,,8.87,0.7393,-3.4549,,,,,,,,,,,11.11,5.602118821,6.788859124,3.405985898,2.646316631,-0.00498388,1.1795868,0.331686074,-0.166432513,-0.021939492
1974.75,3.840099415,6,3.931825633,10.06,5.444666263,2.891870634,3.789900568,3.537765824,-0.3089716,-2.8248241,-2.3024849,,,,,,,,8.05,0.7971,-6.2037,,,,,,,,,,,9.66,5.6069044,6.794922471,3.401763888,2.743159912,0.268146851,0.941875758,-0.073875662,0.008441579,-0.194152134
1974.833333,3.806611377,6.6,3.941581808,9.45,5.428468051,2.841881549,3.781367474,3.535815683,0.2858265,-2.5389976,-1.9645721,,,,,,,,7.66,0.8412,-0.38372,,,,,,,,,,,9.47,5.612032616,6.800837997,3.396117836,2.785072969,0.429651752,0.781396155,-0.140909585,0.310566594,-0.114520254
1974.916667,3.770846463,7.2,3.94931879,8.53,5.361855387,2.833036858,3.767297766,3.543448976,-0.2513332,-2.7903308,-2.1926879,,,,,,,,7.31,0.9485,-2.158,,,,,,,,,,,3.87,5.613857767,6.804725379,3.390540801,2.822746998,1.24418995,0.987498955,0.03291358,0.009673246,0.350207934
1975,3.756872159,8.1,3.956996371,7.13,5.323400147,2.867614771,3.777165019,3.543738068,-0.3687084,-3.1590392,-2.5446814,,,,,,,,6.83,0.2919,-4.5786,,,,,,,,,,,6.76,5.612763076,6.809370377,3.398226306,2.825773976,1.77505502,0.810266471,0.125303918,-0.291407,0.163279071
1975.083333,3.733542064,8.1,3.96271612,6.24,5.307921103,2.900267082,3.780227249,3.549933429,0.2339981,-2.9250411,-2.3022002,,,,,,,,5.98,0.3688,-0.31549,,,,,,,,,,,6.07,5.616771098,6.817939975,3.348534729,2.840422589,1.30899825,0.546861528,0.077824297,0.16052139,-0.15339706
1975.166667,3.722872585,8.6,3.966511191,5.54,5.291292752,2.86288636,3.787003852,3.551167908,-0.4145509,-3.339592,-2.7962224,,,,,,,,6.11,0.5126,-0.81923,,,,,,,,,,,5.39,5.621849092,6.829793738,3.327981319,2.852612199,1.44022809,0.397271104,-0.00575448,0.179856199,-0.200281046
1975.25,3.724041461,8.8,3.970291914,5.49,5.304398837,2.86231516,3.782005432,3.556861202,-0.5769329,-3.9165249,-3.4336625,,,,,,,,6.9,0.1596,3.6393,,,,,,,,,,,7.03,5.621125241,6.840653475,3.342861805,2.855722801,0.969982602,0.152565889,0.279733666,0.018415348,-0.439112333
1975.333333,3.721402306,9,3.972176928,5.22,5.270586393,2.907392742,3.816370767,3.56093244,0.1355233,-3.7810016,-3.2978096,,,,,,,,6.39,0.3206,-0.58038,,,,,,,,,,,5.23,5.631928371,6.854249011,3.322550921,2.850243967,0.436207433,0.063208824,0.596739647,-0.029044828,-0.704592979
1975.416667,3.728359749,8.8,3.979681654,5.55,5.232337808,2.918311127,3.81142889,3.56416621,0.182744,-3.5982576,-3.1268423,,,,,,,,6.29,0.213,3.3152,,,,,,,,,,,5.97,5.643324506,6.870053412,3.319987326,2.862429426,0.286514975,-0.083202392,0.030602525,0.342533665,-0.355375272
1975.5,3.737564851,8.6,3.988984047,6.1,5.275560379,2.949112253,3.810588108,3.564364434,0.0453894,-3.5528682,-3.0555084,,,,,,,,7.11,0.3523,4.9536,,,,,,,,,,,6.23,5.647917342,6.88254003,3.319987326,2.853650142,0.205812236,0.088713761,0.293820082,0.361966776,-0.53334492
1975.583333,3.748133726,8.4,3.992680908,6.14,5.326175695,2.94780174,3.815908502,3.566174953,-0.1441198,-3.696988,-3.1902563,,,,,,,,7.7,0.2681,-0.0053329,,,,,,,,,,,6.13,5.649326289,6.890710844,3.301782121,2.859969823,-0.359235294,0.236702096,0.530178483,0.160968303,-0.606852666
1975.666667,3.760502198,8.4,4.000033883,6.24,5.329428362,2.973537788,3.812865434,3.566033624,-0.1121478,-3.8091358,-3.3063753,,,,,,,,7.75,0.281,0.34924,,,,,,,,,,,6.22,5.654942309,6.899218948,3.303474293,2.859454255,-0.391743997,-0.085508018,0.354024173,0.017069697,-0.255429647
1975.75,3.764726449,8.4,4.005513349,5.82,5.30519367,2.955691224,3.803412771,3.576578241,-0.1980368,-4.0071726,-3.507034,,,,,,,,6.95,0.1017,-2.8047,,,,,,,,,,,5.65,5.653891705,6.905552855,3.307326166,2.856929871,-0.310502983,0.026563203,0.297541775,0.296617874,-0.343102089
1975.833333,3.766987985,8.3,4.012772909,5.22,5.255670792,2.986085897,3.812401545,3.576969762,-0.315378,-4.3225506,-3.7884555,,,,,,,,6.49,0.2001,-4.1392,,,,,,,,,,,5.29,5.658785109,6.914631583,3.303841778,2.878861322,-0.185029012,0.06531138,0.005048077,0.404544888,0.008412257
1975.916667,3.77935524,8.2,4.018183201,5.2,5.245232995,3.014112321,3.816194691,3.584990078,0.2369289,-4.0856217,-3.5069713,,,,,,,,6.6,-0.0285,0.84678,,,,,,,,,,,5.37,5.659830587,6.923825459,3.303915259,2.873790603,-0.024811758,0.055201354,0.109330281,0.359604715,-0.09778662
1976,3.793908165,7.9,4.021773869,4.87,5.249022075,3.023639227,3.832005297,3.591183932,-0.0995446,-4.1851663,-3.5964329,,,,,,,,5.81,-0.0741,-3.051,,,,,,,,,,,4.84,5.664348405,6.93400765,3.302076617,2.864939983,-0.393131831,-0.092271533,0.149121313,0.208396025,-0.297587891
1976.083333,3.803631233,7.7,4.02356438,4.77,5.263881189,3.038935431,3.827466794,3.588230046,-0.4622471,-4.6474134,-4.0639906,,,,,,,,5.91,0.0076,-2.2451,,,,,,,,,,,4.89,5.672635746,6.947264412,3.277295665,2.875483701,-0.514223946,-0.222881173,-0.238743074,0.509361241,-0.188780735
1976.166667,3.804524651,7.6,4.025351691,4.84,5.27831872,3.040466605,3.832784974,3.593909217,-0.2652588,-4.9126722,-4.3037372,,,,,,,,6.21,-0.0235,-0.66105,,,,,,,,,,,5.07,5.679148194,6.956545443,3.269492891,2.880545864,-0.455936068,-0.286754485,-0.054774717,0.179301544,-0.032856145
1976.25,3.810249383,7.7,4.027135813,4.82,5.309900028,3.053104553,3.845562639,3.595859151,0.1363696,-4.7763026,-4.1642787,,,,,,,,5.92,0.0254,-2.3716,,,,,,,,,,,5.1,5.68595789,6.966778619,3.279368673,2.872151212,-0.158566759,-0.139985708,0.066187375,-0.015879931,0.045944401
1976.333333,3.814842277,7.4,4.032469159,5.29,5.312072332,3.015191705,3.838634774,3.597120461,-0.2574376,-5.0337402,-4.4614733,,,,,,,,6.4,-0.0131,1.6072,,,,,,,,,,,5.67,5.690021559,6.977374621,3.266522478,2.880658066,-0.28301262,-0.088126981,-0.0902422,0.197985316,0.081332721
1976.416667,3.814751904,7.6,4.037774211,5.48,5.334842141,3.047897688,3.853715697,3.600239479,-0.0270147,-5.0607549,-4.5007158,,,,,,,,6.52,0.0633,-0.063838,,,,,,,,,,,5.71,5.691034902,6.982491625,3.25663393,2.880321422,-0.187539344,0.040239085,0.310622443,-0.048849783,-0.099692487
1976.5,3.820791098,7.8,4.043051268,5.31,5.375509862,3.053151764,3.850870744,3.606095493,-0.1440769,-5.2048318,-4.6408095,,,,,,,,6.2,0.0578,-3.3182,,,,,,,,,,,5.32,5.694405313,6.990532705,3.267475495,2.874355287,0.007078252,0.142127363,0.217303723,0.01417849,0.030513102
1976.583333,3.827747519,7.8,4.048300624,5.29,5.332138915,3.045426791,3.854521003,3.609403253,-0.0503726,-5.2552044,-4.6842775,,,,,,,,6,-0.0268,-1.6338,,,,,,,,,,,5.31,5.700443573,7.001882942,3.260555052,2.887757232,-0.206642034,0.093009232,-0.009123541,0.258908463,-0.097112396
1976.666667,3.830522235,7.6,4.053522568,5.25,5.31359999,3.051876284,3.855473818,3.614209786,-0.0077816,-5.262986,-4.6672611,,,,,,,,5.84,-0.0356,-0.80477,,,,,,,,,,,5.31,5.702448252,7.012835755,3.249598998,2.887478688,-0.115335621,0.030051967,0.00046037,0.178146244,-0.127981551
1976.75,3.830871517,7.7,4.058717385,5.02,5.280662431,3.041899954,3.862223332,3.615824773,-0.0823017,-5.3452877,-4.7086835,,,,,,,,5.5,0.0078,-2.8957,,,,,,,,,,,5.02,5.710427017,7.025538315,3.269911086,2.889426867,-0.149583116,0.168333982,-0.033949929,0.177605972,0.020428409
1976.833333,3.845293285,7.8,4.062165664,4.95,5.284117017,3.053623752,3.860477048,3.624580904,0.0016443,-5.3436434,-4.6781173,,,,,,,,5.29,-0.1798,-0.32983,,,,,,,,,,,4.69,5.715711046,7.037203346,3.277408849,2.905150895,0.074825885,0.122617419,-0.027009203,0.11859619,-0.087349546
1976.916667,3.855693895,7.8,4.06731589,4.65,5.301462416,3.100902771,3.869574689,3.630614546,-0.1194494,-5.4630928,-4.8075898,,,,,,,,4.89,0.0383,-2.0927,,,,,,,,,,,4.17,5.724238483,7.049254841,3.284251495,2.908811802,-0.382727908,-0.032727534,-0.065840147,0.248976718,-0.448476579
1977,3.85015824,7.5,4.072439727,4.61,5.334070536,3.068238964,3.86802932,3.634740008,-0.1224781,-5.5855709,-4.9052016,,,,,,,,5.29,-0.181,-0.34464,,,,,,,,,,,4.65,5.731073335,7.060648025,3.3010455,2.909793049,-0.30690094,0.058290966,-0.150298322,0.353592126,-0.207412866
1977.083333,3.865314972,7.6,4.082609306,4.68,5.361057396,3.10315067,3.863525798,3.638112337,-0.1395348,-5.7251057,-4.9932505,,,,,,,,5.47,-0.0907,-0.5177,,,,,,,,,,,4.73,5.741399338,7.071233748,3.261973628,2.902904011,-0.127737428,0.231204973,0.12334845,-0.056809303,0.092574784
1977.166667,3.877744141,7.4,4.087655574,4.69,5.386419815,3.132969292,3.858706613,3.633815903,-0.2478156,-5.9729213,-5.2207578,,,,,,,,5.5,0.041,-1.3478,,,,,,,,,,,4.72,5.749074464,7.080447287,3.256094535,2.906955703,-0.578047155,0.248176492,0.132998051,0.228839421,-0.201560534
1977.25,3.886614937,7.2,4.094344562,4.73,5.397257314,3.126277963,3.864679794,3.634924727,-0.085265,-6.0581863,-5.2712219,,,,,,,,5.44,0.0126,-1.7361,,,,,,,,,,,5.12,5.755742214,7.089743447,3.273742726,2.912676698,-0.640681689,0.064043833,-0.022614202,0.185206847,-0.100184587
1977.333333,3.895238938,7,4.097672352,5.35,5.387518012,3.12152757,3.865560131,3.641132496,-0.0841385,-6.1423248,-5.3211125,,,,,,,,5.84,-0.0946,2.9164,,,,,,,,,,,5.47,5.75953249,7.097548851,3.260324823,2.911208708,-0.479912076,0.155744447,-0.083762262,0.223268583,-0.047726359
1977.416667,3.902588641,7.2,4.102643365,5.39,5.339939041,3.127593522,3.85986618,3.64223324,-0.1610702,-6.303395,-5.4659285,,,,,,,,5.8,-0.1581,-2.0711,,,,,,,,,,,5.64,5.764563947,7.104801231,3.251575321,2.901861058,-0.500694975,0.077263503,0.01586338,-0.039193911,-0.031165257
1977.5,3.904379871,6.9,4.107589789,5.42,5.318365062,3.130612756,3.870409031,3.650268555,-0.2676827,-6.5710777,-5.7061043,,,,,,,,5.94,-0.0814,-0.69178,,,,,,,,,,,5.86,5.768945801,7.112082916,3.284438821,2.913708438,-0.423329122,0.070364085,-0.175521931,0.109831304,-0.119034811
1977.583333,3.904553176,7,4.112511866,5.9,5.302508571,3.140265424,3.86553918,3.64941071,0.0024756,-6.5686021,-5.6756526,,,,,,,,6.37,-0.1449,2.0856,,,,,,,,,,,6.03,5.775482789,7.120444372,3.276163119,2.882451587,-0.299058313,0.13635579,-0.12655447,-0.014281584,0.023111816
1977.666667,3.909174954,6.8,4.115779843,6.14,5.304796333,3.148238745,3.868990236,3.650943915,0.0441249,-6.5244772,-5.6049795,,,,,,,,6.53,-0.0914,0.78472,,,,,,,,,,,6.46,5.782285536,7.1278542,3.268998434,2.904000683,-0.236883326,0.116296518,-0.044468976,-0.125833572,0.034457347
1977.75,3.911420824,6.8,4.120661871,6.47,5.314830275,3.148024084,3.883973264,3.657672544,-0.0372709,-6.5617481,-5.630138,,,,,,,,6.97,-0.1111,1.4931,,,,,,,,,,,6.6,5.788123623,7.134093721,3.292535125,2.871188938,-0.301247893,0.071354349,-0.159530421,-0.039698598,-0.021302203
1977.833333,3.912125,6.8,4.127134385,6.51,5.327390614,3.162390126,3.895344692,3.658265595,-0.0659826,-6.6277307,-5.6790066,,,,,,,,6.95,-0.0942,0.085408,,,,,,,,,,,6.56,5.794841206,7.14076995,3.294465556,2.898670561,-0.351045257,0.075054759,-0.025240042,-0.11548703,-0.036180101
1977.916667,3.913711579,6.4,4.131961426,6.56,5.359788689,3.171029215,3.889306938,3.663253906,-0.1152749,-6.7430056,-5.8010284,,,,,,,,6.96,-0.2473,-0.052168,,,,,,,,,,,6.53,5.801816215,7.147008372,3.300787554,2.913437031,-0.349072999,0.242248777,-0.135478588,0.101436584,0.119772157
1978,3.899932205,6.4,4.138361448,6.7,5.384495063,3.101577672,3.881728733,3.66704276,-0.2165074,-6.959513,-6.0054168,,,,,,,,7.28,-0.2437,-0.3043,,,,,,,,,,,6.79,5.812337881,7.154380954,3.337902531,2.934175968,-0.454426905,0.04232724,-0.079903256,0.06375188,0.007537286
1978.083333,3.904909766,6.3,4.143134726,6.78,5.395126422,3.13645028,3.896117176,3.676123441,0.0573472,-6.9021658,-5.900062,,,,,,,,7.34,-0.2429,-0.36898,,,,,,,,,,,6.83,5.815025653,7.158903027,3.315276319,2.952563778,0.104312286,0.402140272,0.084412755,-0.227939513,0.433303301
1978.166667,3.923753928,6.3,4.149463861,6.79,5.422170829,3.162051473,3.903486674,3.683263715,-0.0014195,-6.9035853,-5.8583221,,,,,,,,7.31,-0.2266,-1.2115,,,,,,,,,,,6.97,5.82008293,7.164101471,3.300713843,2.942226006,-0.418116187,0.116514114,-0.060181261,0.061956767,-0.114453341
1978.25,3.944308185,6.1,4.157319361,6.89,5.429345629,3.198877178,3.896604753,3.688154191,-0.0921419,-6.9957272,-5.9242691,,,,,,,,7.45,-0.1779,-0.19105,,,,,,,,,,,7.25,5.828651457,7.170427188,3.32991618,2.936565963,-0.727891261,0.099951215,-0.112278609,0.265890685,-0.345425215
1978.333333,3.947747228,6,4.166665224,7.36,5.429784129,3.209269835,3.903163879,3.688754446,-0.2391022,-7.2348294,-6.1394669,,,,,,,,7.82,-0.1218,0.91535,,,,,,,,,,,7.43,5.84325452,7.178164023,3.32970138,2.914684895,-0.879564892,0.294133429,-0.112407317,0.263751448,-0.176862744
1978.416667,3.954691614,5.9,4.17438727,7.6,5.436556411,3.208542621,3.90469623,3.694165459,0.1988957,-7.0359337,-5.897262,,,,,,,,8.09,-0.3669,-0.85552,,,,,,,,,,,8.01,5.849036554,7.184250006,3.330560302,2.932472934,-0.460873822,0.41039907,0.009463527,0.005051546,0.14933589
1978.5,3.954411772,6.2,4.182050143,7.81,5.433154157,3.19068209,3.902093874,3.691850038,-0.150788,-7.1867217,-6.0409553,,,,,,,,8.39,-0.2592,-1.6285,,,,,,,,,,,8,5.851052393,7.188488262,3.356897123,2.93391006,-0.67976823,0.345790023,-0.012853562,0.1052489,0.044355132
1978.583333,3.957953848,5.9,4.188138442,8.04,5.465017542,3.215028433,3.906809438,3.69892879,-0.0950329,-7.2817546,-6.1042961,,,,,,,,8.31,-0.3066,-0.0469,,,,,,,,,,,8.4,5.856789644,7.195562344,3.333952981,2.932366398,-0.271468135,0.337618488,-0.005763806,-0.035178626,0.247285087
1978.666667,3.960611244,6,4.197201948,8.45,5.493267183,3.169811623,3.91870066,3.701573542,-0.1752538,-7.4570084,-6.2620704,,,,,,,,8.64,-0.2386,0.71423,,,,,,,,,,,8.9,5.864199196,7.204149292,3.339144657,2.940959248,-0.390924864,0.15801028,-0.276544117,0.235677111,0.141299036
1978.75,3.96870953,5.8,4.206184044,8.96,5.525612289,3.196507509,3.91152288,3.701573542,0.1244038,-7.3326046,-6.1306789,,,,,,,,9.14,-0.4571,2.7242,,,,,,,,,,,9.35,5.867317554,7.209562125,3.35766338,2.935557551,-0.407276453,0.356565654,0.101486011,0.019604896,0.003899125
1978.833333,3.975996367,5.9,4.212127598,9.76,5.530222424,3.199733779,3.922012939,3.701203204,0.1484506,-7.184154,-5.9638349,,,,,,,,10.01,-0.2158,2.9267,,,,,,,,,,,9.94,5.873243916,7.214577995,3.39618484,2.953294391,-0.624144479,0.435647781,0.061709659,-0.032553591,0.031771298
1978.916667,3.981580784,6,4.218036035,10.03,5.524456427,3.203396638,3.932452887,3.70512183,-0.0601637,-7.2443177,-6.0068871,,,,,,,,10.3,-0.3683,-0.14616,,,,,,,,,,,10.84,5.878575765,7.21964204,3.445118569,2.938367956,-0.704646472,0.311470185,0.075460736,-0.273524865,0.027805197
1979,3.975035363,5.9,4.226833745,10.07,5.54259599,3.183331545,3.924504783,3.708584037,0,-7.2443177,-6.0068871,,,,,,,,10.41,-0.2368,-0.65247,,,,,,,,,,,10.57,5.882207561,7.223733221,3.465423354,2.934813859,-0.439494405,0.224523163,0.022260552,-0.050078007,0.08108212
1979.083333,3.980378607,5.9,4.237000863,10.06,5.59117353,3.190147078,3.926714554,3.714400991,-0.1817765,-7.4260942,-6.1581399,,,,,,,,10.24,-0.302,-0.53742,,,,,,,,,,,10.24,5.885826215,7.228243303,3.421849321,2.913599884,-0.159968349,0.471959209,0.095471432,-0.009276487,0.226415919
1979.166667,3.983727663,5.8,4.247065649,10.09,5.625280247,3.190435197,3.928093186,3.715326624,0.0737062,-7.352388,-6.0261853,,,,,,,,10.25,-0.102,-0.4473,,,,,,,,,,,10.07,5.893024474,7.235475038,3.415724681,2.914467987,-0.322452751,0.453597579,0.05555111,0.194243206,0.110539944
1979.25,3.972805732,5.8,4.257030144,10.01,5.621487232,3.17073545,3.914380225,3.718389711,-0.1019559,-7.4543439,-6.0899902,,,,,,,,10.12,-0.1779,-1.2084,,,,,,,,,,,10.43,5.908082938,7.245726392,3.433438667,2.922462412,-0.47858975,0.47847832,0.026104564,0.20220525,0.058925814
1979.333333,3.980533627,5.6,4.268297869,10.24,5.624450625,3.175091112,3.923042072,3.717394022,0.0686255,-7.3857184,-5.9840089,,,,,,,,10.12,-0.2693,1.7432,,,,,,,,,,,10.31,5.91242134,7.251486817,3.40747762,2.878524073,0.269596203,0.830645162,0.091320564,0.00394329,0.456886686
1979.416667,3.980281474,5.7,4.279440046,10.29,5.627800954,3.149354242,3.93597388,3.721201426,0,-7.3857184,-5.9840089,,,,,,,,9.57,-0.161,-1.6524,,,,,,,,,,,10.54,5.922650231,7.260522598,3.399529325,2.911807039,-0.584020942,0.545247241,0.168325154,0.219641904,-0.285417115
1979.5,3.978879463,5.7,4.290459441,10.47,5.639208397,3.175508928,3.923773695,3.71994198,0.6975303,-6.6881881,-5.2198102,,,,,,,,9.64,-0.2219,0.68654,,,,,,,,,,,10.81,5.932775551,7.268780746,3.412928305,2.935026398,-0.193445439,0.582720963,-0.261141767,0.330995261,0.136583767
1979.583333,3.972097829,6,4.300002799,10.94,5.632823386,3.194706076,3.940979685,3.724584379,0.3598159,-6.3283722,-4.8993259,,,,,,,,9.98,-0.3151,2.5123,,,,,,,,,,,11.29,5.937008361,7.276971254,3.407510744,2.940378113,-0.083788033,0.690110313,0.01110549,0.169891131,0.122505495
1979.666667,3.973163259,5.9,4.309455942,11.43,5.638781624,3.207329421,3.94357981,3.724391375,-0.1433239,-6.4716961,-5.1222612,,,,,,,,10.84,-0.0869,3.4112,,,,,,,,,,,12.16,5.938327449,7.282142432,3.412038405,2.926757259,0.148428297,0.760347948,0.042741975,-0.059532882,0.069161405
1979.75,3.97843789,6,4.320151231,13.77,5.648410699,3.170189655,3.93977435,3.730333249,0,-6.4716961,-5.1222612,,,,,,,,12.44,-0.9129,15.857,,,,,,,,,,,14.82,5.942274303,7.28646565,3.453093827,2.909793049,-0.294888336,0.625010563,0.382680722,-0.02673483,-0.13645946
1979.833333,3.977675905,5.9,4.33073334,13.18,5.638461425,3.166023421,3.945032159,3.73301595,0.1038529,-6.3678432,-5.0760778,,,,,,,,12.39,-0.1627,-6.4656,,,,,,,,,,,13.96,5.942274303,7.290224667,3.473828073,2.917338206,-0.337636984,0.767496225,0.498803536,-0.586806235,-0.188850769
1979.916667,3.978542688,6,4.342505877,13.78,5.655537162,3.163320831,3.939443601,3.731531773,0,-6.3678432,-5.0760778,,,,,,,,11.98,0.1323,3.2317,,,,,,,,,,,14.77,5.944896911,7.295531524,3.486640863,2.957407159,-0.060167493,0.668526358,0.248667988,-0.121486378,-0.095769308
1980,3.983137358,6.3,4.356708827,13.82,5.658227073,3.19392718,3.943250318,3.736049259,0.0847353,-6.2831079,-5.0889509,,,,,,,,12.06,-0.0995,-0.15351,,,,,,,,,,,13.4,5.9553191,7.301620029,3.493715789,2.967949893,0.045158447,0.687679377,-0.03471883,0.355372967,-0.201551189
1980.083333,3.983368308,6.3,4.369447852,14.13,5.683987847,3.153504957,3.943657322,3.730525109,0.2826824,-6.0004255,-4.8941267,,,,,,,,13.92,-0.5858,2.2262,,,,,,,,,,,16.33,5.966403117,7.309613891,3.469759049,2.945859023,-0.152108875,0.962084735,0.223064223,0.277172087,-0.193398834
1980.166667,3.980212354,6.3,4.383275854,17.19,5.653786584,3.102476831,3.935837184,3.732776715,1.433455,-4.5669705,-3.4715007,,,,,,,,15.82,0.2606,21.341,,,,,,,,,,,19.85,5.962035736,7.313087045,3.47797322,2.889148788,-0.272745374,0.900697928,0.913520469,-0.37739968,-0.156279881
1980.25,3.959776442,6.9,4.393213824,17.61,5.607785392,3.044236683,3.930962515,3.72588618,-3.250249,-7.8172195,-6.6908517,,,,,,,,13.3,-0.7332,0.99918,,,,,,,,,,,14.64,5.950121584,7.314685979,3.526595791,2.929912933,-0.010342996,1.03021234,0.907796299,-0.694346454,-0.286720131
1980.333333,3.935214003,7.5,4.403054002,10.98,5.57538076,3.020912572,3.927856984,3.7241018,-0.7961999,-8.6134194,-7.4568899,,,,,,,,9.39,0.0239,-45.37,,,,,,,,,,,11.06,5.952723719,7.32138695,3.495961958,3.003898836,1.3001318,0.907557453,-0.680680838,0.441528971,0.046483838
1980.416667,3.922875899,7.6,4.412798293,9.47,5.561834812,3.044236683,3.923061853,3.730237305,0,-8.6134194,-7.4568899,,,,,,,,8.16,-0.0822,-1.4354,,,,,,,,,,,10.44,5.96383638,7.332500002,3.476644932,3.020571217,1.7817469,0.67467509,-1.11073888,1.51318753,0.201140932
1980.5,3.915000568,7.8,4.414009681,9.03,5.615315493,3.095125017,3.922587009,3.734259047,0.4034276,-8.2099918,-7.0527245,,,,,,,,8.65,0.0967,5.1973,,,,,,,,,,,9.93,5.976350909,7.343102762,3.452777302,3.027909005,1.0024173,0.602891872,-0.306144539,0.653598536,-0.274434809
1980.583333,3.918919172,7.7,4.421247348,9.61,5.665388087,3.073433781,3.929312674,3.737336229,-0.0878418,-8.2978336,-7.2524308,,,,,,,,10.24,-0.0379,9.2972,,,,,,,,,,,10.74,5.989462544,7.353402177,3.37152824,3.024951212,0.569213819,0.281960125,0.476040394,-0.023170116,-0.289343222
1980.666667,3.934989251,7.5,4.429625613,10.87,5.679421474,3.071025258,3.922587009,3.742017296,0.8627606,-7.435073,-6.4809055,,,,,,,,11.52,-0.072,9.9337,,,,,,,,,,,13.19,6.003393118,7.361375429,3.379803489,2.996332094,-0.35067232,0.281447207,0.755484511,-0.182513473,-0.333426911
1980.75,3.947363122,7.5,4.439115602,12.81,5.69238443,3.11564637,3.930177216,3.749339356,1.282706,-6.152367,-5.2645945,,,,,,,,12.49,-0.2977,11.499,,,,,,,,,,,13.77,6.013715156,7.368213495,3.402429955,2.987548881,-0.453279794,0.28206074,0.631232254,-0.038762095,-0.494164378
1980.833333,3.964480722,7.5,4.449685283,15.85,5.698602415,3.110533089,3.924445525,3.74886858,1.875421,-4.276946,-3.3897515,,,,,,,,14.15,0.2673,16.483,,,,,,,,,,,18.56,6.017863021,7.375130457,3.364844552,3.000271954,-0.607782495,0.315208686,0.424609161,0.008959482,-0.419584516
1980.916667,3.970331535,7.2,4.458987676,18.9,5.661501082,3.103599644,3.931570698,3.759500999,-0.6443099,-4.9212559,-4.023432,,,,,,,,14.88,-0.0993,16.678,,,,,,,,,,,22,6.012491914,7.3776339,3.30886277,3.011999246,-0.710632229,0.442997768,0.693902325,-0.362348641,-0.440523078
1981,3.964788116,7.5,4.468204331,19.08,5.640842675,3.116577283,3.943386004,3.752863134,0,-4.9212559,-4.023432,,,,,,,,14.08,0.3287,-3.6705,,,,,,,,,,,17.25,6.019322875,7.382062136,3.303951997,3.012982627,-0.315037431,0.562087002,0.304033824,-0.410330628,-0.214081028
1981.083333,3.959917531,7.4,4.477336814,15.93,5.61111879,3.142167552,3.936012932,3.747030431,-0.7453017,-5.6665576,-4.8022978,,,,,,,,14.57,0.1061,-21.706,,,,,,,,,,,15.53,6.027796476,7.389378637,3.283651818,3.023201516,0.196486045,0.817244025,-0.381568345,0.432322716,-0.085799544
1981.166667,3.965156106,7.4,4.484131858,14.7,5.617207366,3.154657253,3.933197241,3.751102797,0.3091551,-5.3574025,-4.4970118,,,,,,,,13.71,-0.0368,-4.2337,,,,,,,,,,,14.63,6.03787092,7.400376198,3.28567429,3.048656737,0.133776992,0.570570216,0.35497253,0.031637474,-0.0053167
1981.25,3.960735071,7.2,4.489759334,15.72,5.620400866,3.108525101,3.939365762,3.751478596,0,-5.3574025,-4.4970118,,,,,,,,14.32,0.5027,11.649,,,,,,,,,,,18.92,6.057720343,7.414090837,3.307692238,3.037689623,0.041899871,0.211626942,-0.059131328,0.574207488,-0.069829686
1981.333333,3.966842575,7.5,4.496470769,18.52,5.599532453,3.092178172,3.938937538,3.755977198,1.508348,-3.8490545,-2.9839348,,,,,,,,16.2,0.2655,22.767,,,,,,,,,,,17.56,6.051383037,7.417099806,3.295244098,3.006919463,-0.120624224,0.253256247,0.268749955,-0.136618974,-0.144709239
1981.416667,3.971363038,7.5,4.505349851,19.1,5.589941658,3.093947321,3.947583181,3.762431915,0,-3.8490545,-2.9839348,,,,,,,,14.86,0.4258,3.9731,,,,,,,,,,,18.64,6.052559646,7.42075853,3.281925739,3.010423822,-0.290601058,0.359407501,0.726093481,-0.637001212,-0.393857162
1981.5,3.977911864,7.2,4.516338972,19.04,5.614769095,3.10534872,3.943889822,3.757868992,-0.6647913,-4.5138458,-3.5974532,,,,,,,,15.72,0.4122,-0.24624,,,,,,,,,,,17.46,6.056549794,7.427679386,3.299755106,3.027860587,0.33603404,0.523813888,-0.449779038,0.483741323,-0.118204854
1981.583333,3.977526061,7.4,4.523960131,17.82,5.607418406,3.161458554,3.945341721,3.754971455,-0.0802236,-4.5940694,-3.6415116,,,,,,,,16.72,0.2397,-8.1491,,,,,,,,,,,16.83,6.056549794,7.435024955,3.295132915,3.045284052,-0.101681529,0.620098409,0.226449562,-0.18317767,-0.472576723
1981.666667,3.971280104,7.6,4.533674184,15.87,5.58488632,3.116931689,3.943327855,3.754316009,0,-4.5940694,-3.6415116,,,,,,,,16.52,0.3944,-11.652,,,,,,,,,,,16.58,6.056784013,7.441906728,3.238560798,3.060208293,0.110233194,0.311142382,0.487565019,-0.176330608,-0.259746406
1981.75,3.964406705,7.9,4.536891345,15.08,5.561488997,3.058941787,3.945767211,3.755907062,-0.546217,-5.1402864,-4.2146973,,,,,,,,15.38,0.5699,-2.3218,,,,,,,,,,,14.44,6.060057339,7.451125534,3.246062885,3.070515018,0.516518835,0.33607779,0.3982737,0.162218931,-0.013417863
1981.833333,3.952919237,8.3,4.541164856,13.31,5.54130276,3.053670938,3.944954754,3.753636701,-0.4094439,-5.5497303,-4.569135,,,,,,,,12.41,0.155,-8.2824,,,,,,,,,,,12.44,6.066803904,7.459396497,3.253856794,3.083743151,0.713322624,0.00106796,0.019985002,0.397673062,-0.102662564
1981.916667,3.941772081,8.5,4.544358047,12.37,5.517974849,3.048372161,3.953280105,3.760362556,0.1070532,-5.4426771,-4.4681485,,,,,,,,12.85,0.5411,-1.256,,,,,,,,,,,13.13,6.07924646,7.470508996,3.264499075,3.088994904,1.20379776,0.114113114,-0.672039332,1.14780117,-0.027568657
1982,3.921876302,8.6,4.547541073,13.22,5.530063807,3.064325065,3.946501724,3.756958575,0,-5.4426771,-4.4681485,,,,,,,,14.32,0.7557,10.658,,,,,,,,,,,14.21,6.09289234,7.478960789,3.285112903,3.0610049,0.914430173,0.040547093,0.360542947,-0.040903374,-0.046726359
1982.083333,3.941643942,8.9,4.550714,14.78,5.532638218,3.096391757,3.953932409,3.761734856,1.014477,-4.4282001,-3.4483415,,,,,,,,14.73,0.4523,14.804,,,,,,,,,,,13.74,6.091083612,7.481273972,3.256865011,3.044236683,0.872351546,0.251289655,0.968126068,-0.558672068,-0.105290645
1982.166667,3.934081909,9,4.550714,14.68,5.511289363,3.094581638,3.949106822,3.763082065,-0.4120262,-4.8402263,-3.8885502,,,,,,,,13.95,0.9075,-0.050543,,,,,,,,,,,16.8,6.09289234,7.488013677,3.188457854,3.054284161,-0.041400144,-0.302062216,0.564072698,0.043222784,-0.83570495
1982.25,3.925168227,9.3,4.553876892,14.94,5.504518197,3.075236375,3.953778964,3.766164517,0,-4.8402263,-3.8885502,,,,,,,,13.98,0.6955,3.8805,,,,,,,,,,,15.28,6.102782283,7.497706267,3.201281956,3.045188882,0.936057751,-0.179350085,-0.150767824,0.300863305,-0.218739049
1982.333333,3.918939034,9.4,4.563305982,14.45,5.515362359,3.118038398,3.94993517,3.764890971,-0.097881,-4.9381073,-3.9476842,,,,,,,,13.34,0.7107,-0.70987,,,,,,,,,,,13.38,6.101887228,7.504061108,3.186517909,3.066237334,0.805929057,0.011943147,0.186923706,0.05016107,-0.358468967
1982.416667,3.915656397,9.6,4.574710979,14.15,5.478511662,3.072647017,3.940610462,3.770874102,0,-4.9381073,-3.9476842,,,,,,,,14.07,0.6409,1.2424,,,,,,,,,,,14.58,6.103676538,7.509883061,3.17930305,3.057203596,0.589415485,0.358950914,0.100038972,0.464137003,-0.394911377
1982.5,3.912670796,9.8,4.579852378,12.59,5.485502079,3.077819045,3.955523011,3.772416051,-0.1981146,-5.1362219,-4.1449482,,,,,,,,13.24,0.6086,-6.904,,,,,,,,,,,11.41,6.104793232,7.513054369,3.189282222,3.069911672,0.560914927,0.47641707,0.849246308,-0.087320246,-0.474425896
1982.583333,3.904107762,9.8,4.581901559,10.12,5.473656268,3.084017838,3.94866347,3.776730062,-0.2438593,-5.3800812,-4.3545791,,,,,,,,11.43,-0.1286,-12.595,,,,,,,,,,,10.63,6.112353864,7.520559707,3.197529607,3.087718754,0.704261073,0.020414029,0.26948007,0.505632446,-0.352499787
1982.666667,3.900939813,10.1,4.581901559,10.31,5.472354704,3.128119262,3.952953794,3.78125351,0,-5.3800812,-4.3545791,,,,,,,,10.85,0.4704,6.9499,,,,,,,,,,,12.17,6.124464549,7.527686397,3.151966496,3.085161558,1.0468049,-0.198000106,-0.338139335,0.864654627,-0.074675573
1982.75,3.892071287,10.4,4.585987367,9.71,5.450566239,3.101262775,3.961593817,3.79044277,-0.2593523,-5.6394335,-4.5950621,,,,,,,,9.32,0.1178,-0.33051,,,,,,,,,,,9.41,6.140961558,7.533747184,3.188499088,3.115868095,0.749380464,-0.239198509,-0.018338725,0.504913928,-0.251809151
1982.833333,3.888127775,10.8,4.584967479,9.2,5.430397707,3.156404499,3.958925675,3.794364962,0.0899754,-5.5494581,-4.4683189,,,,,,,,9.16,0.4971,-0.39853,,,,,,,,,,,8.93,6.155919102,7.541205532,3.202990316,3.132053521,1.01469012,0.100487161,-0.231650944,0.69003899,-0.257916414
1982.916667,3.880994564,10.8,4.581901559,8.95,5.423936288,3.165770363,3.967249554,3.795421771,0.6315141,-4.917944,-3.8163026,,,,,,,,8.91,0.6998,1.0843,,,,,,,,,,,11.2,6.162893663,7.552971926,3.211085559,3.14208117,0.68213455,-0.161384297,0.053547864,0.235743758,-0.307521373
1983,3.899903864,10.4,4.58394655,8.68,5.440294245,3.151795409,3.961194049,3.8032121,0,-4.917944,-3.8163026,,,,,,,,8.62,0.331,0.65471,0,0,0,,,,,,,,8.56,6.16793569,7.580597706,3.195893748,3.129126157,0.522712673,-0.3574851,0.022449247,0.189290005,-0.107004446
1983.083333,3.893734791,10.4,4.584967479,8.51,5.476505392,3.143548648,3.960927449,3.80439325,0.2108304,-4.7071136,-3.6282945,,,,,,,,8.92,0.2709,-0.59034,0.1939195,0.1939195,0.1939195,,,,,,,,8.53,6.182704549,7.599501479,3.158361197,3.161161963,-0.113944783,-0.35380738,-0.166731628,0.52756242,-0.610939789
1983.166667,3.901788814,10.3,4.585987367,8.77,5.494089721,3.159210743,3.975298229,3.811384656,0.1374193,-4.5696943,-3.4827364,,,,,,,,9.04,0.219,2.3761,0.1894976,0.3834171,0.1894976,,,,,,,,10.81,6.195629132,7.608622583,3.098424232,3.175467154,0.248784069,-0.20840322,0.300588559,-0.201369565,-0.025473217
1983.25,3.913815398,10.2,4.593097605,8.8,5.518496528,3.194665096,3.970895505,3.816238713,0,-4.5696943,-3.4827364,,,,,,,,8.98,0.1214,-0.20285,0,0.3834171,0,,,,,,,,8.84,6.200914771,7.615249053,3.116444349,3.190270568,-0.0818257,-0.377746775,0.17340236,0.103946774,-0.197463592
1983.333333,3.920772616,10.1,4.597138014,8.63,5.516528775,3.220075105,3.975598563,3.818129821,-0.0386531,-4.6083474,-3.5029109,,,,,,,,8.9,-0.0789,-1.7293,0.1340454,0.5174625,0.1340454,,,,,,,,8.94,6.214608098,7.622370366,3.091496896,3.195402469,-0.324828177,-0.029394255,0.159673998,0.406058655,-0.258054913
1983.416667,3.926428743,10.1,4.599152114,8.98,5.513025439,3.250219441,3.986053832,3.822360845,0,-4.6083474,-3.5029109,,,,,,,,9.66,0.0893,2.0724,0,0.5174625,0,,,,,,,,10.06,6.222576268,7.627447015,3.082231019,3.202705792,-0.277118445,-0.161254961,0.102346728,0.356906288,-0.090451626
1983.5,3.941665299,9.4,4.603168183,9.37,5.527403227,3.264575504,3.990334985,3.828445725,0.0319688,-4.5763786,-3.5096287,,,,,,,,10.2,-0.0789,2.0339,0.2289955,0.746458,0.2289955,,,,,,,,9.52,6.230087669,7.63293393,3.097340759,3.197897306,-0.475049526,-0.124346951,0.354457738,-0.080985835,-0.083887883
1983.583333,3.95252751,9.5,4.606169686,9.56,5.588446443,3.256094535,3.991684102,3.834147947,-0.2393029,-4.8156815,-3.7430945,,,,,,,,10.53,-0.181,-0.17377,-0.2587345,0.4877235,-0.2587345,,,,,,,,9.59,6.235390638,7.637379026,3.089450277,3.191340175,-0.699048607,-0.170259874,0.300670704,0.059628443,-0.185994788
1983.666667,3.967735819,9.2,4.609162207,9.45,5.594599849,3.258173458,3.995849315,3.836091834,0,-4.8156815,-3.7430945,,,,,,,,10.16,-0.0501,-1.7003,0,0.4877235,0,,,,,,,,10.59,6.239885906,7.641804451,3.024562655,3.199040397,-0.320700254,-0.143020828,0.384788864,-0.041307875,-0.019312852
1983.75,3.975709289,8.8,4.613138356,9.48,5.582367853,3.292720905,4.000125454,3.839774841,0.2252154,-4.5904661,-3.4612181,,,,,,,,9.81,-0.0684,-1.275,-0.051345,0.4363785,-0.051345,,,,,,,,9.43,6.248429647,7.6494545,3.047328022,3.213501409,-0.817302778,-0.299863473,-0.132443406,0.446278572,-0.081579953
1983.833333,3.97905716,8.5,4.616110126,9.34,5.591621108,3.296096092,4.005240087,3.840269183,-0.1489062,-4.7393723,-3.6317904,,,,,,,,9.94,0.0449,-1.5542,-0.2007999,0.2355786,-0.2007999,,,,,,,,9.34,6.251903883,7.655674695,3.041804462,3.198550661,-0.372249542,-0.257301915,-0.055246517,0.316934051,0.171138081
1983.916667,3.984103638,8.3,4.619073091,9.47,5.609838028,3.333988632,4.008841139,3.84865713,0.1864091,-4.5529632,-3.4147151,,,,,,,,10.11,0.1274,-0.60167,-0.024641,0.2109376,-0.024641,,,,,,,,9.92,6.256517501,7.660962216,3.043855549,3.20254317,-0.43850302,-0.2197052,0.074611839,-0.04168183,0.142242319
1984,4.004089749,8,4.625952725,9.56,5.6337176,3.360965491,4.01681536,3.84931747,0.2166587,-4.3363045,-3.1564573,,,,,0,0,0,9.9,0.0551,-0.84536,-0.0509922,0.1599454,-0.0509922,,,,,,,-0.0051143,9.35,6.263588721,7.667859928,3.059880093,3.208421367,-0.479829715,-0.312026376,0.144280498,-0.012070307,0.216834705
1984.083333,4.008646867,7.8,4.630837933,9.59,5.62711739,3.337085436,3.998622631,3.841342997,0,-4.3363045,-3.1564573,,,,,0.01,0,-0.01,10.04,-0.0536,-1.1105,0,0.1599454,0,,,,0.01,,,0,9.45,6.268148865,7.677215142,2.911426325,3.229499197,-0.675376572,-0.173377425,-0.018173626,0.435840434,-0.150859231
1984.166667,4.013336945,7.8,4.633757643,9.91,5.654557216,3.336160959,4.006314485,3.852273001,-0.0782931,-4.4145976,-3.2584423,,,,,0,0,-0.0012903,10.59,0.0272,1.1422,-0.11857,0.0413754,-0.11857,,,,0,,,-0.0675591,10.24,6.275515033,7.685013802,2.967538539,3.212414999,-0.558247081,-0.042297001,-0.017388097,0.12068325,0.198212043
1984.25,4.019814963,7.7,4.637637376,10.29,5.659482216,3.352707173,4.019333618,3.853779297,0,-4.4145976,-3.2584423,,,,,0,0,-0.0087097,10.9,0.1443,1.4258,0,0.0413754,0,,,,0,,,0,10.9,6.282266747,7.692615267,3.012786028,3.198713933,-0.399858943,-0.146785469,0.296851637,-0.092252,0.116068556
1984.333333,4.024419113,7.4,4.639571613,10.32,5.675691594,3.369156167,4.025940803,3.856446869,0.1263111,-4.2882865,-3.0872998,,,,,0.0087097,0.0116129,0.0087097,11.66,-0.2924,-0.92999,-0.0692103,-0.0278349,-0.0692103,,,,0.03,,,0.0121867,10.81,6.285439279,7.698256005,2.972770662,3.132489707,-0.395279506,-0.105483575,0.155478979,-0.068363102,0.046657396
1984.416667,4.027889539,7.2,4.641502115,11.06,5.659482216,3.381164728,4.041295341,3.857630176,0,-4.2882865,-3.0872998,,,,,0.0212903,0.0283871,0.0212903,12.08,-0.0099,3.7253,0,-0.0278349,0,,,,0,,,0,10.85,6.291939441,7.703188253,3.005484565,3.205466318,-0.312077709,-0.254478559,0.362295091,-0.291075924,0.092357633
1984.5,4.031383463,7.5,4.645351976,11.23,5.631175939,3.368088619,4.025512392,3.861992072,0.3350084,-3.9532781,-2.7618347,,,,,0.0090323,0.0045161,0,12.03,-0.124,0.15554,0.2534848,0.2256499,0.2534848,,,,0.02,,,-0.0065339,11.83,6.293234419,7.70701769,2.9898148,3.221472451,-0.340939048,-0.284923856,0.100872093,-0.079330011,0.144653142
1984.583333,4.031791624,7.5,4.648229675,11.64,5.613128106,3.361451197,4.025387404,3.870659197,-0.0653747,-4.0186528,-2.8271978,,,,,0.0045161,0.0022581,0,11.82,0.2201,2.9607,-0.0559978,0.1696521,-0.0559978,,,,-0.02,,,-0.0319637,11.64,6.293419279,7.710070717,2.958549482,3.221512346,-0.178876558,-0.162239118,0.062769871,-0.018797254,0.039710858
1984.666667,4.030145539,7.3,4.651099118,11.3,5.605360792,3.374579584,4.038038726,3.873905683,0,-4.0186528,-2.8271978,,,,,-0.0135484,-0.0067742,0,11.58,-0.021,-1.7503,0,0.1696521,0,,,,0,,,0,11.23,6.297293465,7.716371709,3.001962823,3.231081037,0.053690154,-0.169187144,-0.144197477,0.286274072,0.121543518
1984.75,4.028733466,7.4,4.654912278,9.99,5.58762312,3.369913092,4.031298261,3.872845491,-0.0103411,-4.0289939,-2.7946363,,,,,0.0093548,0,0.0093548,10.9,-0.2383,-7.7378,-0.1253264,0.0443257,-0.1253264,,,,0.01,,,0.0421154,9.99,6.298397624,7.722766047,2.998478499,3.230764869,0.042142407,-0.177305377,-0.124464855,0.087628092,0.054421092
1984.833333,4.032616311,7.2,4.656813419,9.43,5.599347457,3.411873522,4.043174067,3.881873028,-0.5609847,-4.5899786,-3.3427356,,,,,0.0313118,0.0153333,0.0159785,9.82,-0.0709,-1.4894,-0.6825749,-0.6382492,-0.6825749,,,,0.04,,,0.0364644,8.92,6.305362462,7.732676058,3.034760661,3.247968499,0.065937884,-0.238147438,-0.118847339,0.313447425,0.00857748
1984.916667,4.033557219,7.3,4.658710953,8.38,5.566434284,3.417529943,4.037474342,3.886048572,-0.170801,-4.7607796,-3.4867568,,,,,-0.2513118,-0.2346882,-0.214043,9.33,-0.0017,-5.1502,-0.3126466,-0.9508958,-0.3126466,,,,-0.72,,,-0.046988,8.74,6.312823146,7.743616562,3.078877855,3.270746952,-0.022686993,-0.303508446,-0.3995761,0.539545746,-0.003117368
1985,4.031307136,7.3,4.660604893,8.35,5.544239505,3.431629589,4.04041622,3.896604753,0,-4.7607796,-3.4867568,,,,,-0.4593548,-0.4206451,-0.3812903,9.02,-0.0763,2.4403,0,-0.9508958,0,,,,0,,,0,8.73,6.32256524,7.754781674,3.068936266,3.285898757,0.115909047,-0.342775438,-0.060029808,0.138036301,-0.059417163
1985.083333,4.035399259,7.2,4.666265285,8.5,5.538396695,3.424230081,4.047864228,3.901103605,-0.1213873,-4.8821669,-3.6431113,,,,,-0.0128571,-0.0128571,-0.0128571,9.29,-0.0977,2.0151,-0.0728624,-1.0237582,-0.0728624,,,,-0.01,,,-0.0461981,8.74,6.33434478,7.764041197,3.012982627,3.299902664,0.117354167,-0.141187261,-0.070904158,0.10795768,0.051825984
1985.166667,4.036934352,7.2,4.670957927,8.58,5.534140195,3.446457513,4.041980519,3.897010885,0.2077607,-4.6744062,-3.4431189,,,,,0.0012442,-0.0003687,-0.0068203,9.86,0.1362,1.1688,0.1426705,-0.8810877,0.1426705,,,,-0.01,,,-0.0106807,8.58,6.339653587,7.769209605,3.089404749,3.297945752,0.050859341,-0.018802967,0.292792261,-0.049404077,-0.202973496
1985.25,4.034306123,7.3,4.672828834,8.27,5.545880322,3.423513188,4.053210019,3.90197267,0,-4.6744062,-3.4431189,,,,,-0.0213871,-0.0297742,-0.0459893,9.14,-0.0327,-2.6669,0,-0.8810877,0,,,,-0.03,,,0,8.58,6.346337869,7.77304741,3.143936738,3.311126785,-0.204269919,-0.10157278,0.293475999,-0.103536837,-0.07272406
1985.333333,4.035565424,7.2,4.674696249,7.97,5.523858042,3.476026522,4.05386973,3.90879781,-0.1464615,-4.8208677,-3.5493488,,,,,-0.1766774,-0.1911935,-0.1846559,8.46,-0.1961,-2.1739,-0.1549646,-1.0360523,-0.1549646,,,,-0.33,,,0.0229049,7.64,6.354543939,7.779006803,3.105751919,3.308935883,0.291854335,-0.12890928,-0.135038782,0.411686486,0.265764241
1985.416667,4.036305761,7.4,4.677490848,7.53,5.500073836,3.437625738,4.046483966,3.9124829,0,-4.8208677,-3.5493488,,,,,-0.1703226,-0.1858065,-0.1996774,7.8,0.2143,-2.6265,0,-1.0360523,0,,,,0,,,0,7.95,6.366985779,7.788626066,3.151966496,3.343179775,0.144517879,-0.261322301,-0.2621492,0.352942663,-0.029385006
1985.5,4.029573125,7.4,4.679349584,7.88,5.482969539,3.456505937,4.052341315,3.917786365,0.064076,-4.7567917,-3.4890199,,,,,0,0,0,7.86,0.1359,4.1198,0.0621075,-0.9739448,0.0621075,,,,0,,,0.0086412,8.61,6.378595949,7.795605383,3.156319338,3.351376687,0.253721984,-0.242971146,-0.325540575,0.452298531,-0.042172431
1985.583333,4.033668793,7.1,4.681204872,7.9,5.459713166,3.491860417,4.060873952,3.922527638,0.1866845,-4.5701072,-3.3034775,,,,,0.0193548,-0.0441935,-0.0041935,8.05,0.1477,1.0655,0.1268154,-0.8471294,0.1268154,,,,0,,,-0.0242523,7.8,6.390576181,7.801554973,3.1529924,3.372454913,0.226244613,-0.094417653,0.005177858,0.002455832,0.113713703
1985.666667,4.038158617,7.1,4.683056725,7.92,5.438774719,3.572148989,4.064881422,3.924188702,0,-4.5701072,-3.3034775,,,,,-0.0026882,0.0075269,-0.0008065,8.07,0.2519,0.75996,0,-0.8471294,0,,,,0.02,,,0,8.84,6.402414585,7.806614969,3.219035812,3.380926645,-0.011635641,-0.202354471,-0.020714863,-0.004160514,-0.134078117
1985.75,4.034028226,7.1,4.686750173,7.99,5.436382218,3.461476846,4.063300992,3.925787834,0.1063961,-4.4637111,-3.1995493,,,,,-0.0063441,0.0066667,0.0146774,8.01,0.2964,0.50537,0.1694735,-0.6776559,0.1694735,,,,-0.01,,,0.0041059,8.08,6.40984588,7.811365958,3.235496926,3.398928142,-0.009599706,-0.22277722,-0.01819874,-0.030656113,-0.139508331
1985.833333,4.037493748,7,4.691347882,8.05,5.451038454,3.464891797,4.070632302,3.926202007,0.0195127,-4.4441984,-3.177982,,,,,0.0080107,0.0083333,0.0003226,7.88,0.2905,0.74315,0.1150684,-0.5625875,0.1150684,,,,0.01,,,0.0390335,8.54,6.417059027,7.815287769,3.272227,3.391349046,0.121461667,0.014912861,-0.036949711,0.166388959,0.168298908
1985.916667,4.047742003,7,4.695924549,8.27,5.454979177,3.492256113,4.070820017,3.938353301,-0.0526709,-4.4968693,-3.2453458,,,,,-0.0028495,0.0016667,0,7.67,0.033,1.1774,-0.0668979,-0.6294854,-0.0668979,,,,-0.01,,,0.008662,13.46,6.429396845,7.821081621,3.317163386,3.425889994,-0.047264828,-0.041660972,-0.071305985,0.369358707,-0.063925234
1986,4.05256725,6.7,4.699570861,8.14,5.450652113,3.517141691,4.075535441,3.931551085,0,-4.4968693,-3.2453458,,,,,-0.0054839,0,0,7.73,0.3394,-0.48621,0,-0.6294854,0,,,,0,,,0,8.09,6.431974997,7.825125428,3.270974795,3.443330516,-0.078384736,-0.092025576,-0.219330968,0.298699504,-0.187271221
1986.083333,4.045653143,7.2,4.697749367,7.86,5.427941134,3.488078195,4.074651929,3.934547416,-0.094937,-4.5918063,-3.3529938,,,,,0.0057143,0.0057143,-0.0057143,7.61,-0.2855,-2.0589,-0.0676238,-0.6971092,-0.0676238,,,,0.01,,,0.0148067,7.95,6.438071599,7.829391697,3.205263597,3.442563228,-0.093599388,-0.093102861,-0.124898007,0.045350417,-0.206838859
1986.166667,4.039016825,7.2,4.692264893,7.48,5.381830967,3.47385907,4.092275757,3.93544652,0,-4.5918063,-3.3529938,,,,,0.0204147,0.0204147,0.0360369,7.03,0.5874,-1.7481,0,-0.6971092,0,,,,0.02,,,0,8.06,6.45126,7.837435964,3.299865776,3.460974586,0.455592392,-0.444781771,-0.479022543,-0.135792888,0.033263152
1986.25,4.039631392,7.1,4.688591794,6.99,5.36508777,3.52347401,4.08434473,3.93808054,0.1915616,-4.4002447,-3.1458883,,,,,-0.0024623,0.0212043,0.0270107,6.44,0.5461,-1.4566,0.0908487,-0.6062605,0.0908487,,,,0.01,,,-0.0097906,7.05,6.463029457,7.847137342,3.363391667,3.473797074,0.395207994,-0.649026732,-0.801346473,0.019507543,-0.015314839
1986.333333,4.041377939,7.2,4.691347882,6.85,5.373239293,3.54477811,4.091707756,3.940007754,0.0854616,-4.3147831,-3.0706767,,,,,0.0092366,0.0226667,0.026215,6.65,0.0285,0.67913,0.1492964,-0.4569641,0.1492964,,,,-0.02,,,0.0112276,6.84,6.480044562,7.857674192,3.344027203,3.495719372,0.217107653,-0.502616097,-0.571967951,0.003924367,-0.101387074
1986.416667,4.038396592,7.2,4.69501089,6.92,5.379251984,3.515210357,4.093077093,3.943037059,0,-4.3147831,-3.0706767,,,,,-0.0215699,-0.0086667,-0.0108817,6.73,0.0202,2.0727,0,-0.4569641,0,,,,-0.01,,,0,7.72,6.493148513,7.865495009,3.383542446,3.516755722,-0.043824368,-0.014107961,0.070477698,-0.028534137,-0.0410673
1986.5,4.043542375,7,4.695924549,6.56,5.396351107,3.542725879,4.093761059,3.94748667,-0.1862836,-4.5010667,-3.2408857,,,,,0.019957,0.019957,0.0115269,6.27,0.7755,-1.9399,-0.2330176,-0.6899817,-0.2330176,,,,0.03,,,0.0478474,6.35,6.507725373,7.873788103,3.409760612,3.534999571,0.209006303,0.084311531,0.07402292,-0.066903821,-0.102795835
1986.583333,4.042496728,6.9,4.696837375,6.17,5.34610703,3.583824447,4.08933202,3.947563879,-0.2269864,-4.7280531,-3.4740291,,,,,-0.0067742,-0.0067742,-0.0135484,5.93,0.7104,-2.309,-0.1747003,-0.864682,-0.1747003,,,,-0.05,,,-0.0472305,5.77,6.520179204,7.881333305,3.406184923,3.549157511,0.012919036,-0.327804165,-0.445983159,0.114647695,-0.129058507
1986.666667,4.044304868,7,4.700480366,5.89,5.362324497,3.696351469,4.092292458,3.953376059,0.0229667,-4.7050864,-3.4738814,,,,,-0.0391828,-0.0415161,-0.0429785,5.77,0.3145,-1.1861,0.0660954,-0.7985866,0.0660954,,,,-0.02,,,-0.0181805,6.9,6.532916364,7.889421681,3.463044785,3.560563011,0.086840858,-0.102802493,-0.179671628,0.098606809,0.031918012
1986.75,4.048878118,7,4.702296897,5.85,5.405151795,3.582435018,4.100806969,3.95435426,0,-4.7050864,-3.4738814,,,,,-0.0153333,-0.023,-0.0076666,5.72,0.5473,-0.28174,0,-0.7985866,0,,,,0,,,0,5.93,6.54376795,7.896813084,3.494262619,3.581238563,-0.102444662,0.047285163,-0.057182777,0.046404843,-0.071667797
1986.833333,4.05337846,6.9,4.704110134,6.04,5.42596272,3.544691481,4.09602648,3.960394034,0.0324334,-4.672653,-3.4553679,,,,,0,0,0,5.8,0.6725,1.1773,0.1130885,-0.6854981,0.1130885,,,,0,,,0.0185707,6.03,6.558765018,7.90193255,3.547603867,3.609213759,0.03784587,-0.107519858,-0.054085297,-0.053148315,-0.058601284
1986.916667,4.061935,6.6,4.707726774,6.91,5.429082436,3.651281424,4.102858218,3.967646909,-0.0472494,-4.7199024,-3.5365835,,,,,0,-0.0048387,0,5.87,0.7033,4.0769,0.1553673,-0.5301308,0.1553673,,,,0,,,0.0280676,14.35,6.585757776,7.911763805,3.615367458,3.645893662,-0.016342629,-0.099413463,-0.035395553,0.004402277,-0.161131749
1987,4.058822733,6.6,4.713127327,6.43,5.437905381,3.48847539,4.090085505,3.968686853,0,-4.7199024,-3.5365835,,,,,0.0054839,-0.0051613,-0.0054839,5.78,0.5582,-4.6747,0,-0.5301308,0,,,,0.01,,,0,6.28,6.593318469,7.917536354,3.59928292,3.660711434,-0.198757427,-0.070126002,-0.165951915,0.137494465,-0.2365131
1987.083333,4.071517666,6.6,4.716711561,6.1,5.421242713,3.553174272,4.109610772,3.976555277,0.1971277,-4.5227747,-3.3598812,,,,,-0.0015553,0,0.0015553,5.96,0.6343,-2.9271,0.0984059,-0.4317249,0.0984059,,,,-0.01,,,0.0046151,6.02,6.594002979,7.91884697,3.514436777,3.65669195,0.102309195,0.331689858,-0.000644955,0.194019622,0.319423184
1987.166667,4.073292855,6.6,4.720282993,6.13,5.424068572,3.554862229,4.103799721,3.98089587,0.2403089,-4.2824658,-3.1667834,,,,,-0.0039285,0,0.0039285,6.03,0.522,-0.69941,0.2379125,-0.1938124,0.2379125,,,,0,,,0.0198338,6.23,6.598236512,7.921136423,3.564137889,3.652345129,-0.401793569,-0.041565398,0.049158169,0.207310458,-0.178552577
1987.25,4.079504999,6.3,4.724729421,6.37,5.450480358,3.571671253,4.107737804,3.983226764,0,-4.2824658,-3.1667834,,,,,0.0176667,0.0173333,-0.0023333,6.5,-0.3897,1.2042,0,-0.1938124,0,,,,-0.05,,,0,7.63,6.611906617,7.926277637,3.632679404,3.658703712,-0.13588752,0.006603701,-0.055833896,0.084337246,0.076859302
1987.333333,4.085910764,6.3,4.727387819,6.85,5.512702676,3.561443731,4.109824133,3.985905238,0.2612897,-4.0211761,-2.9264691,,,,,-0.0637958,-0.0734624,-0.0831504,7,0.2571,2.1033,0.3130164,0.119204,0.3130164,,,,0.01,,,0.0313048,6.63,6.614457468,7.928189787,3.595063158,3.665226925,-0.313432884,0.152057104,0.151917911,-0.113239552,0.035401212
1987.416667,4.090629336,6.2,4.731802837,6.73,5.522540335,3.585239679,4.108871862,3.987798158,0,-4.0211761,-2.9264691,,,,,0.006129,0.006129,-0.0245162,6.8,0.2423,-2.3034,0,0.119204,0,,,,0,,,0,6.56,6.610965187,7.928802344,3.591872836,3.662509811,-0.353050528,-0.030146022,0.22898267,-0.168822831,-0.06922903
1987.5,4.097534469,6.1,4.734442522,6.58,5.535521602,3.597887438,4.109397365,3.992717808,-0.032253,-4.0534291,-2.9667388,,,,,-0.0232258,-0.0154839,0.0077419,6.68,0.4843,-2.5198,-0.0129093,0.1062947,-0.0129093,,,,-0.03,,,-0.0160355,6.75,6.610696045,7.930422011,3.587621622,3.653329994,-0.127452303,0.058805351,0.03970149,0.093040263,0.059378608
1987.583333,4.105813541,6,4.738826571,6.73,5.533429014,3.631568087,4.110841077,3.996694981,-0.0093601,-4.0627892,-2.9867622,,,,,-0.0067742,0.0206451,0.0274193,7.03,0.4687,0.19939,-0.053936,0.0523587,-0.053936,,,,0,,,0.0006983,6.95,6.613249981,7.933725188,3.571952302,3.655684549,-0.34283563,-0.106291236,-0.036961138,0.099585174,0.041095885
1987.666667,4.108155418,5.9,4.742320024,7.22,5.544161303,3.610242009,4.108609006,3.995094966,-0.1332063,-4.1959955,-3.1339329,,,,,0.1593333,0.1788388,0.1418388,7.67,0.4904,1.9813,-0.1460173,-0.0936586,-0.1460173,,,,0.19,,,0.0088966,8.38,6.616868076,7.937803176,3.601577126,3.652915432,-0.339451572,0.008723377,0.148542476,0.030123965,-0.02846784
1987.75,4.12262747,6,4.744932128,7.29,5.54482582,3.570208524,4.108855435,4.003525947,0,-4.1959955,-3.1339329,,,,,0.0384086,0.1127741,0.1317097,7.59,-0.8548,-1.6221,0,-0.0936586,0,,,,0.01,,,0,6.62,6.628305891,7.943356768,3.616443161,3.672063861,-0.298079219,0.030071156,0.291697044,-0.216320376,0.17300932
1987.833333,4.127784174,5.8,4.748404354,6.69,5.535324375,3.579399353,4.109807722,4.002868689,-0.0596477,-4.2556432,-3.2182886,,,,,-0.0067419,0.1272258,0.1842903,6.96,0.2629,-5.4029,-0.0840831,-0.1777417,-0.0840831,,,,-0.01,,,0.0162795,7.19,6.624330797,7.944988495,3.624074231,3.666224764,-0.572435926,-0.161658863,0.034799916,-0.041553376,-0.105482479
1987.916667,4.132657812,5.7,4.750135956,6.77,5.543104986,3.607832075,4.113869373,4.007096794,-0.1259441,-4.3815873,-3.3979258,,,,,0.0038387,-0.0043226,0.0160322,7.17,0.0035,-0.37054,-0.03843,-0.2161717,-0.03843,,,,0.01,,,0.0062871,6.89,6.620339838,7.947607872,3.62944787,3.653744383,-0.114401236,-0.122464516,-0.23553818,0.296874957,0.170983953
1988,4.133178983,5.7,4.753590191,6.83,5.563562094,3.632705849,4.113084534,4.015860362,0,-4.3815873,-3.3979258,,,,,0.0025807,0.0090322,0.0309677,6.99,-0.1863,-0.55825,0,-0.2161717,0,,,,-0.02,,,0,6.79,6.628305891,7.955004095,3.622606096,3.65725978,-0.289843851,-0.260557793,-8.31354E-05,-0.018115282,0.16571816
1988.083333,4.1375557,5.7,4.755312844,6.58,5.556596375,3.629686619,4.116220203,4.016923415,-0.1739662,-4.5555535,-3.6214116,,,,,-0.0174194,-0.0087097,-0.0065517,6.64,0.2273,-1.8212,-0.109303,-0.3254747,-0.109303,,,,0,,,0.0120252,6.67,6.630287529,7.963007633,3.531260266,3.669059327,0.105061494,-0.044767921,-0.088243563,0.17657536,0.12771356
1988.166667,4.139784677,5.7,4.757891273,6.58,5.554508772,3.634132835,4.135246554,4.02204265,0.0863419,-4.4692116,-3.6026673,,,,,-0.0006452,0.0006452,-0.0028031,6.71,-0.051,0.72407,0.1186012,-0.2068735,0.1186012,,,,-0.01,,,-0.0260833,6.83,6.635684054,7.970049305,3.581377759,3.663382143,-0.156589151,-0.2306909,-0.315315892,0.177126169,0.071165211
1988.25,4.145124808,5.4,4.763881877,6.87,5.569069432,3.622686231,4.12656971,4.021738026,0,-4.4692116,-3.6026673,,,,,-0.0093548,0.0093548,0.0093548,7.01,-0.0012,2.0941,0,-0.2068735,0,,,,0,,,0,6.98,6.643919933,7.976973085,3.646989181,3.670027874,-0.13838568,-0.006340784,-0.001216819,0.083656626,0.060662313
1988.333333,4.144020049,5.6,4.766438334,7.09,5.592441147,3.636005965,4.130917542,4.027331872,0.2279987,-4.2412129,-3.4118376,,,,,0.0254838,0.0312904,0.023871,7.4,0.0476,0.324,0.1396967,-0.0671768,0.1396967,,,,0.07,,,0.0064777,7.48,6.648595873,7.982245626,3.596078623,3.675996828,-0.397620625,0.15737519,0.201027524,0.034041761,0.053349065
1988.416667,4.146627034,5.4,4.770684624,7.51,5.638105528,3.638822238,4.130965746,4.031937102,0.3521378,-3.8890751,-3.1017035,,,,,0.0475162,0.0377097,0.026129,7.49,0.0926,1.465,0.1800026,0.1128258,0.1800026,,,,0.01,,,-0.0210044,8.27,6.657112054,7.986402927,3.635636893,3.682584684,-0.066350631,0.015016836,0.197504226,-0.186708925,0.133587359
1988.5,4.147250056,5.4,4.774912961,7.75,5.640487624,3.626631641,4.131576119,4.038250288,0,-3.8890751,-3.1017035,,,,,0.0195806,0.0535806,0.0183871,7.75,-0.2338,-0.4831,0,0.1128258,0,,,,0.03,,,0,7.84,6.661087183,7.989390943,3.634555255,3.679157347,-0.297771451,0.032607153,-0.021305466,0.039550958,0.134056696
1988.583333,4.151705826,5.6,4.779123493,8.01,5.6327876,3.619877654,4.138823861,4.044138396,-0.1620613,-4.0511364,-3.2810512,,,,,0.1087097,0.1209677,0.1151613,8.17,-0.0149,0.7441,-0.1724462,-0.0596204,-0.1724462,,,,0.13,,,0.0260858,8.14,6.663515764,7.991084711,3.607642283,3.685950168,-0.128435791,0.14336849,0.162917064,-0.146814154,0.127673582
1988.666667,4.148878517,5.4,4.783316371,8.19,5.617897735,3.611647376,4.138664432,4.041471073,-0.0483951,-4.0995315,-3.3481919,,,,,0.0353764,0.0431183,0.0431183,8.09,0.1479,0.82703,-0.0406962,-0.1003166,-0.0406962,,,,-0.01,,,-0.0025397,8.54,6.664026294,7.992741824,3.616980579,3.677894338,-0.121198727,-0.019068938,0.171897189,-0.159998394,0.001264341
1988.75,4.153710353,5.4,4.786658062,8.3,5.613857767,3.62878438,4.14575035,4.048143543,0,-4.0995315,-3.3481919,,,,,-0.0066667,-0.0066667,-0.0066667,8.11,0.239,0.85633,0,-0.1003166,0,,,,0,,,0,8.39,6.663515764,7.995576217,3.593771754,3.686501629,-0.080126615,0.109803092,-0.048387875,0.143602962,0.114189855
1988.833333,4.155333039,5.3,4.789988623,8.35,5.611265058,3.635900529,4.149448088,4.049137969,-0.0303479,-4.1298794,-3.3586229,,,0.0423187,,-0.0096667,0.0196667,0.0126666,8.48,0.1022,0.081956,-0.0995353,-0.1998519,-0.0995353,0.06964,,,-0.01,,,-0.0059478,8.5,6.665556321,8.00058421,3.61067464,3.689104429,-0.20484403,-0.051475401,-0.129687076,0.226285446,-0.024820101
1988.916667,4.160015255,5.3,4.793308128,8.76,5.637286483,3.669773084,4.144990147,4.052115328,0.4416863,-3.6881931,-2.9168139,2.933677,2.933677,0.0379436,,0.0380538,0.0322688,0.023785,8.99,0.2305,2.9057,0.354271,0.1544191,0.354271,0.01937,,,0.07,,,0.0429167,9.04,6.667846981,8.003229315,3.631382748,3.688429353,-0.193699133,-0.036710366,0.016380655,-0.070980464,0.179320918
1989,4.16311163,5.4,4.797442074,9.12,5.647247396,3.659836769,4.156191966,4.05256725,0,-3.6881931,-2.9168139,0,2.933677,-0.0120248,,0.0141935,0.0180645,0.0135484,9.05,0.1385,1.852,0,0.1544191,0,-0.02385,,,-0.02,,,0,9.14,6.66657504,8.004365565,3.59434897,3.684143256,-0.283279596,0.006943381,0.16576488,-0.04651051,0.065896979
1989.083333,4.158453304,5.2,4.80073697,9.36,5.654872303,3.628332954,4.149716196,4.059166334,0.2700066,-3.4181865,-2.6195516,0.3894842,3.323161,0.0326369,,0.0027765,0.0071428,0.0267857,9.25,-0.0048,0.93918,0.0843361,0.2387552,0.0843361,0.16,,,0.05,,,-0.0457942,9.87,6.664153886,8.004499157,3.489360872,3.686426448,-0.281179059,0.160532491,0.084611119,0.071253794,0.03896888
1989.166667,4.160952815,5,4.805659047,9.85,5.661466309,3.633102439,4.147822136,4.057818881,0.0522098,-3.3659767,-2.5605746,-1.381179,1.941982,0.1175115,,0.0436751,0.0609217,0.0612788,9.57,0.2814,1.9714,-0.1092558,0.1294994,-0.1092558,-0.07,,,-0.01,,,-0.0470107,9.79,6.663132696,8.007067323,3.542378606,3.6729025,-0.013513898,0.057255188,0.016753787,-0.11912842,0.287495583
1989.25,4.162049939,5.2,4.812997033,9.84,5.651049548,3.668574701,4.149243017,4.058838275,0,-3.3659767,-2.5605746,0,1.941982,-0.0632258,,-0.0090322,-0.0180645,-0.0180645,9.36,0.5073,-0.85955,0,0.1294994,0,0,,,0,,,0,9.82,6.658267752,8.009130414,3.577892026,3.662304446,-0.095486248,0.132615637,0.125245189,-0.128816155,0.039405846
1989.333333,4.154587935,5.2,4.817859279,9.81,5.645835515,3.6423642,4.153430746,4.061201344,0.1402752,-3.2257015,-2.4081095,-0.2211234,1.720859,-0.0107129,,-0.0048387,0,-0.0048387,8.98,0.2289,-0.25681,0.0206159,0.1501153,0.0206159,-0.02214,,,-0.01,,,-0.0087033,10.48,6.652863029,8.0109902,3.501042717,3.657853076,-0.029409794,0.32584015,0.12882683,0.268632126,0.068836288
1989.416667,4.155206019,5.3,4.821087692,9.53,5.638674903,3.65024257,4.155612115,4.061821371,0,-3.2257015,-2.4081095,0,1.720859,-0.0218438,,-0.0551613,-0.05,-0.0384946,8.44,0.4097,-1.4923,0,0.1501153,0,-0.0125,,,-0.06,,,0,9.63,6.65092567,8.016383903,3.5214071,3.650969881,0.337776624,0.221533327,-0.102337553,0.028733085,0.215734417
1989.5,4.145875412,5.2,4.824305716,9.24,5.634789603,3.659708077,4.155016242,4.065035895,0.0590455,-3.166656,-2.3326724,-0.5527747,1.168084,-0.0248495,,-0.0361291,-0.0380645,-0.0489247,7.89,0.6447,-1.1592,-0.1254988,0.0246165,-0.1254988,-0.03583,,,-0.04,,,-0.0217233,8.94,6.656469422,8.024436667,3.524004811,3.659708077,0.221021965,-0.051474478,-0.389797531,0.163512248,-0.107025524
1989.583333,4.154645995,5.2,4.824305716,8.99,5.622283151,3.701993093,4.163590735,4.067487108,-0.1225097,-3.2891657,-2.4722292,-0.6131151,0.5549688,-0.0130639,,-0.0196774,-0.0248387,-0.0206451,8.18,0.3529,-0.0018891,-0.0830447,-0.0584282,-0.0830447,0,,,-0.02,,,-0.0204364,8.92,6.658524393,8.031612873,3.492347405,3.657491981,0.514902008,0.080224278,-0.324385038,0.043109562,0.197443029
1989.666667,4.15156103,5.3,4.826712456,9.02,5.616552892,3.66619919,4.169575713,4.070256767,0,-3.2891657,-2.4722292,0,0.5549688,0,,-0.0141935,-0.0070968,-0.0070968,8.22,0.3746,1.8306,0,-0.0584282,0,0,,,0,,,0,9.24,6.66057515,8.037478563,3.512917631,3.663638566,0.014020122,-0.310829833,-0.13136769,-0.104197915,-0.288292222
1989.75,4.150570504,5.3,4.831508628,8.84,5.614331761,3.650346504,4.165889729,4.074294904,-0.062635,-3.3518007,-2.5601527,0.222174,0.7771428,-0.0755613,,0.0129032,0.0090323,0.0064516,7.99,0.2763,-0.44221,-0.0035729,-0.0620011,-0.0035729,-0.17223,,,0.01,,,0.0160311,8.89,6.66771986,8.044433768,3.499200901,3.679561173,0.279867123,0.097093401,0.03046672,-0.112713269,-0.05990395
1989.833333,4.153956907,5.4,4.835487941,8.55,5.59541745,3.64010929,4.171845581,4.07487288,0.1344756,-3.2173251,-2.4534744,-0.2088751,0.5682677,-0.1908154,,-0.0455699,-0.0416989,-0.0211183,7.77,0.4661,-1.4962,0.0655228,0.0035217,0.0655228,-0.12435,,,-0.05,,,0.0054619,8.6,6.669371178,8.050480142,3.522854385,3.684921632,0.254030405,0.201135154,-0.068332787,0.109588321,-0.035956062
1989.916667,4.159881023,5.4,4.838660029,8.45,5.567657245,3.645371564,4.184215735,4.082018913,-0.0511646,-3.2684897,-2.5209248,-0.8776547,-0.309387,-0.0956575,,-0.0189462,-0.0150753,-0.0130753,7.72,0.408,-0.14693,-0.0936405,-0.0901188,-0.0936405,-0.16909,,,-0.03,,,-0.0146262,7.97,6.67569711,8.056553583,3.565779182,3.694911226,0.080486165,0.016710598,-0.106172559,0.007076277,-0.208758084
1990,4.153647527,5.4,4.848116365,8.23,5.562065289,3.729421409,4.168694172,4.077893313,0,-3.2684897,-2.5209248,0,-0.309387,-0.1036358,0,-0.0183871,-0.0122581,-0.0122581,7.92,0.1223,-0.45007,0,-0.0901188,0,0,,,0,0,0,0,8.26,6.678845133,8.061013569,3.528593324,3.696798019,0.125473056,-0.000194716,0.004768036,0.104272727,-0.22509261
1990.083333,4.163004267,5.3,4.852030264,8.24,5.566434284,3.666148042,4.172708939,4.082491255,0.3175005,-2.9509892,-2.2091209,-0.0806848,-0.3900717,-0.0105,-0.015,0.015,0.0075,0.0075,8.11,0.2427,1.2819,0.0981878,0.008069,0.0981878,-0.014,-0.01,-0.02,0.02,0.0049314,-0.0155746,0.0004841,8.29,6.682233903,8.064919455,3.430205871,3.684645504,-0.080193587,0.625542662,0.184014045,0.120594945,0.297027326
1990.166667,4.168435749,5.2,4.856706812,8.28,5.585299194,3.662971729,4.176723001,4.087168878,-0.070355,-3.0213442,-2.3010946,-0.0381942,-0.428266,-0.0035,-0.0075806,0.0024194,-0.0000806,-0.001371,8.35,0.35,1.0507,-0.0923568,-0.0842878,-0.0923568,0,0,-0.02,-0.02,-0.0123064,-0.017689,-0.0261724,8.3,6.686484972,8.068308969,3.50813665,3.700733912,-0.18091639,-0.047868994,0.141791489,-0.008981433,-0.356121157
1990.25,4.167388993,5.4,4.85903691,8.26,5.609911259,3.666966101,4.171614198,4.091523921,0,-3.0213442,-2.3010946,0,-0.428266,0,-0.0174194,-0.0174193,-0.0174194,-0.026129,8.4,-0.0302,-0.58345,0,-0.0842878,0,0,0,0,0,0,0,0,8.23,6.692207804,8.071905589,3.565864003,3.704285174,-0.03773459,-0.012680165,0.124861912,-0.068822194,-0.220266512
1990.333333,4.169028321,5.4,4.860587298,8.18,5.623295224,3.645737061,4.17233902,4.094794461,0.0411603,-2.9801839,-2.25671,0.1859241,-0.2423418,0,0,-0.0103226,-0.0103226,-0.0103226,8.32,-0.0717,-0.57636,-0.0158579,-0.1001457,-0.0158579,0,0,0,-0.02,0.0039583,0.0221139,-0.0246465,8.23,6.689847994,8.071562124,3.489543978,3.696128119,0.261709655,-0.036604278,0.038870754,-0.130652012,0.050058903
1990.416667,4.172386809,5.2,4.866764924,8.29,5.624017506,3.646258968,4.177474806,4.097672352,0,-2.9801839,-2.25671,0,-0.2423418,0,0,-0.0096774,-0.0096774,-0.0096774,8.1,0.037,-0.21339,0,-0.1001457,0,0,0,0,0,0,0,0,8.32,6.695551668,8.075582637,3.522972439,3.692174021,0.182261676,-0.102326637,0.070488286,0.029853718,-0.080825652
1990.5,4.171347269,5.5,4.871373227,8.15,5.624342363,3.648890446,4.17633921,4.101088438,-0.0973543,-3.0775382,-2.3229149,0.1565353,-0.0858065,-0.0844397,-0.0664516,-0.0158065,-0.0096774,-0.0183871,7.94,0.0076,-1.1359,-0.1983469,-0.2984926,-0.1983469,-0.13777,-0.07999,-0.1,-0.03,0.0108383,0.0054268,0.0259065,8.05,6.697157697,8.078874258,3.494475195,3.691326458,0.168754892,0.009931573,-0.019255275,0.217255678,-0.151487882
1990.583333,4.174081069,5.7,4.879767019,8.13,5.609581679,3.634502463,4.177229381,4.104129863,0.1683711,-2.9091671,-2.1720876,0.8776377,0.7918311,-0.0533303,-0.0335484,-0.0141935,-0.0103226,-0.0116129,7.78,-0.2701,-0.10383,0.1182041,-0.1802885,0.1182041,0,0,0,0,0.0021929,0.028664,0.0141595,8.06,6.70404664,8.084315776,3.47896057,3.690727745,0.347109805,0.103641988,0.064851155,0.112364153,0.016938866
1990.666667,4.175927621,5.9,4.886582645,8.2,5.604919324,3.645058175,4.17273976,4.102957365,0,-2.9091671,-2.1720876,0,0.7918311,0,0,0,0,0,7.76,-0.0505,1.606,0,-0.1802885,0,0,0,0,0,0,0,0,8.03,6.709548213,8.0881933,3.504355474,3.700610377,0.2173171,0.501676243,0.401191252,0.302698673,0.008506137
1990.75,4.168276328,5.9,4.893352133,8.11,5.593074353,3.623914175,4.163777337,4.102064685,-0.0942083,-3.0033754,-2.2914648,-0.1096345,0.6821966,0.0074526,-0.011281,-0.0167742,0,-0.0103226,7.55,0.1004,0.59769,-0.182533,-0.3628215,-0.182533,-0.01893,-0.01,-0.02999,0,-0.0125266,-0.0065119,-0.0131072,9.52,6.709182382,8.089605166,3.468263955,3.699225746,0.186362458,0.435685468,0.419219456,0.219574982,-0.111961142
1990.833333,4.156509957,6.2,4.895598484,7.81,5.566204812,3.617893526,4.170641803,4.098934015,0.053755,-2.9496204,-2.3074553,0.2390524,0.921249,-0.0157576,-0.0130424,0.0224409,0,-0.0040107,7.31,0.26,-0.95043,0.1195102,-0.2433113,0.1195102,0.01875,0.01,0.01,0.01,0.0185799,0.0784869,0.0544324,7.61,6.711862042,8.09058616,3.507897,3.707848401,0.483559813,0.519992519,0.26957358,0.222471297,0.224663434
1990.916667,4.149661003,6.3,4.899331225,7.31,5.558718166,3.602858496,4.161598144,4.100078094,-0.0827227,-3.0323431,-2.4631736,-2.416306,-1.495057,-0.1617195,-0.0956667,-0.0659893,-0.0522581,-0.010828,7.05,0.1931,-1.2614,0.0785171,-0.1647942,0.0785171,-0.30504,-0.16,-0.19,-0.14,-0.0481907,-0.0644062,-0.0624542,5.53,6.715019684,8.093370611,3.408735565,3.724825581,0.814151051,0.109098224,-0.021615957,-0.048706711,0.082494052
1991,4.145392493,6.4,4.903050083,6.91,5.550437026,3.549243754,4.159476657,4.096924564,0,-3.0323431,-2.4631736,0,-1.495057,-0.2395413,-0.1674193,-0.1780645,-0.1251613,-0.0722581,6.64,0.2213,0.18525,0,-0.1647942,0,-0.13478,-0.1,-0.1,-0.14,0,0,0,8.18,6.718046504,8.098156403,3.089222617,3.732585286,0.60477405,-0.122334168,-0.056859022,0.003983646,-0.082978341
1991.083333,4.138568763,6.6,4.903792198,6.25,5.542282634,3.5751787,4.163155195,4.100558549,-0.2267741,-3.2591172,-2.7140226,-0.127288,-1.622345,-0.1030241,-0.2304378,-0.08947,-0.0904378,-0.0604377,6.27,0.1405,-1.9876,-0.3469664,-0.5117606,-0.3469664,-0.07259,-0.07,-0.21,-0.06,-0.0295951,0.0100581,0.0198223,6.99,6.724553335,8.103131236,2.985126228,3.734187372,0.694240296,0.123717057,0.122389197,0.099742983,-0.241762878
1991.166667,4.133042703,6.8,4.903792198,6.12,5.545255566,3.634634439,4.174741053,4.102825167,0.2594308,-2.9996864,-2.4853877,-0.5566753,-2.17902,-0.0240903,-0.0363364,-0.0656912,-0.0440784,-0.0476267,6.4,0.0952,1.5826,0.2725143,-0.2392463,0.2725143,-0.04695,-0.02,-0.06,-0.09,0.019455,0.004992,-0.0254681,5.53,6.731853074,8.108382493,3.077865103,3.728508738,0.854586665,-0.230654345,-0.108958016,0.049339028,-0.167083185
1991.25,4.135323344,6.7,4.906015245,5.91,5.54576321,3.589390556,4.170193875,4.10852685,0,-2.9996864,-2.4853877,0,-2.17902,-0.0288599,-0.0321398,-0.0334516,-0.0343978,-0.0895162,6.24,0.0926,0.64967,0,-0.2392463,0,-0.18,0,-0.19,-0.21,0,0,0,5.98,6.737085575,8.111478052,3.156915311,3.73090872,0.651534748,-0.271894707,0.177364783,-0.289276439,-0.289759774
1991.333333,4.145025002,6.9,4.909709376,5.78,5.526090186,3.587095867,4.175678743,4.110709916,0.2320168,-2.7676696,-2.226571,0.0604736,-2.118547,-0.1633722,-0.1946344,-0.2030001,-0.1781828,-0.1340322,6.13,0.107,0.14789,0.1427833,-0.096463,0.1427833,0.01938,0.01,-0.02,0,0.0373227,-0.0015692,0.019448,5.92,6.743823587,8.114653799,3.103779178,3.74232543,0.453619982,-0.164112423,0.223353335,0.134022244,-0.257244004
1991.416667,4.154361941,6.9,4.912654886,5.9,5.509914514,3.599474305,4.169142772,4.111234455,0,-2.7676696,-2.226571,0,-2.118547,0.0087522,-0.0090322,0,0.0045161,0.0090322,6.36,0.0332,2.1915,0,-0.096463,0,0,0,0,0,0,0,0,6.74,6.753087799,8.117312462,3.16425067,3.746676553,0.258109013,-0.093813033,0.269911481,0.187940231,-0.447683225
1991.5,4.154832704,6.8,4.914124394,5.82,5.49433635,3.60899715,4.176676954,4.113934749,-0.0594382,-2.8271078,-2.3037942,0.1565353,-1.962011,0,0.0087097,0.0174193,0.0174193,0.0087097,6.31,0.116,0.36654,0.0378419,-0.0586211,0.0378419,0,0,0.01,0.02,0.0135981,0.0272784,0.0411079,5.85,6.758791126,8.11847527,3.146778138,3.74771424,0.06846899,-0.270968828,0.288351647,-0.044621772,-0.432516875
1991.583333,4.155701465,6.9,4.917056947,5.66,5.497127241,3.599200887,4.174771811,4.114163529,0.1195838,-2.707524,-2.166994,0.8313584,-1.130653,-0.112,-0.0803226,-0.0993549,-0.0790323,-0.0670968,5.78,0.0752,-0.037041,-0.0453634,-0.1039845,-0.0453634,-0.062,-0.11,-0.08,-0.11,0.038297,0.0276037,0.0161633,5.5,6.76480827,8.118117627,3.126190198,3.759547588,0.216303449,-0.187144996,0.169999341,0.051548301,-0.085345204
1991.666667,4.1646539,6.9,4.919980926,5.45,5.494665095,3.613509147,4.168585859,4.114767912,0,-2.707524,-2.166994,0,-1.130653,0.0182359,0.0016129,-0.0080645,0.013613,-0.0016129,5.57,0.0893,-0.17048,0,-0.1039845,0,-0.05294,-0.03,0,0,0,0,0,5.6,6.768148325,8.118087817,3.154571943,3.766187657,0.27563538,-0.101241331,0.037705829,0.275076441,0.022018574
1991.75,4.16263074,7,4.921439715,5.21,5.498396978,3.583102185,4.166308571,4.115274005,-0.0072307,-2.7147547,-2.2033549,0.1815766,-0.9490764,-0.0334573,-0.0025806,-0.0109677,0.0176774,0.0096774,5.33,0.0863,-0.26748,0.0599371,-0.0440474,0.0599371,-0.0407,-0.03,-0.04,-0.03,-0.0131395,0.0210075,-0.0123904,5.23,6.777646594,8.119577198,3.143030961,3.778674453,0.000739274,-0.139665842,0.131416491,0.297000641,-0.222500159
1991.833333,4.161683845,7,4.925803359,4.81,5.488483077,3.588534119,4.16579663,4.122105633,0,-2.7147547,-2.2033549,-2.031689,-2.980766,-0.111752,-0.1374193,-0.0940323,-0.0746775,-0.0746774,4.89,0.0964,-1.4971,0,-0.0440474,0,-0.1,-0.08,-0.12,-0.09,-0.0375272,-0.0729873,-0.0503751,4.86,6.788521191,8.121183242,3.218835824,3.795668948,0.345499597,-0.094987217,0.084963122,0.114046542,0.052453965
1991.916667,4.157511831,7.3,4.928701911,4.43,5.48346825,3.600676458,4.162065514,4.124178408,0,-2.7147547,-2.2033549,1.279481,-1.701285,-0.1369421,-0.1206452,-0.1227419,-0.1143548,-0.0640322,4.38,0.0283,-1.5442,0,-0.0440474,0,-0.31866,-0.11,-0.25,-0.28,0.0725924,0.0769802,0.076642,4.09,6.799055862,8.123142688,3.283539338,3.813858757,0.335665555,0.010894375,0.087198827,0.208900464,-0.051210835
1992,4.151458716,7.3,4.929425239,4.03,5.474117706,3.62912945,4.183423245,4.133164554,0,-2.7147547,-2.2033549,0,-1.701285,-0.1983844,-0.1493548,-0.172258,-0.1706451,-0.1009678,4.15,-0.0394,-1.3435,0,-0.0440474,0,0,0,0,0,0,0,0,4.4,6.813884063,8.125719742,3.234867277,3.831723598,0.489831261,-0.100735839,-0.0909273,0.160259801,0.024156736
1992.083333,4.158726821,7.4,4.931592087,4.06,5.469999188,3.638664525,4.180843308,4.134174064,0.0497054,-2.6650493,-2.2031349,0.0519576,-1.649327,0.0104358,0,-0.0082759,0.0082759,-0.0082759,4.29,-0.0127,0.87444,0.0523735,0.0083261,0.0523735,0.01261,0.01,0,-0.01,0.0149185,0.0215657,0.0192687,4.13,6.83000993,8.13123655,3.213581836,3.861297971,0.485975151,-0.185580277,-0.080659577,0.01723311,-0.016308448
1992.166667,4.167429273,7.4,4.935193099,3.98,5.479471576,3.620038357,4.174218025,4.143293444,-0.0609602,-2.7260095,-2.3280933,-0.3221694,-1.971497,0.0021741,0,-0.0017241,0.0017241,-0.0017241,4.63,-0.0376,0.25556,-0.0720957,-0.0637696,-0.0720957,0,0,0,0,-0.0110161,-0.0159465,-0.0093733,4.07,6.84236306,8.132383288,3.333703386,3.875047769,0.029226679,-0.162315461,0.253223617,0.001884579,-0.286374531
1992.25,4.174674921,7.4,4.937347498,3.73,5.494870506,3.614613777,4.182401226,4.142420185,0,-2.7260095,-2.3280933,0,-1.971497,-0.146796,-0.1493334,-0.1833334,-0.1586667,-0.1733333,4.3,-0.0148,-1.81,0,-0.0637696,0,-0.20394,-0.14,-0.2,-0.25,0,0,0,3.85,6.849914279,8.131148285,3.119983236,3.890881082,-0.111340432,-0.163660783,0.335633319,-0.04389744,-0.237560797
1992.333333,4.178126424,7.6,4.939497266,3.82,5.50464024,3.6367437,4.185920506,4.145021834,0.1565276,-2.5694819,-2.1787347,1.07835,-0.8931464,-0.0571439,-0.0467997,-0.0589247,-0.0574623,-0.0627958,4.19,-0.0962,0.52329,0.0249249,-0.0388447,0.0249249,0,0,0.00999,0.02,0.0055148,0.0252772,0.0288966,3.8,6.857093364,8.130795146,3.048561887,3.895527703,-0.021714405,-0.19948514,0.136925314,0.229708834,-0.135928973
1992.416667,4.178238307,7.8,4.942356453,3.76,5.51213759,3.656872658,4.182782699,4.146778872,0,-2.5694819,-2.1787347,0,-0.8931464,0,0.0061229,0.0122581,0.006129,0.006129,4.17,-0.1483,-0.51384,0,-0.0388447,0,0,0,0,0,0,0,0,4.53,6.860978087,8.129263436,3.055744943,3.892656683,0.046254156,-0.137211607,0.11631041,0.208825004,-0.049084148
1992.5,4.186998186,7.7,4.945207489,3.25,5.509388337,3.648031418,4.186528649,4.152346139,-0.0457016,-2.6151835,-2.2604484,-5.539924,-6.43307,-0.0827613,-0.2903225,0,0.0387096,0.0387096,3.6,-0.2332,-3.1631,-0.0614905,-0.1003352,-0.0614905,-0.08552,-0.08,-0.3,0,-0.0728434,-0.2643203,0.0146065,3.37,6.87036489,8.129351868,3.054378469,3.901386639,0.183910105,-0.046680167,0.180516211,0.155521009,0.107813317
1992.583333,4.182153954,7.6,4.947340444,3.3,5.500278139,3.656407914,4.189427443,4.153603546,0.0116073,-2.6035762,-2.262762,0.3809592,-6.052111,0.0080731,-0.0054839,0.0041935,-0.0029032,0.0054839,3.47,-0.063,0.81421,-0.0716269,-0.1719621,-0.0716269,0.02583,0.01,0.01,0.01,0.0016199,0.0296346,0.0253724,3.51,6.881103248,8.130795146,3.057250614,3.916592549,0.101279373,-0.183572158,-0.032584049,0.412460546,-0.115532837
1992.666667,4.184310182,7.6,4.949468859,3.22,5.505737957,3.667502588,4.192952329,4.160366358,0,-2.6035762,-2.262762,0,-6.052111,0.0149982,0.0148064,-0.0031936,-0.0148064,-0.0121936,3.18,0.0109,0.13372,0,-0.1719621,0,0,0,0.01,-0.01,0,0,0,4.47,6.895682698,8.134174272,3.119762422,3.933921474,0.243793497,-0.137937931,0.004839028,0.105157124,0.101422022
1992.75,4.191882562,7.3,4.953712147,3.1,5.48691088,3.67622472,4.199905058,4.161255268,-0.1153874,-2.7189636,-2.4349905,1.47447,-4.577641,0,0.0090646,0.0070646,-0.001,-0.002,3.3,0.0008,0.065621,-0.0489976,-0.2209597,-0.0489976,0,0,0.01,0.01,0.0092725,0.0622011,0.026455,3.04,6.911448451,8.138097338,3.162686353,3.963191292,0.265956287,-0.109107868,0.055971711,0.091465234,-0.019479249
1992.833333,4.196218005,7.4,4.956531035,3.09,5.473530384,3.657878863,4.197126757,4.16852396,0.0327609,-2.6862027,-2.4600974,-0.951564,-5.529205,-0.0216625,0.0019355,0.0019355,0.0043334,0.0043334,3.68,0.0508,-0.21359,0.0488004,-0.1721593,0.0488004,-0.04999,-0.02,0,0,-0.0210853,0.0272076,0.0116822,3.45,6.923333309,8.138827553,3.237972321,3.982406909,-0.050941421,-0.05864535,0.248049731,-0.010409223,-0.385338299
1992.916667,4.197080136,7.4,4.957937505,2.92,5.470462317,3.69654996,4.201792897,4.169699376,-0.1789933,-2.865196,-2.6926533,-0.1870231,-5.716228,-0.0170834,-0.0029032,-0.0029032,0.0027634,-0.0059463,3.71,0.0825,-0.87824,-0.1858393,-0.3579986,-0.1858393,0.03873,0.00999,-0.01,-0.01,-0.0137785,-0.0047101,-0.0148007,2.66,6.932350326,8.138301852,3.234788543,3.994505811,0.000722476,-0.183623727,0.284887995,-0.201977371,-0.2031691
1993,4.201423101,7.3,4.96144505,3.02,5.474578932,3.705146427,4.201598285,4.165781112,0,-2.865196,-2.6926533,0,-5.716228,0.0274858,-0.0070968,-0.0070968,-0.0070968,-0.0283871,3.5,0.0345,0.57986,0,-0.3579986,0,0,0,0,0,0,0,0,3.02,6.937702355,8.136606045,3.163151676,4.003799677,-0.002249,-0.327819935,0.021675079,0.051263338,-0.04389518
1993.083333,4.205422204,7.1,4.963543687,3.03,5.474746598,3.67999006,4.20135871,4.173602347,0.035227,-2.829969,-2.6626846,-0.3561501,-6.072378,0,-0.0178571,0,0.0089285,0,3.39,-0.0111,0.81493,-0.0905709,-0.4485695,-0.0905709,0,0,-0.02,0,-0.0133489,-0.010101,-0.0022956,3.18,6.940706379,8.135200439,3.157851123,4.000784517,-0.037349034,-0.114076825,0.117391895,0.196016815,0.020119421
1993.166667,4.20472844,7,4.964940335,3.07,5.473740182,3.674603029,4.198884741,4.171321035,-0.0385323,-2.8685013,-2.7226141,0.2812876,-5.79109,0,-0.0021429,0,0.0010715,0.0103226,3.33,0.0012,0.38142,-0.1336903,-0.5822598,-0.1336903,0,-0.01,0,0,-0.0288585,0.0101242,0.0012739,3.83,6.945436346,8.134408918,3.194050203,4.005130762,-0.022356288,-0.170814118,0.006720153,0.183074122,0.035330191
1993.25,4.207722353,7.1,4.968423445,2.96,5.468102334,3.71024948,4.203497876,4.173186549,0,-2.8685013,-2.7226141,0,-5.79109,0,0,0,0,0.0296774,3.24,0.0059,-0.49021,0,-0.5822598,0,0,0,0,0,0,0,0,3.01,6.954257113,8.134291602,3.294539729,4.012501624,0.272100775,-0.095477804,0.063067595,0.100065664,0.106141476
1993.333333,4.204280594,7.1,4.971201225,3,5.46005349,3.726753107,4.212349795,4.171938119,0.3306535,-2.5378478,-2.3865859,-0.5148711,-6.305962,-0.0108318,-0.0083871,-0.0083871,-0.0083871,-0.0125806,3.36,-0.0094,-0.16542,0.1540541,-0.4282057,0.1540541,-0.02583,-0.01,-0.02,-0.02,-0.0075847,-0.0089273,-0.0074855,3.02,6.971574792,8.141772205,3.256479847,4.034842227,-0.048399564,-0.038490974,0.003390175,0.165135942,-0.040937911
1993.416667,4.206143805,7,4.971894466,3.04,5.452539472,3.718778004,4.209724713,4.18018581,0,-2.5378478,-2.3865859,0,-6.305962,-0.0149982,-0.0116129,-0.0116129,-0.0116129,-0.0174193,3.54,-0.0913,1.1287,0,-0.4282057,0,0,0,0,0,0,0,0,3.92,6.980168959,8.143372089,3.275104918,4.041383211,0.122501922,-0.071141923,-0.040580755,0.011826753,0.073835896
1993.5,4.209283557,6.9,4.973279508,3.06,5.461541048,3.735190357,4.216842392,4.181958535,0.0352706,-2.5025772,-2.3738807,0.096495,-6.209466,0.0208721,0,-0.0077419,0,0,3.47,-0.0981,0.11726,-0.0440386,-0.4722443,-0.0440386,0.02696,0.02,0,-0.01,0.0072311,0.0034574,-0.002669,3.07,6.988966534,8.14322675,3.278049984,4.05154144,0.16833351,-0.239193693,0.028475193,-0.148691178,-0.064095454
1993.583333,4.20830995,6.8,4.97535348,3.03,5.463619918,3.721128808,4.214598616,4.187121232,0.0682457,-2.4343315,-2.3267188,0.1774205,-6.032046,0.0060878,0.0045161,0.0067742,0,0.0090322,3.44,-0.1259,0.1158,-0.0337469,-0.5059912,-0.0337469,0,0,0.01,0.02,-0.004911,0.0179817,0.0270637,3.19,6.997778782,8.144272715,3.27951927,4.057542256,0.005928871,-0.218395372,-0.084752066,-0.004940576,-0.08054713
1993.666667,4.213128578,6.7,4.976733742,3.09,5.461838294,3.732776715,4.223675479,4.19038175,0.1846016,-2.2497299,-2.1681072,0.0946371,-5.937409,0,0.0084839,0.0109677,-0.003,0.0049677,3.36,-0.0376,0.72564,0.0441352,-0.461856,0.0441352,0,0,0.01,0,0.0084072,0.0258622,-0.0106391,3.99,7.00687637,8.146158495,3.306043856,4.068069031,0.150717799,-0.160262166,-0.065813925,0.033553179,0.003039373
1993.75,4.220665858,6.8,4.980863136,2.99,5.470588587,3.745141633,4.221417645,4.191350273,0,-2.2497299,-2.1681072,0,-5.937409,0,0.007,0,-0.007,-0.0139999,3.39,-0.1111,-0.26669,0,-0.461856,0,0,0,0,0,0,0,0,3.03,7.014904194,8.147433008,3.342048753,4.082761065,-0.002706644,-0.203141932,-0.112181968,0.130501096,-0.068716562
1993.833333,4.224808338,6.6,4.983606622,3.02,5.487200681,3.752745874,4.22630806,4.192484069,-0.0450063,-2.2947362,-2.2521794,0.0440441,-5.893365,0.0107708,0,0,0,0,3.58,-0.1693,-0.41717,-0.1588845,-0.6207405,-0.1588845,0.02308,0.01,0,0,-0.0059419,-0.0097024,-0.0136355,3.16,7.024737994,8.151333338,3.367916327,4.097921491,-0.169334488,0.007952993,0.092700198,0.098014957,-0.084958835
1993.916667,4.230099938,6.5,4.985659308,2.96,5.503215478,3.762478368,4.228205067,4.195410871,-0.1333112,-2.4280474,-2.4145506,0.1056618,-5.787703,0.0123093,-0.0032258,0,0,-0.0258064,3.61,-0.1999,-0.93965,-0.3139902,-0.9347307,-0.3139902,0,0,-0.01,0,-0.0460531,-0.0522943,-0.0475011,2.85,7.029618867,8.152601277,3.379633204,4.1023954,-0.126810399,-0.135919311,0.144535574,-0.14134776,-0.072311947
1994,4.233767317,6.6,4.985659308,3.05,5.512743027,3.763546199,4.23223519,4.198013648,0,-2.4280474,-2.4145506,0,-5.787703,0,-0.0067742,0,0,-0.0541936,3.54,-0.2694,-0.12523,0,-0.9347307,0,0,0,0,0,0,0,0,3.68,7.031387839,8.152601277,3.324712227,4.107951566,-0.21503792,-0.342838866,-0.114454204,-0.05800516,-0.050489823
1994.083333,4.234034038,6.6,4.988389685,3.25,5.526169814,3.784984772,4.239497743,4.203557647,0.2618445,-2.1662029,-2.1872477,1.650469,-4.137234,0.1458303,0,0.1339285,0.125,0.1428571,3.87,-0.46,0.92871,0.0862723,-0.8484584,0.0862723,0.16333,0.14,0,0.15,0.1136575,0.0013754,0.1185914,3.49,7.035532649,8.152831638,3.292609441,4.101750404,0.003396023,-0.173167771,0.065985244,0.018764136,0.1173877
1994.166667,4.244319392,6.5,4.991112628,3.34,5.536231297,3.782392566,4.244056835,4.202436345,0.3355493,-1.8306536,-1.8726575,-0.4439781,-4.581213,0.0174965,0,-0.0000575,-0.001129,0.0010139,4.32,-0.352,0.0037052,0.1579792,-0.6904792,0.1579792,-0.00001,0,0,-0.05,0.0011647,0.0221783,-0.047771,4.18,7.038871257,8.15409768,3.310360515,4.098402982,-0.067428505,-0.059459337,0.151641228,-0.116307209,0.051642949
1994.25,4.249573232,6.4,4.991792206,3.56,5.533508059,3.804437795,4.245605356,4.204065557,0,-1.8306536,-1.8726575,0,-4.581213,0.0649976,0.052,0.0007956,0.0051291,0.0051291,4.82,-0.3216,0.52159,0,-0.6904792,0,0.15001,0.06001,0.12,0.08,0,0,0,3.73,7.039747988,8.154442686,3.387841927,4.100657924,-0.466164379,-0.164072872,0.214508785,-0.095196167,-0.051509976
1994.333333,4.254996917,6.1,4.993828176,4.01,5.547791213,3.770758935,4.244114231,4.208595441,0.321621,-1.5090326,-1.5839441,-1.093851,-5.675064,0.1385798,0.0921935,0.0114625,0.0171291,0.0171291,5.31,-0.3215,1.1674,0.3097633,-0.3807159,0.3097633,0.11072,0.05,0.05,-0.07,0.0208266,0.0378915,-0.0816925,4.6,7.041674097,8.157141123,3.288028684,4.090537324,-0.313686938,-0.264068815,0.228670979,-0.204968,0.087446958
1994.416667,4.261480567,6.1,4.99653637,4.25,5.547908088,3.787683523,4.249751595,4.212557135,0,-1.5090326,-1.5839441,0,-5.675064,0.0571458,0.0258064,-0.036129,-0.0361291,-0.0361291,5.27,-0.3661,0.29732,0,-0.3807159,0,0,0,0,0,0,0,0,5.96,7.043334573,8.153838847,3.277333394,4.089583245,-0.293709234,-0.232719669,0.167778911,-0.102397549,0.13091433
1994.5,4.263267029,6.1,4.999911331,4.26,5.560489305,3.786777192,4.249066507,4.212023889,0.0799912,-1.4290414,-1.512212,0.0267156,-5.648348,-0.0416,0,0,0.0083871,0.0083871,5.48,-0.3252,-2.032,-0.0383297,-0.4190456,-0.0383297,-0.0496,-0.04,0,0,-0.0365863,0.0107008,-0.0071254,4.29,7.048125732,8.15628071,3.257904212,4.092058618,-0.264782728,-0.101859094,0.135447572,0.125452589,0.146434008
1994.583333,4.268800544,6,5.003946306,4.47,5.576441406,3.802542905,4.258360704,4.2158097,0.4314457,-0.9975957,-1.0959365,0.5268433,-5.121505,0.0559949,0,0.0154839,0.0067742,0.0016129,5.56,-0.2977,0.60216,0.4443426,0.025297,0.4443426,0.12399,0.06,0,0.03,0.046937,0.019189,0.0386752,4.7,7.048038824,8.155505706,3.23048814,4.085825041,-0.199697564,-0.089834809,0.157413651,0.041444653,0.277343419
1994.666667,4.272559086,5.9,5.005957705,4.73,5.589829595,3.805150236,4.257752263,4.217888748,0.06949,-0.9281057,-1.0538582,-0.182105,-5.30361,0.0479952,-0.0039999,0.0118494,0.0035053,0,5.76,-0.4307,0.41399,0.0573064,0.0826034,0.0573064,-0.09,-0.02,-0.03,-0.02,-0.0243531,-0.0144244,-0.016678,5.44,7.049168032,8.155563134,3.225613079,4.082828506,-0.303451148,-0.121369377,0.135628001,0.133240429,0.110059885
1994.75,4.281229303,5.8,5.006627273,4.76,5.594488306,3.83020539,4.264720048,4.219845883,0,-0.9281057,-1.0538582,0,-5.30361,-0.0780001,-0.026,-0.0173333,-0.0086666,0,6.11,-0.328,-0.8507,0,0.0826034,0,0,0,0,0,0,0,0,4.9,7.047691119,8.155017431,3.208340523,4.077435744,-0.230201244,-0.207603157,0.098831158,-0.057270341,0.235189834
1994.833333,4.287460428,5.6,5.009301071,5.29,5.616807461,3.836911453,4.262116338,4.220536587,0.6061283,-0.3219774,-0.5043839,1.259038,-4.044572,0.064,0.0426667,0.0213332,0.016,0.016,6.54,-0.3049,2.5708,0.51236,0.5949634,0.51236,0.12,0.06,0.08,0.04,0.0381431,0.050638,0.0085892,5.66,7.048299524,8.155850226,3.207248489,4.080296346,-0.340354334,-0.306579655,0.237955725,-0.080094561,0.015325171
1994.916667,4.297987201,5.5,5.011301739,5.45,5.643961696,3.831094906,4.270047039,4.223001594,-0.2163531,-0.5383305,-0.7527546,-0.7985792,-4.843151,-0.0312749,0.0179784,0.0225377,0.0178709,0.021742,7.14,-0.2541,-0.15072,-0.2378768,0.3570866,-0.2378768,-0.22546,-0.08,-0.05,0.01,-0.1016249,-0.0636603,-0.0164366,4.94,7.048125732,8.155563134,3.205628465,4.081883916,-0.39956497,-0.148442725,0.176676365,-0.061843497,0.226371338
1995,4.30007471,5.6,5.013963084,5.53,5.663828159,3.816150668,4.274274372,4.224451348,0,-0.5383305,-0.7527546,0,-4.843151,-0.1381851,-0.0306451,0.006129,0.006129,0.0122581,7.05,-0.2736,-1.1105,0,0.3570866,0,0,0,0,0,0,0,0,5.86,7.048733872,8.157141123,3.103060851,4.082137019,-0.322074519,-0.325155085,0.184554398,-0.014975064,0.080602976
1995.083333,4.298889561,5.4,5.016617366,5.92,5.654697267,3.799167808,4.263876344,4.229050265,0.5159812,-0.0223493,-0.2506211,0.7342433,-4.108908,0.06223,0,0.05,0.0600001,0.0599999,6.7,-0.327,1.8563,0.4136653,0.7707519,0.4136653,0.06223,0.06001,0,0.05,0.0566115,0.0093804,0.0453254,6.1,7.045253792,8.156338094,3.079199879,4.070615236,-0.186655796,-0.149146412,0.082787071,0.080412706,0.255964534
1995.166667,4.300571159,5.4,5.018603464,5.98,5.65588691,3.819995432,4.269459659,4.231174675,0.2422047,0.2198554,-0.0069164,1.065744,-3.043164,-0.0012903,0.0025806,0.0025806,0.0025806,0.0025806,6.43,-0.3297,-0.75983,0.0736127,0.8443646,0.0736127,-0.01,0.01,0.02,0.02,0.0268327,0.0385883,0.0332202,6.3,7.044643531,8.156711009,3.11923227,4.062871095,0.052773137,-0.095251975,-0.016922292,0.102875086,0.273229104
1995.25,4.300236151,5.8,5.022563865,6.05,5.657284681,3.796926358,4.267499231,4.23400505,0,0.2198554,-0.0069164,0,-3.043164,-0.0087097,0.0174193,0.0174193,0.0174193,0.0174193,6.27,-0.2596,-0.16261,0,0.8443646,0,0,0,0,0,0,0,0,6.06,7.04690834,8.159002814,3.186063335,4.058078147,0.057935275,-0.113029562,-0.109060773,0.199335672,0.161326828
1995.333333,4.303210674,5.6,5.024538199,6.01,5.6642097,3.818964289,4.274956325,4.238213999,0.2246379,0.4444933,0.2053223,-0.2635801,-3.306744,0.00000286,0,-0.0029032,-0.0029032,0,6,-0.4011,-0.43504,0.1882137,1.0325783,0.1882137,0.00001,0,0,-0.01,0.0356574,0.0368892,0.0321704,6.17,7.04342189,8.1660458,3.066749761,4.051645808,0.171724643,0.059378836,-0.024890345,0.176162006,0.207530667
1995.416667,4.306865223,5.6,5.026508643,6,5.68680585,3.849210993,4.279855472,4.24300879,0,0.4444933,0.2053223,0,-3.306744,0.00000715,0,-0.0070968,-0.0070968,0,5.64,-0.1863,0.42163,0,1.0325783,0,0,0,0,0,0,0,0,6.11,7.042460982,8.173039528,3.047138062,4.044874167,0.264425738,-0.159579002,-0.082087323,0.124040054,-0.041329752
1995.5,4.302858961,5.7,5.027820119,5.85,5.688228808,3.831485175,4.27776274,4.243109335,0.0193463,0.4638396,0.2006714,-1.861424,-5.168168,-0.0936,-0.1258065,-0.2264516,-0.2180645,-0.2096775,5.59,-0.3464,-0.54151,0.0777009,1.1102792,0.0777009,-0.1116,-0.09,-0.15,-0.27,-0.0410845,-0.0892649,-0.2067646,5.97,7.043596502,8.178189754,3.035673881,4.050845376,0.063668765,-0.178778049,-0.267431521,0.182365875,0.003680375
1995.583333,4.315563596,5.7,5.029784113,5.74,5.676445536,3.853185536,4.273146042,4.248195197,-0.0490342,0.4148054,0.1115952,0.3382844,-4.829884,-0.0068935,-0.0241935,-0.0241935,-0.0225806,-0.0241935,5.75,-0.2483,-0.053538,0.0118946,1.1221738,0.0118946,0.03443,0.01,0,0.06,0.0208977,0.0074667,0.0773113,5.93,7.0435092,8.184206872,3.023298801,4.047549906,0.248425477,-0.079054455,-0.034429281,-0.182169811,0.145968276
1995.666667,4.319599217,5.6,5.031091303,5.8,5.672154199,3.864281291,4.282054354,4.246350086,0.0613979,0.4762033,0.1375151,0.6720402,-4.157844,0.0283252,0.005,0.0506451,0.0539784,0.0422044,5.62,-0.2066,1.5873,0.0528043,1.1749781,0.0528043,0.03001,0,0.03,0.06,0.0136418,0.0362684,0.0718786,6.2,7.04053639,8.187855444,3.021448752,4.043630048,-0.152409832,-0.172614272,0.084925982,-0.090357982,-0.342987409
1995.75,4.318241163,5.5,5.033700567,5.76,5.679045694,3.844043906,4.273438694,4.247523341,0,0.4762033,0.1375151,0,-4.157844,0.0250083,0.025,0.05,0.0666667,0.0416666,5.59,-0.1775,0.13394,0,1.1749781,0,0,0,0,0,0,0,0,5.97,7.036412311,8.190936597,2.997680375,4.033780355,0.020689147,-0.176560679,-0.122343782,0.098775873,-0.02948225
1995.833333,4.320750785,5.6,5.035002651,5.8,5.692586702,3.865874349,4.284193274,4.252188414,0.1075207,0.583724,0.1912983,0.5877289,-3.570115,0.0213281,0,0.016,0.0106666,0.016,5.43,-0.0941,0.7445,0.023649,1.1986271,0.023649,0.03999,0.02,0,0.03,0.0454676,0.0111018,0.0270065,6.11,7.033594664,8.192764144,2.998478499,4.027171463,0.237779537,0.00828141,-0.096693507,-0.016985251,0.113618237
1995.916667,4.324566999,5.6,5.036303041,5.6,5.672773288,3.890390705,4.290705986,4.254789676,-0.1249469,0.4587771,0.0209554,-1.442724,-5.012838,-0.0192519,-0.0209677,0.0014195,-0.0032473,-0.0027742,5.31,-0.0863,-0.77955,-0.0926136,1.1060135,-0.0926136,-0.09041,-0.035,-0.05,-0.03,-0.0050795,-0.0100066,-0.0092836,4.73,7.027758071,8.195444036,3.018227351,4.029379283,0.164265453,-0.157229936,-0.093931712,-0.048002503,-0.075606392
1996,4.317987989,5.6,5.041487758,5.56,5.658645629,3.855918154,4.283669317,4.257313391,0.073092,0.5318691,0.0956636,-1.078066,-6.090904,-0.0534642,-0.0296774,-0.0180647,-0.0183871,-0.0245161,5.09,-0.1154,0.4085,-0.0637695,1.042244,-0.0637695,-0.03001,0,-0.02,-0.02,0.0377548,0.0069131,0.0080402,5.71,7.024204092,8.200452991,2.877849233,4.022597903,0.118061259,-0.075835611,-0.08256644,0.084122068,-0.099069348
1996.083333,4.333522867,5.5,5.043425117,5.22,5.65248918,3.883541223,4.289033768,4.261806256,0,0.5318691,0.0956636,0,-6.090904,-0.0290419,-0.0193548,-0.0193548,-0.0290322,-0.0387096,4.94,-0.3302,-1.4117,0,1.042244,0,0,0,0,0,0,0,0,6.05,7.019743781,8.204289033,2.826129489,3.999814078,0.408980803,0.236995353,-0.030601669,-0.049089526,0.080703987
1996.166667,4.332221706,5.5,5.046645732,5.31,5.658122407,3.893410869,4.295024349,4.26521188,0.065497,0.5973661,0.152444,-0.0008667,-6.091771,0.0019355,0.0019336,0.0019355,0.003871,0.0019355,5.34,-0.3411,0.84937,-0.0587495,0.9834945,-0.0587495,0.01,0,0.00999,0.01,-0.0150427,-0.0100669,0.0017149,5.25,7.023402703,8.211129881,2.917500425,4.012302635,-0.256820315,-0.225860435,-0.112081649,0.073303434,-0.314760851
1996.25,4.341035355,5.6,5.050496828,5.22,5.686602405,3.910501849,4.299622808,4.265984271,0,0.5973661,0.152444,0,-6.091771,0.0080645,0.0080564,0.0080645,0.016129,0.0080645,5.54,-0.2953,-0.067605,0,0.9834945,0,0,0,0,0,0,0,0,5.5,7.025360521,8.213950681,2.956783523,4.008931907,0.079720522,0.124939451,0.157659953,-0.188878631,0.067265496
1996.333333,4.348295327,5.6,5.052416828,5.24,5.729775055,3.915716177,4.299134037,4.267092662,0.0063028,0.6036689,0.1262517,0.4516553,-5.640116,-0.00000358,0,0.0070968,0.0035484,0.0070968,5.64,-0.3287,-0.032936,-0.0596167,0.9238778,-0.0596167,-0.00001,0,0,0.02,-0.0065555,-0.0104189,0.0057184,5.31,7.017954071,8.21695259,2.822092917,3.987390184,-0.164108905,-0.07241348,0.230763611,0.040934326,-0.172459782
1996.416667,4.356721647,5.3,5.054333149,5.27,5.734958092,3.900921612,4.307289619,4.269025896,0,0.6036689,0.1262517,0,-5.640116,-0.00000644,0,0.0129032,0.0064516,0.0129032,5.81,-0.305,-0.24083,0,0.9238778,0,0,0,0,0,0,0,0,5,7.01678904,8.220537644,2.811208293,3.984511095,-0.166218974,-0.174584584,0.011321988,-0.055996177,-0.044394209
1996.5,4.354934176,5.5,5.056245805,5.4,5.73511963,3.906145768,4.30742431,4.271178869,-0.0105403,0.5931286,0.085704,-0.3668491,-6.006965,-0.0673268,-0.0280645,-0.0187097,-0.0093548,-0.0093548,5.85,-0.3737,0.25027,-0.0651067,0.8587711,-0.0651067,-0.07197,-0.065,-0.03,-0.02,-0.0717389,-0.0380105,-0.0403188,6.75,7.014275122,8.224538777,2.73508154,3.970480575,-0.2081255,-0.308449153,0.018553992,-0.053662979,-0.041652757
1996.583333,4.360774908,5.1,5.05751888,5.22,5.750347944,3.919455317,4.310678313,4.272644153,-0.0238854,0.5692432,0.0213233,0.109957,-5.897007,-0.0155555,-0.0019355,-0.0012903,0.0070968,0.0032258,5.67,-0.4376,-0.94609,-0.0322948,0.8264763,-0.0322948,-0.02819,-0.01,0,0,-0.0096947,0.0048704,0.0087008,5.28,7.004518947,8.226386242,2.695505174,3.947930544,0.113935597,-0.140810757,-0.078886148,-0.09894037,0.114420488
1996.666667,4.367633549,5.2,5.060694494,5.3,5.734861157,3.922824459,4.309240865,4.274413584,0.0137985,0.5830417,-0.0209879,-1.989464,-7.886471,-0.0452777,-0.0303333,-0.0209999,-0.0040753,-0.0125376,5.83,-0.4249,0.11804,0.0322072,0.8586835,0.0322072,-0.12,-0.02499,-0.13,-0.09,-0.0117172,-0.1021428,-0.0913934,6.09,6.999604933,8.228604041,2.61987451,3.930746619,0.006376608,-0.254863499,-0.087153607,0.075617246,0.061407081
1996.75,4.366869849,5.2,5.063860055,5.24,5.696623577,3.9306681,4.316474266,4.274733698,0,0.5830417,-0.0209879,0,-7.886471,-0.0920001,-0.0996667,-0.069,-0.0536666,-0.0613334,5.55,-0.3811,-0.28664,0,0.8586835,0,0,0,0,0,0,0,0,5.63,6.989980219,8.232573093,2.550304177,3.907030564,-0.193069832,-0.069896528,0.105269174,-0.023311072,-0.08688777
1996.833333,4.375557002,5.4,5.067015628,5.31,5.651927619,3.938567561,4.315753276,4.277415838,0.0730004,0.6560421,0.0268947,0.3286844,-7.557787,-0.0105898,-0.006,-0.006,-0.0120001,-0.018,5.42,-0.349,0.24577,0.0500521,0.9087356,0.0500521,-0.01765,-0.01,-0.01,-0.01,0.0037812,0.0021552,-0.0023243,5.44,6.987951821,8.237796699,2.554432712,3.903305115,0.101404706,-0.043249656,-0.11606028,0.112206274,0.181361467
1996.916667,4.382155376,5.4,5.069532935,5.29,5.657144992,3.937183801,4.319313114,4.282330601,0.0161422,0.6721843,5E-07,0.395685,-7.162102,-0.0017035,-0.0088387,-0.0039999,-0.008,-0.0168387,5.47,-0.443,0.074362,0.0281717,0.9369073,0.0281717,0.01107,0.005,-0.01,0,0.0238994,-0.0007934,0.014021,6.26,6.9859193,8.243387725,2.59016716,3.912622826,-0.165639129,-0.160389128,-0.134922041,0.230880053,-0.03289127
1997,4.383481825,5.3,5.071416766,5.25,5.677301597,3.959784069,4.315873477,4.286643952,0,0.6721843,,0,-7.162102,0.0057135,-0.0051613,0,0,-0.0051613,5.61,-0.3501,-0.17193,0,0.9369073,0,0,0,0,0,0,0,0,5.37,6.985826814,8.247272449,2.457792357,3.904776815,-0.14464362,-0.133023521,0.110244445,-0.009087666,0.049529589
1997.083333,4.395663232,5.2,5.073297055,5.19,5.690832315,3.956690397,4.323668973,4.287715955,0.0197767,0.691961,,0.157481,-7.004621,-0.0313029,0,0.0085714,0.0171429,0.0257143,5.53,-0.4861,-0.23041,0.0099154,0.9468227,0.0099154,-0.03652,-0.03,0,0.01,-0.017019,0.0168405,0.02518,5.5,6.983604591,8.250332835,2.436766274,3.885124462,-0.018413652,-0.108312783,0.107319737,-0.130233457,0.092577759
1997.166667,4.40267082,5.2,5.073923033,5.39,5.696019084,3.970027728,4.33014106,4.286698955,0.102688,0.794649,,0.9079431,-6.096677,0.0038152,0.0090322,0.0161061,0.0197927,0.0189631,5.8,-0.513,0.83114,0.1135224,1.0603451,0.1135224,0.04,0.01,0.04,0.065,0.0058564,0.0380794,0.0577463,7.07,6.977747651,8.254294784,2.440693495,3.864805604,-0.192169486,-0.289815629,-0.078117843,-0.000209729,-0.192620937
1997.25,4.403467625,5.1,5.07454862,5.51,5.677130444,3.957703578,4.321387169,4.292416429,0,0.794649,,0,-6.096677,0.0309677,0.0309677,0.0503225,0.0580645,0.0503227,5.99,-0.4388,0.092982,0,1.0603451,0,0,0,0,0,0,0,0,5.82,6.969696681,8.258396555,2.505281009,3.85212437,-0.230034729,-0.299600643,-0.002706438,-0.205611419,-0.097754603
1997.333333,4.409629642,4.9,5.07454862,5.5,5.678601409,3.950069953,4.320137933,4.29540609,0.0984425,0.8930915,,-1.153122,-7.249799,-0.038187,-0.0348387,-0.0270967,-0.0212903,-0.0193548,5.87,-0.437,-0.92185,0.07472,1.1350651,0.07472,-0.09865,-0.035,-0.09,-0.07,-0.0020745,-0.0527913,-0.0527755,5.58,6.969602682,8.261319815,2.385730674,3.837601138,0.031853633,-0.247559682,-0.007504577,-0.309250704,0.16178257
1997.416667,4.414686207,5,5.076423035,5.56,5.683817834,3.969121417,4.329825033,4.295787687,0,0.8930915,,0,-7.249799,-0.060463,-0.0551615,-0.0429034,-0.0337096,-0.0306453,5.69,-0.5077,-0.44742,0,1.1350651,0,0,0,0,0,0,0,0,6.87,6.971762409,8.265650166,2.333308266,3.84097803,-0.099819355,-0.372130044,-0.170069581,0.102005393,0.085257352
1997.5,4.422300879,4.9,5.077670695,5.52,5.673941633,3.990630838,4.337604417,4.303253954,-0.0493818,0.8437097,,-0.2567794,-7.506578,-0.0206902,-0.0193548,0,0,0,5.54,-0.5254,-0.27696,-0.0193806,1.1156845,-0.0193806,-0.02138,-0.02,-0.02,0,-0.0153208,-0.0177532,-0.006031,5.96,6.971199452,8.270217907,2.290107571,3.836156565,-0.046449513,-0.240834233,-0.207971412,0.083470812,0.078668552
1997.583333,4.432773217,4.8,5.080161357,5.54,5.68744982,4.016617228,4.340019042,4.306683284,0.1114467,0.9551564,,0.4153176,-7.09126,-0.000694,0.0035484,0.0041935,0.0062903,0.0062903,5.56,-0.5012,0.15793,0.1091711,1.2248556,0.1091711,-0.00001,0,0.01,0.01,0.0251257,0.0250355,0.028592,5.52,6.980354971,8.278834474,2.350231746,3.835487474,-0.14996654,-0.31508353,-0.199370898,0.043537139,0.010911141
1997.666667,4.442016938,4.9,5.08264583,5.54,5.681468697,4.00030857,4.341660266,4.309644096,-0.1585259,0.7966305,,0.1356504,-6.95561,-0.00000572,0.0058064,0.00564,0.008543,0.0088764,5.52,-0.599,0.3948,-0.0438883,1.1809673,-0.0438883,0,-0.02,0,-0.005,-0.0138327,0.0122121,0.0012224,5.81,6.972512526,8.282761164,2.276651711,3.824502408,-0.204979065,-0.256529594,0.04901217,0.000514771,-0.048528783
1997.75,4.451023173,4.7,5.084505143,5.5,5.689446876,4.006951294,4.342245765,4.315926895,0,0.7966305,,0,-6.95561,0,0,-0.0048335,-0.0048333,0.0048333,5.46,-0.4728,0.012478,0,1.1809673,0,0,0,0,0,0,0,0,5.56,6.9712933,8.287578749,2.302084968,3.821879456,-0.244790566,-0.092504792,-0.085998086,0.033019935,0.003591402
1997.833333,4.459754743,4.6,5.085742767,5.52,5.684191825,4.03339072,4.350600465,4.313975284,-0.0720625,0.724568,,0.0610262,-6.894584,-0.0263848,0,-0.0190001,-0.0189999,-0.0221667,5.46,-0.396,0.25621,-0.0343106,1.1466567,-0.0343106,-0.04166,-0.02499,0,-0.03,-0.015853,0.0047116,-0.0295989,5.5,6.976254695,8.293349395,2.357451994,3.834234422,-0.288735044,-0.208702468,-0.161216194,0.08492033,-0.033695104
1997.916667,4.463074222,4.7,5.086361005,5.5,5.631426812,4.042717879,4.34742225,4.322011202,0.0043289,0.7288969,,0.1031559,-6.791428,-0.0152752,-0.0051613,-0.0135806,-0.0161614,-0.0179946,5.53,-0.4517,-0.0067933,0.0084732,1.1551299,0.0084732,0,0,-0.01,-0.005,0.0086153,-0.0077128,-0.0080812,5.84,6.977561153,8.297817533,2.367061112,3.840548486,-0.263789015,-0.286061832,-0.216392895,-0.056437603,0.065759767
1998,4.468359135,4.6,5.087596335,5.56,5.589269088,4.027046682,4.351438553,4.322555254,0,0.7288969,,0,-6.791428,0,-0.0048387,-0.0024195,-0.0048387,-0.0048387,5.24,-0.372,1.1383,0,1.1551299,0,0,0,0,0,0,0,0,5.48,6.979145275,8.303554327,2.277062136,3.838354937,-0.009541414,-0.279853686,-0.165798181,-0.217093123,0.049240663
1998.083333,4.469473021,4.6,5.087596335,5.51,5.579314645,4.038867088,4.353035421,4.329811863,-0.0247867,0.7041102,,0.094038,-6.69739,0,0,0.0133929,0.0178572,0.0223215,5.31,-0.3518,0.2722,0.0474539,1.2025838,0.0474539,0,0,0,0.015,0.0137066,0.02095,0.0359162,5.57,6.982677205,8.311545688,2.25507411,3.821770016,-0.055896772,-0.318798678,-0.340022922,-0.086945308,-0.016782099
1998.166667,4.470337375,4.7,5.087596335,5.49,5.596902286,4.041506215,4.357285583,4.334843304,-0.026396,0.6777142,,0.105662,-6.591728,-0.0003226,0,0.0016072,0.0023042,0.0026785,5.39,-0.4017,0.63536,-0.0330344,1.1695494,-0.0330344,-0.01,-0.015,0,0,-0.0138967,-0.0017091,-0.0035658,5.88,6.981841822,8.317814994,2.31944221,3.824567894,0.045741177,-0.273119642,-0.20277303,-0.148355075,0.088863732
1998.25,4.474037058,4.3,5.088830142,5.45,5.597198989,4.064194585,4.364168116,4.336048139,0,0.6777142,,0,-6.591728,-0.0096774,0,0,0.0048387,0,5.38,-0.4764,-0.19202,0,1.1695494,0,0,0,0,0,0,0,0,5.59,6.981470317,8.324069501,2.412873447,3.829923183,0.071245971,-0.235678105,-0.165948422,-0.221152778,0.037418276
1998.333333,4.480444481,4.4,5.091293197,5.49,5.621921448,4.097954704,4.362933006,4.340813939,-0.0667749,0.6109393,,-0.1063806,-6.698109,-0.0108361,-0.0041935,-0.0062904,-0.0062903,-0.0062903,5.44,-0.4354,0.21889,0.076346,1.2458954,0.076346,-0.02584,-0.01,-0.01,-0.015,0.0130552,0.0229438,0.0003227,5.63,6.983882639,8.32980281,2.283096416,3.815049443,-0.124752876,-0.181281944,-0.173117609,-0.053224698,0.065820795
1998.416667,4.474010835,4.5,5.092522454,5.56,5.609728173,4.09289351,4.370776084,4.349322642,0,0.6109393,,0,-6.698109,-0.0150039,-0.0058064,-0.0087097,-0.0087097,-0.0087097,5.41,-0.4212,-0.21664,0,1.2458954,0,0,0,0,0,0,0,0,7.06,6.981284512,8.334567588,2.269441874,3.810344591,-0.078656704,-0.138045493,-0.117473891,-0.115835368,-0.039652605
1998.5,4.470259557,4.5,5.094976443,5.54,5.586161926,4.08973395,4.372948049,4.350303742,0.0328574,0.6437967,,-0.2325718,-6.93068,-0.0051599,0.00999,0,0.005,0.005,5.36,-0.3848,0.11951,0.0941053,1.3400007,0.0941053,-0.00516,-0.005,0.00999,0,0.0071433,0.0190771,0.0118176,5.63,6.980168959,8.339166399,2.26675064,3.798540708,0.30945652,-0.119289416,-0.218768662,-0.277626958,0.160658323
1998.583333,4.490515502,4.5,5.096201182,5.55,5.564098863,4.113051819,4.37068759,4.353485689,0.099412,0.7432087,,0.3544174,-6.576263,0.0053878,0.0045161,-0.0022581,0,-0.0022581,5.21,-0.038,0.68442,0.079864,1.4198647,0.079864,0.01193,0.005,0.01,-0.005,0.015641,0.0071736,-0.0069089,5.89,6.9809128,8.345099155,2.271094426,3.799660253,0.283055391,0.029536196,-0.142751419,-0.172350406,0.120058749
1998.666667,4.488334077,4.6,5.09681299,5.51,5.54110667,4.136094126,4.375731864,4.358578872,-0.2392213,0.5039874,,1.019852,-5.556411,0.0098755,0.0101504,-0.0024085,0.0006666,-0.0017419,4.71,-0.0996,-0.53526,-0.1748592,1.2450055,-0.1748592,0.05,0.005,0.07,0.005,0.0201648,0.0811803,0.0077571,6.14,6.984623723,8.354180022,2.22904619,3.797711437,-0.389846215,-0.330487383,-0.164264407,0.035053423,-0.546237367
1998.75,4.496239973,4.5,5.099256486,5.07,5.53473246,4.160537963,4.379084812,4.357772363,0,0.5039874,,0,-5.556411,-0.0861473,-0.0717633,-0.1379142,-0.1414732,-0.1368065,4.12,0.0032,-2.2169,0,1.2450055,0,-0.24219,-0.125,-0.25,-0.26,0,0,0,5.35,6.9902565,8.363365793,2.200663103,3.800286652,0.242818013,-0.166792585,-0.419095006,0.033075192,0.181053742
1998.833333,4.495649919,4.4,5.100475998,4.83,5.49302029,4.161083785,4.387101237,4.359218495,-0.1402164,0.363771,,-0.6442848,-6.200696,-0.1416833,-0.1129031,-0.1314192,-0.1218603,-0.1288602,4.53,0.0322,-0.90019,-0.128456,1.1165495,-0.128456,-0.06923,-0.03,0,-0.03,-0.0000726,0.0221106,-0.0173045,5.11,6.998418314,8.372306138,2.180304458,3.800689129,0.042972634,-0.068196109,-0.315782025,0.167809011,-0.069634126
1998.916667,4.499143893,4.4,5.102302483,4.68,5.452582326,4.189669893,4.393498085,4.363518919,-0.1692948,0.1944762,,0.2922913,-5.908405,-0.0369227,0,-0.0176129,0.0010538,-0.0053333,4.52,-0.1039,-0.06181,-0.0717764,1.0447731,-0.0717764,0,0,0,-0.005,-0.0015099,-0.0001545,-0.0037459,4.07,6.998509642,8.378942107,2.199998504,3.807950549,0.085244874,-0.156524215,-0.075625467,-0.266024754,0.002759139
1999,4.503641209,4.3,5.104125637,4.63,5.473572347,4.154624026,4.399166406,4.36632907,0,0.1944762,,0,-5.908405,0,0,-0.003387,-0.0033871,0,4.51,-0.122,0.31586,0,1.0447731,0,0,0,0,0,0,0,0,4.79,7.001336693,8.385100763,2.266646986,3.80274371,0.041088204,-0.198337091,-0.244832727,-0.045013122,-0.006217107
1999.083333,4.508431286,4.4,5.104125637,4.76,5.445702353,4.177750838,4.405767575,4.367001825,-0.1098352,0.084641,,0.2699074,-5.638497,0.0051999,0,0.0139284,0.0092857,0.0046428,4.7,-0.3518,1.0123,-0.0693007,0.9754724,-0.0693007,0.0056,0.005,0,0.015,0.0105198,0.0047613,0.0159712,4.84,7.00006095,8.390336615,2.149783503,3.802431329,0.005374364,-0.107204045,-0.089843221,-0.05184844,-0.025055646
1999.166667,4.510285716,4.2,5.104732617,4.81,5.421065832,4.185433725,4.409495877,4.371041519,-0.1577544,-0.0731134,,0.0137749,-5.624722,-0.0002451,-0.0012903,-0.0005414,-0.0008986,-0.0019009,4.78,-0.274,0.97625,-0.1018476,0.8736248,-0.1018476,-0.01,0,-0.02,-0.025,-0.0004479,-0.0119318,-0.0315352,4.98,6.999969763,8.391970047,2.177588603,3.793374595,-0.059289176,-0.319036429,-0.111372583,-0.258214609,-0.089662802
1999.25,4.512615107,4.3,5.111385197,4.74,5.422038294,4.200924334,4.410650534,4.376285184,0,-0.0731134,,0,-5.624722,-0.0093548,-0.0187097,-0.023387,-0.0233871,-0.0327419,4.69,-0.2785,-0.51521,0,0.8736248,0,0,0,0,0,0,0,0,5.03,7.004518947,8.398229459,2.219094782,3.772645989,0.043207945,-0.082864161,0.063869811,-0.217296883,0.092090699
1999.333333,4.519911817,4.2,5.111987788,4.74,5.431755005,4.220036977,4.416391829,4.377039218,-0.1119022,-0.1850156,,0.9395111,-4.685211,-0.0053878,0.0180645,0.0541935,0.0654838,0.0745161,4.85,-0.2801,0.49872,-0.0634676,0.8101572,-0.0634676,-0.01193,-0.005,0.04,0.12,0.0036765,0.0394726,0.1197329,4.61,7.006514051,8.403598871,2.304383475,3.781435846,-0.093497739,0.271595285,0.011543362,0.205343394,0.130717112
1999.416667,4.518176627,4.3,5.111987788,4.76,5.43838361,4.236899701,4.415171233,4.380675723,0.2586787,0.0736631,,-1.028913,-5.714125,-0.0075421,0.0196021,0.0626397,0.0760162,0.086484,5.1,-0.2141,0.29627,0.2620796,1.0722368,0.2620796,-0.03,-0.005,-0.07,-0.095,0.011068,-0.0626526,-0.0990937,5.12,7.002883624,8.40844918,2.136412438,3.759314618,-0.190801113,-0.197736147,0.097107372,-0.133912656,-0.031112784
1999.5,4.524548894,4.3,5.11619579,4.99,5.418719192,4.234657078,4.411488345,4.385221526,0,0.0736631,,0,-5.714125,-0.029,-0.0676665,-0.0918334,-0.1014999,-0.1160001,5.03,-0.1497,1.5012,0,1.0722368,0,0,0,0,0,0,0,0,5.07,7.002246942,8.414429302,2.026172613,3.730093372,0.066059442,-0.175982814,0.097248963,-0.334405203,0.150391505
1999.583333,4.528706981,4.2,5.118592436,5.07,5.445098098,4.243999437,4.419370588,4.388915353,0.2406204,0.3142835,,0.5392251,-5.1749,0.0090322,0.003871,0,-0.0012903,-0.0064516,5.2,-0.1481,0.21124,0.0928744,1.1651112,0.0928744,0.035,0.015,0.015,0,0.0201597,-0.0010743,-0.0087324,5.57,7.002337921,8.418300602,2.04420289,3.736669118,-0.149426611,0.009782163,-0.095817589,0.067790356,0.160857024
1999.666667,4.525098311,4.2,5.122772794,5.22,5.461541048,4.250521759,4.425169933,4.392929482,0,0.3142835,,0,-5.1749,0.0259676,0.0111289,0,-0.0037097,-0.0185484,5.25,-0.0046,0.55396,0,1.1651112,0,0,0,0,0,0,0,0,5.51,6.999878568,8.421739001,2.03457492,3.728580821,-0.199179663,-0.051448118,0.100908281,-0.02685797,0.064831106
1999.75,4.538369909,4.1,5.12455904,5.2,5.448158775,4.242707094,4.426246849,4.397543129,-0.0968276,0.2174559,,0.829205,-4.345695,-0.0363455,0.0348387,0.0653226,0.0870967,0.0870968,5.43,-0.0409,-1.319,-0.0496341,1.1154771,-0.0496341,-0.04173,-0.035,0.04,0.075,-0.0444348,0.0164567,0.0500544,5.27,7.006060968,8.426896423,1.913091754,3.720644559,-0.003973424,0.177966145,0.053963923,0.036419172,0.319058148
1999.833333,4.543284144,4.1,5.126342102,5.42,5.441421544,4.248695222,4.431399962,4.401817007,0.2367022,0.4541581,,1.310885,-3.03481,0.0321207,0.0351663,0.0496774,0.0504032,0.0429032,5.55,-0.0788,0.33184,0.2511708,1.3666479,0.2511708,0.07501,0.035,0.06001,0.08,0.0398099,0.0524723,0.0585185,5.63,7.012745726,8.431003295,1.83736998,3.726536445,-0.364463751,-0.231625069,0.007311639,-0.074288953,-0.110194729
1999.916667,4.551022295,4,5.128714582,5.3,5.42292153,4.273299347,4.458582501,4.407341005,-0.1819012,0.2722569,,0.2547251,-2.780084,0.0430083,0.0282309,0.0559678,0.0499194,0.0477419,5.84,-0.3143,-1.8513,-0.1276772,1.2389707,-0.1276772,0.01551,0.005,-0.005,0.045,-0.016661,-0.0338887,0.0050621,3.99,7.023046323,8.437045478,1.660131027,3.733589879,-0.194265114,-0.170850556,-0.073648431,0.004058235,0.192837897
2000,4.551363209,4,5.131672289,5.45,5.429257906,4.294656102,4.419900287,4.411233433,0,0.2722569,,0,-2.780084,0.0100064,-0.0032258,0.0290322,0.0225806,0.0322582,6.12,-0.1216,0.62987,0,1.2389707,0,0,0,0,0,0,0,0,5.87,7.022868086,8.443202136,1.641905103,3.741448185,-0.315363107,-0.166626583,0.009250452,-0.062013588,0.008698749
2000.083333,4.554575595,4.1,5.135798437,5.73,5.402677382,4.321440293,4.427442063,4.417767743,0.0451387,0.3173956,,0.3696654,-2.410419,-0.0570331,0.0048275,0,0.0048276,0.0241379,6.22,-0.1046,1.9288,0.0742269,1.3131976,0.0742269,-0.05907,-0.055,0.005,0,-0.0482472,-0.0018266,0.0022575,5.85,7.010221611,8.446019372,1.624326525,3.721782174,-0.171014855,-0.026885466,0.039203123,-0.151806187,0.29095048
2000.166667,4.558758641,4,5.141663557,5.85,5.419871062,4.311590758,4.442674786,4.423396479,-0.0395461,0.2778495,,0.0441732,-2.366246,-0.0185368,-0.0033724,-0.0017741,0.0019466,0.0026363,6.22,0.1539,0.46218,0.0454233,1.3586209,0.0454233,-0.0465,-0.015,-0.00999,-0.005,-0.0180905,-0.0058784,-0.0129585,6.17,7.009679899,8.452633337,1.874414147,3.702486458,-0.146405443,0.055885607,0.135397142,-0.055153375,0.160294419
2000.25,4.566297332,3.8,5.14107859,6.02,5.428380251,4.288196609,4.44715873,4.425014282,0,0.2778495,,0,-2.366246,-0.03,-0.0064452,-0.0032258,0.0032258,0.0032258,6.15,0.3301,0.67542,0,1.3586209,0,0,0,0,0,0,0,0,6.06,7.016250875,8.463961177,1.960376435,3.693369359,-0.232292073,0.149463126,-0.002231458,0.180788382,0.140343989
2000.333333,4.568467819,4,5.142832464,6.27,5.453952658,4.295133433,4.451377775,4.429267981,0.3120931,0.5899426,,0.8500482,-1.516197,0.0213315,0.0361292,0.0258064,0.0283872,0.0232258,6.33,0.4997,1.9743,0.227573,1.5861939,0.227573,0.04133,0.02,0.07,0.05,0.0124131,0.038363,0.0285673,6.83,7.008505182,8.461976421,2.039920784,3.696897226,-0.094207731,-0.423243556,-0.250610144,-0.134523026,-0.020915809
2000.416667,4.569418648,4,5.148656592,6.53,5.437600934,4.288567241,4.450747803,4.434120858,0.0429409,0.6328835,,-0.1958944,-1.712092,0.0174983,0.0323699,0.0221934,0.0236129,0.0182742,6.17,0.5527,0.94579,-0.066848,1.5193459,-0.066848,-0.025,0,-0.01501,-0.02,0.0223455,-0.0148976,-0.0211686,6.86,7.006423451,8.465605117,1.888281036,3.681149656,0.063590188,-0.038480764,0.225962614,-0.489240396,-0.014877328
2000.5,4.568360963,4,5.151555985,6.54,5.391853246,4.289335522,4.44993058,4.435117063,0,0.6328835,,0,-1.712092,-0.0224998,-0.013509,-0.0179999,-0.027,-0.0315,6.08,0.6122,0.37414,0,1.5193459,0,0,0,0,0,0,0,0,6.64,7.007329084,8.469367562,1.91706966,3.676832176,-0.041360372,0.185992982,-0.065652528,0.379547561,0.221791976
2000.583333,4.564822038,4.1,5.151555985,6.5,5.381186844,4.303592008,4.455683612,4.438359708,-0.067215,0.5656685,,0.2064649,-1.505627,-0.0055516,0.0016129,0.0048387,0.0096774,0.0096774,6.18,0.7696,0.46237,-0.0496186,1.4697273,-0.0496186,-0.01721,-0.005,0.005,0.015,0.0159989,0.0169772,0.0204313,6.65,7.003519901,8.475224707,1.940466789,3.669543718,0.149668677,-0.037855327,-0.096266739,-0.127241775,0.13653346
2000.666667,4.568873354,3.9,5.156753802,6.52,5.396351107,4.329100429,4.463307038,4.44274537,0,0.5656685,,0,-1.505627,-0.0116584,0.0033872,0.0101612,0.0203226,0.0203226,6.13,0.8224,0.90156,0,1.4697273,0,0,0,0,0,0,0,0,6.6,7.002519855,8.48262245,1.925561659,3.665559649,0.326766137,-0.189807613,-0.19099704,-0.267860764,0.096705501
2000.75,4.565489207,3.9,5.158480421,6.51,5.412315471,4.319432888,4.46375638,4.443944537,-0.0296777,0.5359908,,0.4624887,-1.043138,0,0.023387,0.0374193,0.0467741,0.0608065,6.01,1.2588,0.94828,0.0057255,1.4754528,0.0057255,0,0,0.025,0.04,0.0252526,0.023376,0.0437688,6.59,7.001700892,8.486012074,1.906426544,3.662304446,-0.091336806,0.216625208,0.076102392,0.11668715,-0.04169987
2000.833333,4.565676476,3.9,5.160204064,6.51,5.408471375,4.31134931,4.462084727,4.447439773,0.02463,0.5606208,,0.1565353,-0.8866029,-0.0053279,0.0016129,0.0105808,0.0085591,0.0041935,6.09,1.2965,0.31286,0.0101778,1.4856306,0.0101778,-0.00999,-0.005,0,0.015,0.0228753,-0.0055402,0.0132199,6.62,6.996040844,8.488238007,1.955436062,3.666122467,0.23620266,-0.008472932,-0.07262848,-0.236808983,0.118515055
2000.916667,4.562722913,3.9,5.162497643,6.4,5.416055957,4.312328157,4.47183306,4.45171593,0.2034924,0.7641132,,0.5983389,-0.288264,0.0224199,-0.0020967,0.0153871,0.010957,0,5.6,1.369,-0.80013,0.1393396,1.6249702,0.1393396,0.06458,0.025,-0.005,0.02,0.0730829,0.0025169,0.0429761,5.41,6.991912587,8.49729656,1.93441577,3.65000868,0.159149888,0.006630059,-0.102382891,-0.18170839,0.029171616
2001,4.55571415,4.2,5.168208681,5.98,5.419738222,4.316180592,4.466069025,4.45284617,0.050705,0.8148182,,-0.4302975,-0.7185615,-0.3290555,-0.1422579,-0.1243548,-0.0859677,-0.0856452,4.81,0.9161,-2.9214,-0.053534,1.5714362,-0.053534,-0.35804,-0.35,-0.11999,-0.155,-0.2747633,-0.0966692,-0.0897282,5.74,6.999696153,8.507405447,1.935138052,3.632626513,0.355473744,0.041754717,-0.360668929,0.088633403,0.028241549
2001.083333,4.54921446,4.2,5.170483995,5.49,5.412226241,4.343675543,4.459855355,4.451552697,0,0.8148182,,0,-0.7185615,0.0085135,0.0193646,-0.0190322,-0.0403227,-0.0493548,4.68,0.9419,-2.4695,0,1.5714362,0,0,0,0,0,0,0,0,5.59,7.003519901,8.515030855,1.853168097,3.651540968,0.458527717,0.413206685,-0.199585909,0.210109281,0.011127175
2001.166667,4.546432408,4.3,5.171052016,5.31,5.422789094,4.332021983,4.453765732,4.454370552,-0.4865983,0.3282199,,-0.9831922,-1.701754,0.0272748,-0.0290322,-0.0251613,-0.0348387,-0.0348387,4.3,0.9789,-0.49624,-0.3829847,1.1884515,-0.3829847,0.07046,0.025,-0.075,-0.065,0.03875,-0.0625571,-0.0424425,5.29,7.010763029,8.526351129,1.884642463,3.646702375,0.502135822,0.041957074,-0.221003171,-0.235943717,-0.094456327
2001.25,4.543607499,4.4,5.172754144,4.8,5.423451097,4.315125324,4.464286114,4.454347296,0,0.3282199,,0,-1.701754,-0.1463938,-0.2063012,-0.1785054,-0.2111613,-0.1786613,3.98,0.7754,-2.266,0,1.1884515,0,-0.43749,-0.175,-0.37,-0.32,0,0,0,4.67,7.01678904,8.538034495,1.922787732,3.646102425,0.52092025,-0.1378437,-0.337297706,-0.290533664,-0.14962116
2001.333333,4.536383722,4.3,5.177843213,4.21,5.437252881,4.327425243,4.469911588,4.455985489,-0.4085865,-0.0803666,,-1.648492,-3.350245,-0.3010387,-0.2864408,-0.2553656,-0.2752904,-0.2519839,3.78,0.6883,-2.1835,-0.2400456,0.9484059,-0.2400456,-0.09688,-0.05,-0.14,-0.135,-0.0018684,-0.0806736,-0.0938474,4.24,7.021173246,8.538484906,2.028542906,3.648448008,0.560439424,0.076653853,0.001140836,-0.10943596,-0.116372246
2001.416667,4.529837618,4.5,5.180096735,3.97,5.446651161,4.346658491,4.4594621,4.455857783,-0.1366324,-0.216999,,1.77493,-1.575315,-0.0297523,-0.0532258,-0.0523009,-0.0487096,-0.0665162,3.58,0.9779,-0.13401,-0.1405754,0.8078305,-0.1405754,0.105,0.015,0.075,0.065,0.0321919,0.0844746,0.0883162,3.95,7.028201432,8.546363569,1.935859813,3.653355898,0.485310933,0.209629468,0.086519478,-0.001898362,0.041395866
2001.5,4.524491443,4.6,5.17840707,3.77,5.460436216,4.336244442,4.470724089,4.457168893,0,-0.216999,,0,-1.575315,0.0910001,0.0650001,0.0563333,0.0650001,0.052,3.62,0.566,0.36195,0,0.8078305,0,0,0,0,0,0,0,0,3.82,7.039222042,8.552096907,2.039400492,3.668472644,0.616573062,-0.029541698,-0.178649626,-0.153193632,-0.12547728
2001.583333,4.522331908,4.9,5.17840707,3.65,5.463704678,4.35985771,4.473374429,4.459554645,-0.1275515,-0.3445505,,-0.4824924,-2.057808,0.0054965,-0.0070968,-0.0141935,-0.0195162,-0.0159678,3.47,0.6118,-0.29675,-0.0733708,0.7344597,-0.0733708,0.01549,0.005,-0.02,-0.04,0.033484,-0.0010667,0.0017703,3.66,7.048125732,8.558488674,2.024325159,3.683313996,0.605803933,-0.373666531,-0.166836473,-0.397494842,-0.162965607
2001.666667,4.518909436,5,5.18234519,3.07,5.423274606,4.327319625,4.463433796,4.454684449,0,-0.3445505,,0,-2.057808,0.0099933,-0.0129032,-0.0258067,-0.0354838,-0.0290322,2.82,1.0023,-4.8128,0,0.7344597,0,0,0,0,0,0,0,0,2.75,7.094234846,8.579529289,3.24376354,3.998787685,0.583979659,-0.13252358,-0.119542888,-0.086099493,-0.089607553
2001.75,4.514196789,5.3,5.179533831,2.49,5.355264647,4.458211912,4.475209553,4.45990161,-0.1600074,-0.5045579,,-1.887707,-3.945515,-0.0362127,-0.0387096,-0.0580645,-0.0580645,-0.0580645,2.33,0.8689,1.7695,-0.1091449,0.6253148,-0.1091449,-0.03742,-0.035,-0.04,-0.06,0.0214885,0.0139457,-0.0030982,2.66,7.060733844,8.576895035,2.49105438,3.814057303,0.586950504,-0.062041481,-0.170372717,0.060306342,0.135098491
2001.833333,4.50881456,5.5,5.178970609,2.09,5.352568781,4.422544583,4.477359541,4.459276986,-0.1716333,-0.6761912,,-2.039411,-5.984926,-0.1262071,-0.1179571,-0.1352687,-0.1561022,-0.1436021,2.18,-0.4335,-1.389,-0.0973326,0.5279822,-0.0973326,-0.15,-0.12,-0.14,-0.16,-0.0555796,-0.0801256,-0.0842215,2.06,7.065271717,8.584945293,2.176454816,3.710347361,0.743995228,-0.272300733,-0.232530776,-0.298762329,-0.477942534
2001.916667,4.508926871,5.7,5.17840707,1.82,5.365882553,4.381601544,4.480298334,4.464297627,-0.2269373,-0.9031285,,-0.3210616,-6.305987,-0.0302501,-0.0436559,-0.0740862,-0.1019626,-0.0994625,2.22,0.3562,-0.43844,0.0908321,0.6188143,0.0908321,-0.00775,-0.005,-0.03,-0.07,0.0301641,0.0253437,-0.0074195,1.52,7.075216973,8.59474665,2.202322671,3.721274038,0.675828588,-0.254819323,-0.15504956,-0.138445244,-0.214362856
2002,4.515278301,5.7,5.180096735,1.73,5.359177255,4.398760834,4.48106848,4.465379243,-0.1540111,-1.0571396,,0.5339342,-5.772053,-0.0008872,-0.0083871,-0.0212903,-0.032258,-0.0319355,2.16,0.4983,0.63911,0.0604369,0.6792512,0.0604369,0.025,-0.005,0.02,0.02,-0.0021443,0.025087,0.0286636,1.85,7.081624549,8.598478204,2.301684688,3.728821061,0.488633298,-0.372188353,0.017959591,-0.234120386,-0.247329776
2002.083333,4.51526736,5.7,5.18178355,1.74,5.366069469,4.416524675,4.48162307,4.467906121,0,-1.0571396,,0,-5.772053,0.0233872,0.0187097,0.0187097,0.0233872,0.0280647,2.23,0.7116,-0.87589,0,0.6792512,0,0,0,0,0,0,0,0,1.83,7.081456453,8.603921195,2.224947823,3.732489558,0.266524726,-0.187652502,0.085459451,-0.026727113,-0.271661301
2002.166667,4.523148521,5.7,5.184588601,1.73,5.39203537,4.411391243,4.481238285,4.468445128,-0.3577066,-1.4148462,,-0.3864206,-6.158474,-0.0108361,-0.0188708,-0.0314515,-0.0314517,-0.0335484,2.57,0.2618,1.0912,-0.2860776,0.3931736,-0.2860776,-0.02584,-0.01,-0.045,-0.075,-0.047729,-0.0918345,-0.1029221,1.74,7.083807223,8.605899797,2.208933537,3.712937719,0.221397506,-0.141695649,0.063720778,-0.083462375,-0.007617036
2002.25,4.527570741,5.9,5.189060381,1.75,5.378190829,4.438784968,4.477938906,4.471775927,0,-1.4148462,,0,-6.158474,-0.0150039,-0.026129,-0.0435483,-0.0435483,-0.0464518,2.48,0.3831,-0.40413,0,0.3931736,0,0,0,0,0,0,0,0,1.82,7.077329263,8.604892665,2.273362234,3.700511538,0.005396191,0.040594145,0.366271536,0.052242706,-0.0769552
2002.333333,4.531679715,5.8,5.190175208,1.75,5.37726717,4.398723955,4.479028564,4.473442879,0.1783551,-1.2364911,,-0.7130322,-6.871506,0.0052016,-0.016129,-0.0322583,-0.0443547,-0.0483871,2.35,0.4131,-1.7362,0.0250567,0.4182303,0.0250567,0.00645,0.005,-0.02,-0.04,0.0318941,0.0086304,-0.0336478,1.79,7.082884365,8.610974931,2.217571719,3.673664288,0.136375017,0.101895327,0.198973678,0.124835169,-0.020815832
2002.416667,4.541240546,5.8,5.190732156,1.75,5.429740288,4.418129512,4.488456578,4.473671013,0.0389534,-1.1975377,,-0.9911209,-7.862627,0.0012484,-0.0055377,-0.0052419,-0.0098119,-0.0107796,2.2,0.7523,0.13711,0.0154314,0.4336617,0.0154314,0,0.01,-0.01,0.015,0.0139912,0.0165581,0.0249282,1.73,7.08640343,8.615553261,2.068886028,3.662997384,0.118740583,-0.218053354,-0.040322708,0.04695375,-0.043931859
2002.5,4.539006879,5.8,5.192956851,1.73,5.455150161,4.448949031,4.486285294,4.476961744,0,-1.1975377,,0,-7.862627,0,-0.0083334,0.0125,0.0041666,0.0041666,1.96,1.1727,-1.0662,0,0.4336617,0,0,0,0,0,0,0,0,1.76,7.090826555,8.622975618,2.083931447,3.665738762,-0.020114346,-0.27355874,-0.033651657,0.078330959,-0.125341971
2002.583333,4.539161785,5.7,5.195730778,1.74,5.450952613,4.468960925,4.483126838,4.475960868,0.1703264,-1.0272113,,-0.4152088,-8.277836,0.0263917,-0.0245161,-0.0490322,-0.0980647,-0.1195161,1.76,1.1977,-0.29815,0.1244227,0.5580844,0.1244227,0.04306,0.025,-0.04,-0.08,0.0372048,-0.0305854,-0.0678534,1.81,7.079689743,8.630325429,2.13546737,3.67703458,0.252163155,-0.032502067,-0.085534381,0.024569027,0.07169749
2002.666667,4.540323351,5.7,5.197391448,1.75,5.460010956,4.424331529,4.483386659,4.477768539,-0.0446106,-1.0718219,,-0.1487782,-8.426614,0.0213349,-0.0166504,-0.0333011,-0.066602,-0.0824838,1.72,1.3159,0.13906,-0.0109181,0.5471663,-0.0109181,0.02,0.015,-0.005,-0.01,0.0024004,-0.0107951,-0.0144756,1.85,7.086319787,8.634691742,2.158945643,3.654443277,0.258593848,-0.016335953,-0.07755303,0.040211234,-0.007737535
2002.75,4.537241391,5.7,5.199601394,1.75,5.466328685,4.415098676,4.492247818,4.482652208,0,-1.0718219,,0,-8.426614,0.0153334,-0.0038333,-0.0076666,-0.0153334,-0.023,1.65,1.1194,-1.1414,0,0.5471663,0,0,0,0,0,0,0,0,1.82,7.092906163,8.642450448,2.172248591,3.66284344,0.213731952,-0.019252657,-0.08856431,-0.02434939,0.025069846
2002.833333,4.542474233,5.9,5.201255654,1.34,5.47231269,4.42503823,4.498664571,4.483217218,-0.2700224,-1.3418443,,-1.884871,-10.31149,-0.1666667,-0.0708334,-0.0583334,-0.0708332,-0.0749998,1.49,0.7883,-3.0076,-0.3121872,0.2349791,-0.3121872,-0.2,-0.16,-0.085,-0.07,-0.1268844,-0.0454132,-0.0446863,1.23,7.097796959,8.651146995,2.27788248,3.676351304,0.234101538,0.073884709,0.028281748,-0.106323561,-0.015378048
2002.916667,4.537431884,6,5.202907182,1.24,5.497414097,4.460306251,4.500742568,4.484910336,0.0042556,-1.3375887,,0.1210354,-10.19045,-0.0333333,-0.0070698,-0.0010216,0.0035753,0.013387,1.45,0.6701,0.28894,0.0007977,0.2357768,0.0007977,0,0,0.01,0.015,0.0116898,0.0355735,0.0325846,1.16,7.105950185,8.654796283,2.295056827,3.69374261,0.187165228,-0.146996246,-0.091740117,0.137327949,-0.167520506
2003,4.54421776,5.8,5.207297968,1.24,5.515120862,4.445740597,4.503613538,4.488299234,-0.0002099,-1.3377986,,0.387951,-9.802499,0.0009677,0.0058064,0.0087099,0.0130644,0.0169356,1.36,0.5955,0.0022346,-0.0473729,0.1884039,-0.0473729,0.01,0,0.03,0.045,-0.0064746,0.0161664,0.0483578,1.33,7.111756785,8.660340701,2.309858577,3.706105235,0.359405047,-0.067752315,-0.008493061,-0.125329538,0.141441575
2003.083333,4.54717554,5.9,5.212759478,1.26,5.519859636,4.419852144,4.501663506,4.486555555,0,-1.3377986,,0,-9.802499,0.0090322,0.0270967,0.0406451,0.0541935,0.0496774,1.3,0.4039,-0.78114,0,0.1884039,0,0,0,0,0,0,0,0,1.33,7.12052521,8.666595473,2.28767448,3.717952702,-0.042361988,0.124957545,0.100389763,0.229948495,0.067949744
2003.166667,4.544934926,5.9,5.214392132,1.25,5.520380334,4.444379175,4.506917682,4.487107111,0.038384,-1.2994146,,0.4066063,-9.395892,0.010762,-0.0090322,-0.0067742,0,-0.0067742,1.24,-0.1452,0.21437,0.0652829,0.2536868,0.0652829,0.02383,0.00999,-0.02,-0.015,0.0186823,-0.0114881,-0.0039096,1.38,7.121575503,8.670000112,2.285438934,3.717175323,0.181625949,0.285932904,0.160527701,0.214150914,0.002313175
2003.25,4.537362326,6,5.210578452,1.26,5.516086502,4.470529607,4.507788863,4.491082813,0,-1.2994146,,0,-9.395892,0.013068,-0.0109677,-0.0082259,0,-0.0082259,1.27,-0.1308,,0,0.2536868,0,0,0,0,0,0,0,0,1.31,7.128976985,8.675307435,2.360382192,3.702239806,0.256013439,0.113702453,0.047893422,0.086436131,0.04726733
2003.333333,4.537827738,6.1,5.208939555,1.26,5.521460918,4.479482239,4.506056783,4.493120682,-0.008246,-1.3076606,,-0.383229,-9.779121,0.0311999,-0.0335484,-0.0670967,-0.0964515,-0.1216128,1.18,-0.8435,,0.0140816,0.2677684,0.0140816,0.0372,0.03,-0.04,-0.08,0.0367164,-0.0284221,-0.0602086,1.28,7.147401902,8.687239717,2.434314864,3.709980258,0.593539592,-0.484992308,-0.35473028,-0.463063855,-0.080089549
2003.416667,4.538876525,6.3,5.210032452,1.22,5.528476253,4.494651948,4.520080598,4.49441738,-0.2121577,-1.5198183,,2.220978,-7.558144,0.033,0.0145483,0.0070968,0.0104516,0.0006127,1.01,-0.5522,,-0.1782409,0.0895275,-0.1782409,0.135,0.03,0.105,0.1,0.0456481,0.128468,0.1141922,1.45,7.157346,8.693748153,2.439211691,3.739905213,0.338843743,-0.380975476,-0.421012064,0.099850325,-0.003001102
2003.5,4.54329691,6.2,5.213303992,1.01,5.524336779,4.508637259,4.522505711,4.498675694,0,-1.5198183,,0,-7.558144,0.1080003,0.0840001,0.0799999,0.1159999,0.096,1.12,-1.3292,,0,0.0895275,0,0,0,0,0,0,0,0,1.04,7.16154442,8.701246581,2.499548927,3.760083213,0.191493347,-0.012334739,-0.079634838,0.150742688,-0.029685911
2003.583333,4.541180847,6.1,5.217649463,1.03,5.527403227,4.544134855,4.534103738,4.501319641,-0.0590037,-1.578822,,0.0646496,-7.493494,0,0,-0.016129,-0.032258,-0.0516129,1.31,-0.2241,,-0.0114774,0.0780501,-0.0114774,0,0,0,-0.025,-0.0009607,0.0065647,-0.0287201,1.01,7.167500733,8.710652493,2.648795474,3.816546812,0.071812907,0.001416304,0.184536884,-0.255541931,-0.245044057
2003.666667,4.547394876,6.1,5.22089622,1.01,5.565630902,4.522581741,4.532395171,4.501031146,-0.2055686,-1.7843906,,0.1565353,-7.336959,0.0053599,0,-0.0113709,-0.0152419,-0.0333869,1.24,-0.6907,,-0.1675589,-0.0895088,-0.1675589,0.01072,0.005,0,-0.005,-0.013258,-0.0063643,-0.0157345,1.17,7.167115034,8.705977155,2.524768183,3.78328013,0.058746651,0.109187189,0.228904639,-0.16196309,0.131206811
2003.75,4.548224103,6,5.219815138,1.01,5.613274081,4.525249971,4.531577466,4.504520778,-0.1934256,-1.9778162,,0.0333209,-7.303638,0.0047147,-0.0012903,-0.0141129,-0.0123386,-0.0224195,1.25,-0.5425,,-0.1738297,-0.2633385,-0.1738297,-0.005,0,-0.01,-0.09,0.0015543,0.0038251,-0.0950376,1.03,7.16773208,8.704386197,2.450832669,3.768037155,-0.064532664,-0.013339867,0.04441082,0.176161663,-0.054965131
2003.833333,4.556163748,5.8,5.220355825,1,5.630028286,4.547021871,4.540812982,4.507005937,0,-1.9778162,,0,-7.303638,-0.0043547,-0.0087097,-0.078387,-0.1001613,-0.1175807,1.34,-0.5401,,0,-0.2633385,0,0,0,0,0,0,0,0,1.01,7.16904204,8.705198565,2.443737373,3.756257689,0.019509241,-0.206687859,-0.13202886,-0.002372523,0.24795699
2003.916667,4.55521179,5.7,5.223054882,0.98,5.646788753,4.541505949,4.537330221,4.510529782,-0.2314798,-2.209296,,0.2952921,-7.008346,0,0.0037096,0.0037096,0.0408065,0.0630646,1.31,-0.4923,,-0.1922466,-0.4555851,-0.1922466,0,0,0.005,0.005,0.0045558,0.0313977,0.0085389,0.94,7.174111565,8.704883643,2.385730674,3.749409954,-0.193667464,-0.285070983,-0.037689153,0.004645438,-0.082120365
2004,4.557042402,5.7,5.227358278,1,5.675211518,4.540450315,4.544868012,4.514742069,-0.1027214,-2.3120174,,0.5149432,-6.493403,0.0006452,0.0019355,0.0154839,0.0380645,0.0535483,1.24,-0.711,,-0.1804273,-0.6360124,-0.1804273,0.005,0,0.005,0.11,-0.0062999,-0.0008875,0.0929525,1.03,7.174034945,8.706208959,2.449193113,3.758288905,-0.044875826,-0.010366733,0.003298174,0.05243745,0.256491375
2004.083333,4.562637354,5.6,5.229503051,1.01,5.688364222,4.554613462,4.536280881,4.51783512,0,-2.3120174,,0,-6.493403,0.0043547,0.004355,0.0958066,0.161129,0.213387,1.24,-0.2844,,0,-0.6360124,0,0,0,0,0,0,0,0,1.04,7.185841458,8.712809316,2.388395749,3.760059931,-0.169739804,0.167584381,-0.005290293,0.224230879,0.263175711
2004.166667,4.557192442,5.8,5.231643233,1,5.718835277,4.568008152,4.551136297,4.516732338,0.073171,-2.2388464,,0.0542075,-6.439196,0,-0.0025806,-0.030968,-0.0412905,-0.0516129,1.19,-0.5316,,-0.1155938,-0.7516062,-0.1155938,0,0,-0.005,-0.06,0.0061702,-0.018163,-0.0629562,1.05,7.191278716,8.718598163,2.488815666,3.802565219,-0.16326894,-0.033297726,-0.026611092,0.063719102,0.06977044
2004.25,4.561035419,5.6,5.23324537,1,5.721917045,4.558036649,4.546746266,4.521516801,0,-2.2388464,,0,-6.439196,0,-0.0024195,-0.0290322,-0.0387096,-0.0483871,1.43,-0.7438,,0,-0.7516062,0,0,0,0,0,0,0,0,1.03,7.19315976,8.724207361,2.645536296,3.818305557,-0.106202629,0.037767863,-0.146145663,-0.044842556,0.299422293
2004.333333,4.568726094,5.6,5.237505227,1,5.708405107,4.585467354,4.549942848,4.523059508,-0.1168102,-2.3556566,,0.2165283,-6.222667,-0.0103688,-0.0045161,0.0045161,0.0090322,0.0180645,1.78,-0.3261,,-0.1538611,-0.9054673,-0.1538611,-0.01148,-0.00999,-0.005,0.005,-0.0095575,-0.0011632,0.0028374,1.02,7.196761474,8.738286643,2.644826371,3.813549829,-0.303635917,-0.038362965,0.054316702,-0.242102713,0.13327456
2004.416667,4.560638193,5.6,5.241217775,1.03,5.689345427,4.548504592,4.544899876,4.525737292,0.1512154,-2.2044412,,-0.8582643,-7.080932,-0.0012777,-0.0008171,-0.0005159,0.0001345,0.0014355,2.12,-0.335,,0.014772,-0.8906953,0.014772,-0.005,-0.005,-0.01,-0.03,-0.0168855,-0.026822,-0.036854,1.38,7.203777476,8.738975817,2.58021683,3.821857569,-0.405660939,0.062478366,0.169098459,-0.064670561,0.054261444
2004.5,4.568352663,5.5,5.242275976,1.26,5.683409685,4.577624257,4.549160524,4.528774985,0,-2.2044412,,0,-7.080932,-0.0048335,-0.0096667,-0.029,-0.0241666,-0.0145001,2.1,-0.3067,,0,-0.8906953,0,0,0,0,0,0,0,0,1.29,7.201469124,8.740720669,2.588891219,3.826072883,0.041632464,0.092095132,0.132474562,-0.139534151,0.39953849
2004.583333,4.568972898,5.4,5.242804657,1.43,5.676274235,4.573287285,4.555044631,4.53080218,0.2811289,-1.9233123,,0.9033329,-6.177599,0.0052373,0.0283799,0.0319355,0.0319355,0.0283873,2.02,-0.4599,,0.0623,-0.8283953,0.0623,0.00738,0.005,0.03999,0.045,-0.0019313,0.0252515,0.047842,1.55,7.210892306,8.744647438,2.516486063,3.812953769,-0.194794171,-0.241522316,-0.103700998,0.021566434,0.132831312
2004.666667,4.569588603,5.4,5.245970886,1.61,5.693395382,4.59928289,4.560507492,4.535284059,0.1496408,-1.7736715,,0.535926,-5.641673,0.0021427,0.0082767,0.0080645,0.0080645,0.0049462,2.12,-0.5977,,0.1167787,-0.7116166,0.1167787,0,0,-0.01,-0.015,-0.0007285,-0.0021468,-0.0154497,1.94,7.216268861,8.750128645,2.565718293,3.831723598,-0.080448829,-0.170513592,-0.129358139,-0.040616284,0.172643484
2004.75,4.578997654,5.5,5.251225759,1.76,5.671018207,4.590036243,4.56275317,4.538699132,0,-1.7736715,,0,-5.641673,0,-0.0066667,-0.01,-0.01,-0.0133333,2.23,-0.5735,,0,-0.7116166,0,0,0,0,0,0,0,0,1.79,7.216121943,8.754492082,2.478553176,3.831029846,-0.089736563,-0.022763093,-0.069374112,0.003767739,0.100856066
2004.833333,4.581108,5.4,5.25593165,1.93,5.697730867,4.589437067,4.561970367,4.541324758,0.3182214,-1.4554501,,0.2995432,-5.34213,-0.00525,-0.0069931,-0.0139999,-0.0279999,-0.0350001,2.5,-0.7016,,0.2427629,-0.4688537,0.2427629,-0.0075,-0.005,-0.00999,-0.02,0.0085888,-0.0002102,-0.0257621,2.02,7.225627023,8.758742316,2.492378665,3.824720677,-0.33787505,0.296351603,0.171754888,0.248808703,0.081459569
2004.916667,4.588158301,5.4,5.25593165,2.16,5.690832315,4.612870463,4.566948973,4.544485562,0.1613845,-1.2940656,,0.192036,-5.150094,-0.0075512,-0.0059001,-0.0147097,-0.0207098,-0.026613,2.67,-0.8534,,0.098183,-0.3706707,0.098183,-0.00913,-0.005,-0.005,-0.015,-0.0122844,-0.0184026,-0.029464,1.97,7.22657258,8.76172243,2.488649636,3.836480158,-0.084089673,0.196949988,0.107670814,0.107145417,0.215916868
2005,4.592982213,5.3,5.255409866,2.28,5.673975975,4.599544391,4.577223284,4.543475617,0,-1.2940656,,0,-5.150094,-0.0038288,-0.0020969,-0.0062904,-0.0062904,-0.0083871,2.86,-0.8058,,0,-0.3706707,0,0,0,0,0,0,0,0,2.5,7.220154354,8.762505197,2.644258068,3.858347929,-0.210437398,-0.357698469,-0.242628695,-0.182319731,-0.107154047
2005.083333,4.599513215,5.4,5.259576538,2.5,5.670156747,4.606579193,4.580857001,4.546152398,0.1223306,-1.171735,,0.2952914,-4.854802,0,0,-0.0144641,-0.0192857,-0.0192857,3.03,-1.093,,0.085239,-0.2854317,0.085239,0,0,0,-0.015,-0.0100987,-0.0126654,-0.0209189,2.52,7.22329568,8.764006393,2.503401232,3.825571472,-0.019098564,-0.106858628,0.020086071,-0.19707569,0.018836273
2005.166667,4.598394281,5.2,5.263208189,2.63,5.697563175,4.617898832,4.571913254,4.55072456,0.0554436,-1.1162914,,0.5603393,-4.294463,0,0.0032258,0.0220449,0.0299308,0.0331566,3.3,-0.7324,,0.0820266,-0.2034051,0.0820266,0,0,0.01,0.07,-0.0092307,0.0134935,0.0621736,2.96,7.222930916,8.765536544,2.487486652,3.845177826,-0.267161822,0.060993122,-0.030355647,0.053492906,-0.006426113
2005.25,4.599750526,5.2,5.26631057,2.79,5.701279344,4.648612744,4.582955251,4.55293961,0,-1.1162914,,0,-4.294463,0,0.0067742,0.0474193,0.0643549,0.0711291,3.32,-0.5338,,0,-0.2034051,0,0,0,0,0,0,0,0,2.97,7.212663132,8.766612492,2.55769232,3.828663135,-0.062710777,0.197571837,0.151907718,-0.133020577,0.243170625
2005.333333,4.601578744,5.1,5.265794175,3,5.696187036,4.604800118,4.577634536,4.555874894,0.3034157,-0.8128757,,0.4423042,-3.852159,-0.0051732,0.0093548,0.0140324,0.0233872,0.032742,3.33,-0.3842,,0.155223,-0.0481821,0.155223,-0.00553,0,0.01,0.015,0.0033515,0.0058796,0.0141774,3.09,7.220154354,8.77059433,2.478049862,3.813461546,-0.151938569,0.060582327,-0.096986075,-0.026413901,0.078610269
2005.416667,4.605432152,5,5.26631057,3.04,5.697865001,4.653884157,4.582423429,4.560256499,0.2362667,-0.576609,,0.4072732,-3.444885,-0.0005233,0.0011451,0.0028012,0.0032794,0.003758,3.36,-0.5623,,0.0946528,0.0464707,0.0946528,-0.005,0,0.015,0.055,0.0010795,0.0072674,0.0522468,3.35,7.23041832,8.77598184,2.412156729,3.825462436,0.0121762,-0.228558465,-0.298363368,-0.195160644,-0.110651179
2005.5,4.602613922,5,5.272486607,3.26,5.679592236,4.690117768,4.580785276,4.56305569,0,-0.576609,,0,-3.444885,-0.0048335,0.0145001,0.0531664,0.0483334,0.0434999,3.64,-0.6529,,0,0.0464707,0,0,0,0,0,0,0,0,3.31,7.221324372,8.780464736,2.442607871,3.828337002,-0.095572467,-0.184664798,-0.209371064,-0.090744623,0.035415411
2005.583333,4.604541989,4.9,5.278624733,3.5,5.671982162,4.638150313,4.587912119,4.565618218,0.0619472,-0.5146618,,0.1105931,-3.334292,-0.0052307,-0.0074193,-0.0185483,-0.0185485,-0.022258,3.87,-0.718,,0.0182407,0.0647114,0.0182407,-0.00705,-0.005,-0.01,-0.025,-0.0238958,-0.0315218,-0.0483008,3.63,7.227589874,8.784743983,2.400437493,3.806529148,-0.124444677,0.28274918,0.109402013,-0.104133472,0.169865786
2005.666667,4.585455115,5,5.292299294,3.62,5.68361378,4.611986899,4.580959457,4.567125581,0.2489699,-0.2656919,,1.321917,-2.012375,0.0146806,0.0084193,-0.0009518,-0.002785,-0.0040753,3.85,-0.5529,,0.1452309,0.2099423,0.1452309,0.045,0.015,0.03,0.015,0.0235427,0.0373595,0.0322727,3.93,7.227735118,8.790208227,2.460016101,3.830118566,-0.169636675,0.294201086,0.114600157,0.108139842,0.140864681
2005.75,4.598335885,5,5.293807211,3.78,5.698166736,4.602887583,4.597833337,4.566886634,0,-0.2656919,,0,-2.012375,0.0285001,0.0190001,0.0095,0.0063334,0.0063334,4.18,-0.4528,,0,0.2099423,0,0,0,0,0,0,0,0,4.02,7.22657258,8.79540052,2.327472809,3.811141334,0.04723967,1.02152198,0.291740448,0.29966598,0.562330864
2005.833333,4.608146752,5,5.288771954,4,5.695414225,4.621151797,4.600137543,4.570951343,0.2227549,-0.042937,,0.2592418,-1.753134,-0.0051801,0,0.01,0.01,0.0150001,4.33,-0.3841,,0.0699687,0.279911,0.0699687,-0.00518,-0.005,0,0.01,-0.0080785,-0.0139059,-0.0018748,4.03,7.22744461,8.798288619,2.316980973,3.806084545,-0.472829668,-0.031611909,0.073640649,-0.168877615,-0.112952674
2005.916667,4.61407839,4.9,5.288771954,4.16,5.70730958,4.636349034,4.602426425,4.573617597,0.0487368,0.0057998,,0.1001499,-1.652984,-0.0052772,-0.0030646,-0.0091934,-0.0183871,-0.0183871,4.35,-0.3912,,0.0016412,0.2815522,0.0016412,-0.00861,-0.005,-0.005,-0.015,-0.0174644,-0.0178113,-0.0134367,4.09,7.226063545,8.802492427,2.307174545,3.802096526,-0.197794803,-0.616260441,-0.415340144,-0.50842213,-0.104053181
2006,4.61537395,4.7,5.294811227,4.29,5.73110577,4.666603892,4.606119735,4.572161339,0.1203751,0.1261749,,0.2484206,-1.404563,-0.0031714,-0.0011289,-0.0050001,-0.0104837,-0.0103226,4.45,-0.4536,,0.0151286,0.2966808,0.0151286,0.005,0,0.025,0.025,-0.016515,-0.005983,0.0025147,4.47,7.229838778,8.808473781,2.329421747,3.790239478,-0.093986768,-0.222478572,-0.152253932,-0.104473942,0.085461523
2006.083333,4.615101705,4.8,5.295312858,4.49,5.741656127,4.653769856,4.612016695,4.577788712,0,0.1261749,,0,-1.404563,0.0048387,0.0241935,0.0241935,0.0338709,0.0387096,4.68,-0.3447,,0,0.2966808,0,0,0,0,0,0,0,0,4.52,7.2292589,8.81247134,2.241666678,3.786074221,-0.344562868,0.232568098,-0.072881272,0.123940158,0.244656736
2006.166667,4.617748743,4.7,5.29681624,4.59,5.739374818,4.660567049,4.606948604,4.581277004,0.1017777,0.2279526,,0.8369064,-0.5676567,0,0.003871,0.0070968,0.0077419,0.0083871,4.77,-0.5132,,0.0466561,0.3433369,0.0466561,0,0.005,0.03,0.055,-0.0033693,0.0071701,0.0377929,5,7.232588617,8.814954299,2.212441543,3.777554031,-0.026993055,-0.227815398,-0.212434581,-0.41786782,0.0508719
2006.25,4.621677193,4.7,5.301811256,4.79,5.76628768,4.662022998,4.612364247,4.581973204,0,0.2279526,,0,-0.5676567,0,0.026129,0.0479033,0.052258,0.056613,4.9,-0.5272,,0,0.3433369,0,0,0,0,0,0,0,0,4.86,7.22969384,8.818970458,2.332532169,3.791097537,-0.194033331,-0.026951567,-0.095007567,-0.188907915,0.063441353
2006.333333,4.620309013,4.6,5.304796333,4.94,5.801483733,4.651108669,4.612106077,4.585824254,0.1700831,0.3980357,,0.2353559,-0.3323008,0,0.0248387,0.0390322,0.046129,0.046129,5,-0.3982,,0.1268063,0.4701432,0.1268063,0,0,0.035,0.055,0.0061054,0.0470023,0.0529564,5.05,7.235042606,8.821275049,2.372017868,3.801359565,-0.263807113,0.312795557,0.167257516,0.034636244,0.205983968
2006.416667,4.6241617,4.6,5.307277108,4.99,5.805887698,4.664476292,4.610535765,4.585130731,0.4413114,0.8393471,,-0.7104938,-1.042795,-0.0009999,0.0084946,0.0129678,0.0162044,0.0162041,5.16,-0.4462,,0.2946518,0.764795,0.2946518,-0.015,-0.005,-0.025,-0.045,0.0198083,0.0064898,-0.0242709,5.05,7.22555425,8.826969381,2.301484488,3.812909603,0.030006387,0.151558522,-0.000862728,-0.047836295,0.300713748
2006.5,4.623973294,4.7,5.312713247,5.24,5.822690803,4.677909365,4.615803452,4.587932467,0,0.8393471,,0,-1.042795,-0.0140002,-0.0233333,-0.0420001,-0.0373333,-0.0373333,5.22,-0.3747,,0,0.764795,0,0,0,0,0,0,0,0,5.31,7.223003879,8.832689827,2.270888006,3.789041481,-0.096184917,-0.075447617,-0.049792613,-0.154926437,0.010828296
2006.583333,4.627440355,4.7,5.317139121,5.25,5.832205006,4.661238562,4.614278578,4.588125751,0.0611265,0.9004736,,-0.3696913,-1.412486,-0.0365264,-0.0270967,-0.0270967,-0.0232258,-0.0232258,5.08,-0.4174,,0.0633139,0.8281089,0.0633139,-0.04718,-0.035,-0.035,-0.035,-0.0175245,-0.0078911,-0.0177028,5.31,7.222857947,8.835995953,2.179852328,3.756491373,0.050874592,0.171288917,0.002007331,-0.085450824,0.211941352
2006.666667,4.626043808,4.5,5.312220272,5.25,5.834576792,4.679581684,4.619911004,4.590624915,0.0610205,0.9614941,,0.1565353,-1.255951,-0.0161498,-0.0079031,-0.0005701,0.0005591,0.0042257,4.97,-0.5171,,-0.0273173,0.8007916,-0.0273173,-0.01499,-0.005,0,0.02,0.0018754,0.0005794,0.037897,5.34,7.217223305,8.840478866,2.214737002,3.759291318,-0.078164773,0.112900482,-0.055998605,0.125148683,0.046579711
2006.75,4.625798943,4.4,5.307772525,5.25,5.849843377,4.680129224,4.628525319,4.59480667,-0.0653439,0.8961502,,-0.012379,-1.26833,-0.0106227,-0.0011292,0.0115378,0.0104086,0.0156131,5.01,-0.5336,,-0.0564019,0.7443897,-0.0564019,-0.005,-0.005,-0.005,-0.005,-0.0100556,-0.0162442,-0.0025577,5.31,7.221908869,8.847589866,2.107178297,3.751055813,0.181006754,-0.571470241,-0.553266922,-0.409639709,0.032431041
2006.833333,4.624661981,4.5,5.308267697,5.25,5.871892412,4.682353425,4.630311478,4.596270703,0,0.8961502,,0,-1.26833,-0.003871,-0.003871,-0.003871,-0.0077419,-0.0116129,5.01,-0.518,,0,0.7443897,0,0,0,0,0,0,0,0,5.31,7.224316311,8.853308221,2.124892805,3.755649858,0.257072677,-0.588774149,-0.377437525,-0.474189552,-0.022501668
2006.916667,4.634487211,4.4,5.313698469,5.24,5.884296844,4.695814954,4.640788264,4.597692296,0.0509711,0.9471213,,0.0741647,-1.194165,0,-0.0032258,-0.0096774,-0.0354838,-0.0387096,4.94,-0.6572,,0.0849488,0.8293385,0.0849488,0,0,-0.005,-0.015,0.0270692,0.0126543,0.0044265,5.17,7.221324372,8.859761097,2.137592518,3.759640761,0.101432357,-0.049630928,-0.180212538,-0.049560786,0.164227809
2007,4.62981792,4.6,5.315356375,5.25,5.882876607,4.698068368,4.636232711,4.599926462,-0.0670772,0.8800441,,0.1565353,-1.03763,-0.0001614,-0.0019355,-0.0053227,-0.0198388,-0.0219355,5.06,-0.6742,,-0.0719451,0.7573934,-0.0719451,-0.005,0,-0.005,0,-0.0005182,-0.0059652,-0.0079013,5.33,7.224753406,8.864478187,2.1690537,3.732585286,-0.240599572,0.131111541,-0.008615803,0.173633185,-0.024693211
2007.083333,4.640634815,4.5,5.319227224,5.26,5.903916663,4.695824088,4.633154935,4.602376287,0,0.8800441,,0,-1.03763,-0.0048387,-0.0048387,0,-0.0096774,-0.0193551,5.05,-0.7293,,0,0.7573934,0,0,0,0,0,0,0,0,5.41,7.218616624,8.867201966,2.030251297,3.741210959,0.212678839,-0.009747444,-0.097479185,-0.383370263,0.022820615
2007.166667,4.642056446,4.4,5.324413871,5.26,5.943743811,4.697904323,4.636387806,4.602045309,0.1564532,1.0364973,,-0.2420955,-1.279725,0,-0.005326,-0.0337095,-0.0408065,-0.0408065,4.92,-0.4799,,-0.0078233,0.7495701,-0.0078233,0,0,-0.01501,-0.095,0.0097229,-0.0222576,-0.0892326,5.3,7.220958889,8.872431103,2.006064072,3.735023263,-0.121260505,0.153839706,0.08166814,0.10416289,-0.124668001
2007.25,4.649307638,4.5,5.327410041,5.25,5.963322241,4.703593696,4.633728488,4.605080182,0,1.0364973,,0,-1.279725,0,-0.0096838,-0.0612903,-0.0741935,-0.0741935,4.93,-0.4793,,0,0.7495701,0,0,0,0,0,0,0,0,5.29,7.22744461,8.880696767,2.141124427,3.743557015,-0.07630663,0.225462637,0.006098522,0.183506554,0.194302981
2007.333333,4.649799324,4.4,5.331534517,5.25,5.983407173,4.721423163,4.633398006,4.603618983,-0.0125519,1.0239454,,0.2891003,-0.9906249,-0.005223,0.0037096,0.0259676,0.0408065,0.0445163,4.91,-0.7345,,-0.0395098,0.7100603,-0.0395098,-0.00704,-0.005,0.005,0.035,-0.0007077,0.0046154,0.0351628,5.28,7.229766312,8.884000628,2.211346613,3.768983698,-0.069294341,0.090110209,0.073057619,0.064538985,0.091913253
2007.416667,4.649689338,4.6,5.33384859,5.25,6.004084578,4.70972838,4.632707529,4.605170186,-0.0720803,0.9518651,,0.346335,-0.64429,-0.0018167,0.0012903,0.0095322,0.0156934,0.0179839,4.96,-0.4937,,-0.1098971,0.6001632,-0.1098971,0,0,0,0.005,-0.0100903,-0.0132263,-0.0083869,5.31,7.218909708,8.888563626,2.167452419,3.784348712,0.003302629,0.182660007,0.02898709,0.007062235,0.205075374
2007.5,4.649609948,4.7,5.335627602,5.26,6.017887369,4.710124619,4.638363153,4.606589179,0,0.9518651,,0,-0.64429,0,0,0.0045002,0.0135,0.0224998,4.96,-0.0796,,0,0.6001632,0,0,0,0,0,0,0,0,5.28,7.221616663,8.892501452,2.115773471,3.744976193,0.024075677,0.014688445,0.065410568,-0.179602502,0.084231982
2007.583333,4.651302536,4.6,5.335935835,5.02,6.006279265,4.722899887,4.632279388,4.611400736,0.0245104,0.9763755,,1.341016,0.6967262,0.0052097,0,-0.0120969,-0.032258,-0.0403225,4.47,0.0872,,0.1068538,0.707017,0.1068538,0.00646,0.005,0,-0.015,0.0250776,0.0288925,0.007628,4.96,7.225044696,8.901529994,2.389863101,3.798339057,0.118096402,0.010448566,-0.022597652,0.006926713,0.146206894
2007.666667,4.654851382,4.7,5.340164435,4.94,6.018495886,4.734811522,4.633271616,4.608723864,-0.5951588,0.3812167,,-2.931006,-2.23428,-0.0854163,-0.0736668,-0.0830698,-0.0814087,-0.076844,4.14,0.0032,,-0.484663,0.222354,-0.484663,-0.2,-0.08,-0.17,-0.185,-0.0731336,-0.1481369,-0.1691736,4.58,7.224971882,8.90501015,2.166536249,3.732106554,0.3712735,-0.249880962,-0.281296124,-0.146705448,0.020436343
2007.75,4.649541076,4.7,5.34324293,4.76,6.026131639,4.732630688,4.630330982,4.608295298,-0.3220003,0.0592164,,1.177715,-1.056565,-0.1141396,-0.0953655,-0.1025753,-0.09343,-0.0846076,4.1,-0.0765,,-0.2617396,-0.0393856,-0.2617396,-0.02499,-0.005,0.03,0.07,0.0003874,0.0341772,0.0862465,4.6,7.228243303,8.906867614,2.113238921,3.755556312,0.072245051,0.198789008,0.0256032,0.195038563,0.072774224
2007.833333,4.655464932,4.7,5.351071094,4.49,6.022938989,4.728298908,4.634845486,4.611480236,0,0.0592164,,0,-1.056565,-0.024184,0.0290322,0.0677419,0.0870969,0.0967741,3.5,0.2224,,0,-0.0393856,0,0,0,0,0,0,0,0,4.66,7.225627023,8.911300712,2.13971316,3.757238792,0.237012413,0.261502696,0.01517602,0.056205902,0.34447716
2007.916667,4.655218606,5,5.353964917,4.24,6.025576077,4.718873801,4.63636842,4.611510047,-0.0592162,2E-07,,-0.0114091,-1.067974,0.0210068,0.0203228,0.0846775,0.0101612,-0.0406451,3.26,0.394,,0.0393848,-8E-07,0.0393848,0.03101,0.02,0.03,0.125,0.0739689,0.0976312,0.1600051,3.06,7.22737197,8.915808225,2.091617118,3.321504613,-0.052093437,0.503678398,0.026440935,0.477041551,0.127867122
2008,4.652621359,5,5.357406693,3.94,6.038586654,4.708646928,4.631101056,4.613624349,,,,-1.511857,-2.579831,-0.1474192,-0.0390322,0.0006452,-0.0174193,-0.0290322,2.71,0.6862,,,,,,,,,,,,3.22,7.229403901,8.919600295,2.159291923,,0.241293828,0.048275023,-0.058485816,-0.164420943,-0.031112401
2008.083333,4.650072803,4.9,5.359821601,2.98,6.096995048,4.69292462,4.619901151,4.615803452,,,,0,-2.579831,-0.4225874,-0.2062905,-0.1753225,-0.1227419,-0.0803225,2.05,0.8581,,,,,,,,,,,,3.01,7.231721064,8.931380153,2.121542718,,,,,,
2008.166667,4.647260815,5.1,5.363393243,2.61,6.13046533,4.691347882,4.634019999,4.613931692,,,,3.830596,1.250766,0.0430794,0.0338709,0.0112903,0.0045161,0.0022581,1.54,1.0992,,,,,,,,,,,,2.51,7.237418674,8.940550607,2.291018457,,,,,,
2008.25,4.639861426,5,5.36570495,2.28,6.135651467,4.69305285,4.635922451,4.615476889,,,,-0.9001172,0.3506486,0.0501437,0.0386291,0.0108762,0.0028172,0.0009084,1.74,0.5988,,,,,,,,,,,,2.37,7.236699249,8.943923908,2.277369844,,,,,,
2008.333333,4.635232745,5.4,5.371605002,1.98,6.146072265,4.69958906,4.635903056,4.615061109,,,,0,0.3506486,-0.0628333,-0.0725,-0.0821664,-0.0773332,-0.0531664,2.06,0.6326,,,,,,,,,,,,1.98,7.238496841,8.946960592,2.383611932,,,,,,
2008.416667,4.633248281,5.6,5.382028721,2,6.142531907,4.69099002,4.634194865,4.615031404,,,,-0.3506476,0.00000104,-0.0019999,0.003,-0.006,-0.0039999,-0.003,2.42,0.7098,,,,,,,,,,,,2.47,7.244084648,8.94910547,2.317276642,,,,,,
2008.5,4.628000578,5.8,5.389144787,2.01,6.144614727,4.665832454,4.629247975,4.614754113,,,,,,-0.0079999,0.0120001,-0.0240002,-0.016,-0.0120001,2.28,1.0611,,,,,,,,,,,,2.09,7.256861653,8.95493186,2.352327185,,,,,,
2008.583333,4.612971675,6.1,5.387655202,2,6.099960143,4.68203863,4.626246512,4.612751376,,,,,,-0.0025959,-0.026129,-0.0217741,-0.0217743,-0.030484,2.18,1.157,,,,,,,,,,,,1.94,7.247080585,8.955331987,2.34698468,,,,,,
2008.666667,4.569358535,6.1,5.388509928,1.81,6.051995047,4.641993798,4.610575551,4.614744208,,,,,,0.0531807,0.056129,0.0392742,0.0292742,0.0154839,1.91,1.4974,,,,,,,,,,,,2.03,7.28584919,8.965398453,4.212334984,,,,,,
2008.75,4.578463722,6.5,5.379874312,0.97,5.914259476,4.597289213,4.611758436,4.614635251,,,,,,-0.0437317,0.0474272,0.0221775,0.0131452,0.0069356,1.42,2.9638,,,,,,,,,,,,0.22,7.294377299,8.979089041,5.62768586,,,,,,
2008.833333,4.565895951,6.8,5.362010218,0.39,5.801181381,4.592672413,4.607547358,4.613852386,,,,,,-0.0590034,-0.0474172,-0.0496776,-0.0756452,-0.0869355,1.07,2.0018,,,,,,,,,,,,0.52,7.325412428,8.98638399,6.347524052,,,,,,
2008.916667,4.536842093,7.3,5.353742613,0.16,5.728052234,4.576472313,4.600921172,4.610287072,,,,,,-0.0826683,-0.095489,-0.1522579,-0.1574194,-0.1574194,0.49,2.248,,,,,,,,,,,,0.14,7.382186592,9.008713664,6.663938246,5.115721772,,,,,
2009,4.51330377,7.8,5.356270187,0.15,5.775917072,4.607008495,4.60736777,4.609819362,,,,,,-0.0768566,-0.0895209,-0.1440322,-0.1495161,-0.1495161,0.44,2.1841,,,,,,,,,,,,0.611179119,7.368718164,9.017774521,6.710119861,5.683215756,,,,,
2009.083333,4.506863622,8.3,5.359906229,0.22,5.756374925,4.588420693,4.610694897,4.605879934,,,,,,0.004355,0,-0.0087097,-0.0130644,-0.0130644,0.62,2.6106,,,,,,,,,,,,0.876102531,7.358958279,9.021839764,6.495555544,4.768894888,,,,,
2009.166667,4.491275581,8.7,5.358918459,0.18,5.742105349,4.576410564,4.604369866,4.606109744,,,,,,0,-0.0045161,-0.027097,-0.0270967,-0.0248387,0.64,2.1473,,,,,,,,,,,,0.750245193,7.365812837,9.030100647,6.608027615,5.119788608,,,,,
2009.25,4.482840957,9,5.359925034,0.15,5.806278893,4.568153442,4.602807397,4.605500132,,,,,,0.0003333,-0.0051508,-0.0322366,-0.03157,-0.027828,0.55,1.9361,,,,,,,,,,,,0.426628489,7.383616718,9.028278781,6.738777891,5.776689011,,,,,
2009.333333,4.472565221,9.4,5.361395447,0.18,5.863119681,4.588908682,4.60263698,4.603128102,,,,,,0.0046668,0.0046668,0.0093336,0.0186667,0.0326667,0.5,0.9911,,,,,,,,,,,,0.206639052,7.387090236,9.036534454,6.763090136,5.929027816,,,,,
2009.416667,4.468364868,9.5,5.369660807,0.21,5.902442058,4.596764961,4.595180454,4.602797373,,,,,,0,0,0.0081668,0.0128334,0.0186667,0.51,0.6391,,,,,,,,,,,,0.021533672,7.409499794,9.037616609,6.648953461,5.916441926,,,,,
2009.5,4.479199851,9.5,5.369362797,0.16,5.897016496,4.615556066,4.600057137,4.603158163,,,,,,0,0,0.0268331,0.0421665,0.0613332,0.48,0.0834,,,,,,,,,,,,-0.117377575,7.414151106,9.038175065,6.631877923,6.061759903,,,,,
2009.583333,4.489972555,9.6,5.372705657,0.16,5.9429306,4.686888412,4.605610089,4.604980168,,,,,,0,-0.0032258,-0.0096774,-0.0129032,-0.0129032,0.46,-0.2237,,,,,,,,,,,,-0.282742698,7.412401852,9.03655825,6.672995773,6.209792522,,,,,
2009.666667,4.497521499,9.8,5.374634682,0.15,5.936797146,4.589304997,4.606199656,4.604750098,,,,,,-0.0013332,-0.0057743,-0.0306559,-0.0404301,-0.0430968,0.4,-0.1367,,,,,,,,,,,,-0.406046094,7.415716805,9.037628494,6.784690067,6.422184711,,,,,
2009.75,4.501731156,10,5.377632117,0.12,5.944713552,4.597752745,4.608404948,4.605550114,,,,,,-0.0036669,-0.0109999,-0.0696669,-0.0916667,-0.099,0.37,-0.3411,,,,,,,,,,,,-0.474629606,7.423747533,9.040938989,6.925366291,6.67371381,,,,,
2009.833333,4.504588235,9.9,5.380975114,0.12,6.000027778,4.61923087,4.606169686,4.602797373,,,,,,-0.0051928,-0.008991,-0.0134997,-0.0179999,-0.0315001,0.31,-0.1415,,,,,,,,,,,,-0.610396828,7.43159584,9.045571855,7.005286627,6.828169717,,,,,
2009.916667,4.508121696,9.9,5.381495155,0.12,6.032486522,4.622361564,4.612413887,4.607557334,,,,,,-0.0165772,-0.0035796,-0.0015001,0.0031612,0.0094032,0.37,-0.5686,,,,,,,,,,,,-0.1539776,7.43744191,9.045477521,7.002911811,6.876011742,,,,,
2010,4.519788753,9.8,5.382143677,0.11,6.05987058,4.610078122,4.61343593,4.606838793,,,,,,-0.0158062,-0.0024195,0.0016131,0.010484,0.0217743,0.35,-0.2239,,,,,,,,,,,,-0.447700331,7.42482139,9.04018056,6.976068853,6.874390824,,,,,
2010.083333,4.522865171,9.8,5.381191447,0.13,6.033589692,4.612453597,4.618066668,4.609381307,,,,,,-0.0041938,0,0.0083871,0.0293548,0.0503225,0.35,0.0425,,,,,,,,,,,,-0.544687908,7.439911773,9.046314425,7.076446868,7.015246423,,,,,
2010.166667,4.529574492,9.9,5.38152276,0.16,6.071891796,4.655682676,4.620324773,4.609241885,,,,,,-0.0026684,-0.0051613,-0.0154839,-0.0232258,-0.0283871,0.4,-0.091,,,,,,,,,,,,-0.476349463,7.446410055,9.046125888,7.04196007,6.997870168,,,,,
2010.25,4.533254118,9.9,5.381752774,0.2,6.090132719,4.65180565,4.620649757,4.611639217,,,,,,-0.0025015,-0.0058386,-0.0160165,-0.0232742,-0.0276129,0.45,-0.224,,,,,,,,,,,,-0.466496022,7.436145734,9.04753905,6.981429443,6.943522922,,,,,
2010.333333,4.548434742,9.6,5.381232867,0.2,6.06828669,4.654978879,4.621043535,4.61528882,,,,,,0,-0.0090001,-0.0134997,-0.0135,-0.0090001,0.37,-0.1722,,,,,,,,,,,,-0.482831846,7.442668454,9.055275941,6.97612489,6.941511087,,,,,
2010.416667,4.550532358,9.4,5.380813984,0.18,6.042371517,4.660141209,4.624345165,4.616337598,,,,,,0.0013332,0,0.0026665,0.0013332,0.0013335,0.32,-0.0318,,,,,,,,,,,,-0.542088217,7.451880273,9.057294082,6.964858414,6.93726942,,,,,
2010.5,4.555498734,9.4,5.382681493,0.18,6.052183282,4.666923582,4.620570983,4.617444547,,,,,,0.0036669,0,0.0073333,0.0036666,0.0036666,0.29,0.1778,,,,,,,,,,,,-0.589675386,7.451473946,9.058563539,6.953624992,6.929759403,,,,,
2010.583333,4.558985924,9.5,5.384141789,0.19,6.107290113,4.67248298,4.631013356,4.620137613,,,,,,0.0026183,0,-0.0141935,-0.0248387,-0.0283871,0.26,-0.4764,,,,,,,,,,,,-0.698543971,7.465025461,9.063104066,6.950930662,6.933179331,,,,,
2010.666667,4.561375026,9.5,5.385755736,0.19,6.159708308,4.67579639,4.633213277,4.620689142,,,,,,0.0010715,0.0016668,-0.0091395,-0.0134945,-0.0149462,0.26,-0.0738,,,,,,,,,,,,-0.795698746,7.475282546,9.067566398,6.914475647,6.902982909,,,,,
2010.75,4.558919943,9.4,5.389231534,0.19,6.192464734,4.701815837,4.637056375,4.622626927,,,,,,0,0.0033333,-0.0066667,-0.0066667,-0.0066667,0.23,-0.0227,,,,,,,,,,,,-0.995158111,7.483300657,9.073259831,6.906262165,6.899037388,,,,,
2010.833333,4.559314711,9.8,5.391762171,0.19,6.196953163,4.700962068,4.643534764,4.626226929,,,,,,0.0077744,0.0046666,-0.0093336,-0.0046668,-0.0046668,0.25,-0.1442,,,,,,,,,,,,-0.956014199,7.514200126,9.076374599,6.905494726,6.899759397,,,,,
2010.916667,4.568444996,9.3,5.395770703,0.18,6.229102545,4.703348975,4.642359992,4.627899898,,,,,,0.0005555,0.0003333,-0.0006666,-0.0032365,-0.0032365,0.29,-0.3992,,,,,,,,,,,,-0.884818623,7.518498633,9.080391127,6.942228201,6.939128938,,,,,
2011,4.568158631,9.2,5.398832161,0.17,6.288025832,4.710160633,4.646273741,4.627626153,,,,,,-0.0009675,-0.0009677,-0.000968,-0.0040324,-0.0069354,0.27,0.0882,,,,,,,,,,,,-1.011230528,7.525963373,9.084073954,6.971868397,6.979726112,,,,,
2011.083333,4.563072378,9,5.402244856,0.16,6.332568896,4.709782422,4.646906962,4.628769518,,,,,,-0.0040321,-0.0040321,-0.0040321,-0.0080645,-0.0201614,0.29,-0.2122,,,,,,,,,,,,-1.091306515,7.536203926,9.089471329,7.105996936,7.123372982,,,,,
2011.166667,4.571566866,9,5.407369061,0.14,6.339300542,4.724090353,4.643890774,4.631977634,,,,,,0,0,0,0.0054839,0.0109677,0.26,-0.2468,,,,,,,,,,,,-0.991459633,7.54538975,9.094480486,7.238035528,7.255784052,,,,,
2011.25,4.56736551,9.1,5.411913873,0.1,6.355517209,4.716693671,4.646791861,4.631412816,,,,,,0,0,0,0.0045161,0.0090322,0.25,-0.2112,,,,,,,,,,,,-1.066277584,7.5484506,9.100090143,7.302595475,7.319060633,,,,,
2011.333333,4.569996791,9,5.41551801,0.09,6.326399889,4.705811584,4.642543039,4.633777079,,,,,,0,0,0,0,0,0.19,-0.0773,,,,,,,,,,,,-1.140434451,7.567500783,9.106634043,7.343740539,7.360545987,,,,,
2011.416667,4.572246087,9.1,5.415393486,0.09,6.323139581,4.701634245,4.648402074,4.635156081,,,,,,0,-0.0015001,0.0015001,0.0015001,0.0045002,0.18,0.0881,,,,,,,,,,,,-1.121828596,7.574045005,9.115820879,7.391628529,7.410572118,,,,,
2011.5,4.576473342,9,5.417960893,0.07,6.31590035,4.71687255,4.645351976,4.638063229,,,,,,0,-0.0035,0.0035,0.0035,0.0105,0.19,-0.0118,,,,,,,,,,,,-1.192217651,7.601652178,9.136532355,7.409867854,7.429068515,,,,,
2011.583333,4.582616759,9,5.420897765,0.1,6.298195286,4.713028579,4.642263638,4.638914392,,,,,,-0.0052233,-0.0037096,0.0037098,-0.0259678,-0.059355,0.11,-0.2356,,,,,,,,,,,,-1.377083714,7.65581669,9.158267827,7.390835535,7.411474109,,,,,
2011.666667,4.582681194,9,5.423521685,0.08,6.268774262,4.732031886,4.642369627,4.63973585,,,,,,0.0009632,0.0053763,0.0196238,0.0126345,0.0010216,0.1,0.3028,,,,,,,,,,,,-1.40241793,7.661997559,9.161244661,7.375847082,7.396741346,,,,,
2011.75,4.589341572,8.8,5.424117072,0.07,6.228215102,4.748655622,4.647884788,4.639397685,,,,,,0.0055599,0.0133333,0.0366664,0.0433333,0.0433333,0.11,-0.2939,,,,,,,,,,,,-1.437214906,7.667345416,9.164537242,7.373027106,7.394443321,,,,,
2011.833333,4.587850055,8.6,5.425641408,0.08,6.206737204,4.745479804,4.645102185,4.638895055,,,,,,0,0.0096667,0.0096669,0.0096667,0.0145001,0.11,0.3945,,,,,,,,,,,,-1.483511383,7.683403681,9.168997408,7.343506433,7.36604178,,,,,
2011.916667,4.592936661,8.5,5.42558858,0.07,6.175721729,4.752589691,4.64046976,4.638904724,,,,,,0.0026417,0.0003333,0.0064621,0.0064623,0.006629,0.12,0.1204,,,,,,,,,,,,-1.466415191,7.681652609,9.173116065,7.346037951,7.369962344,,,,,
2012,4.600254122,8.3,5.428288052,0.08,6.191359942,4.767467591,4.647415168,4.64053733,,,,,,0.0005393,0,0.000484,-0.0017741,-0.0040324,0.12,0.0382,,,,,,,,,,,,-1.539766711,7.697257548,9.181271949,7.358139577,7.381306981,,,,,
2012.083333,4.602555771,8.3,5.430594848,0.1,6.21250589,4.778383724,4.650908078,4.643900394,,,,,,-0.003871,0,-0.0116129,-0.0193548,-0.0270967,0.16,-0.114,,,,,,,,,,,,-1.451670588,7.701742774,9.185730006,7.383849697,7.408529355,,,,,
2012.166667,4.596015409,8.2,5.433136679,0.13,6.218101988,4.78180896,4.650353855,4.6415889,,,,,,0,0,0.0030646,0.0091934,0.0122581,0.19,-0.5297,,,,,,,,,,,,-1.266075438,7.709173735,9.190158073,7.351067722,7.378065111,,,,,
2012.25,4.604449927,8.2,5.434472813,0.14,6.19634229,4.784729598,4.651108669,4.643014953,,,,,,0,0,0.0019355,0.0058064,0.0077419,0.18,-0.3611,,,,,,,,,,,,-1.262008005,7.716594422,9.195003359,7.338113305,7.363853297,,,,,
2012.333333,4.605678057,8.2,5.432782698,0.16,6.175680142,4.781658093,4.652187351,4.643236387,,,,,,0,0,0,0,0,0.19,-0.3469,,,,,,,,,,,,-1.237215318,7.719129841,9.19846008,7.319943735,7.346334673,,,,,
2012.416667,4.604861138,8.2,5.432087481,0.16,6.162809413,4.781683239,4.648047667,4.64322676,,,,,,0.0027537,0.0036666,0.0073333,0.0073333,0.0073333,0.19,-0.0609,,,,,,,,,,,,-1.111058173,7.724137274,9.205307729,7.318271608,7.347274572,,,,,
2012.5,4.60790245,8.2,5.431903758,0.16,6.175326583,4.789231895,4.652225513,4.645188658,,,,,,,,,,,0.19,-0.2688,,,,,,,,,,,,-1.178766679,7.746992165,9.213216233,7.336319536,7.365047839,,,,,
2012.583333,4.60349879,8,5.437692278,0.13,6.191523692,4.794517008,4.652845443,4.641762448,,,,,,,,,,,0.18,-0.4672,,,,,,,,,,,,-1.258662471,7.760680135,9.220013437,7.334966223,7.364557781,,,,,
2012.666667,4.604358857,7.8,5.442867826,0.14,6.20231282,4.813191978,4.653150499,4.644160103,,,,,,,,,,,0.18,-0.3429,,,,,,,,,,,,-1.360458336,7.776367229,9.228121349,7.292119998,7.322459574,,,,,
2012.75,4.607046425,7.8,5.445620369,0.16,6.186476078,4.799132064,4.652273213,4.644237041,,,,,,,,,,,0.18,-0.3059,,,,,,,,,,,,-1.338961828,7.789661584,9.233861567,7.297585463,7.328883084,,,,,
2012.833333,4.61158457,7.7,5.443291787,0.16,6.169568891,4.819797578,4.650258268,4.64554408,,,,,,,,,,,0.18,-0.2386,,,,,,,,,,,,-1.42285418,7.79284426,9.239704981,7.311556337,7.343269684,,,,,
2012.916667,4.613713587,7.9,5.443131741,0.16,6.184128272,4.836210476,4.653388758,4.645246302,,,,,,,,,,,0.16,-0.35,,,,,,,,,,,,-1.429921775,7.806981232,9.25172221,7.324770098,7.357697135,,,,,
2013,4.61445693,8,5.444337944,0.14,6.186846281,4.839166631,4.663740935,4.644977266,,,,,,,,,,,0.15,,,,,,,,,,,,,-1.35764594,7.811001297,9.254510356,7.36677632,7.39652362,,,,,
2013.083333,4.618505869,7.7,5.450192602,0.15,,4.844486254,4.663627756,4.646206558,,,,,,,,,,,0.16,,,,,,,,,,,,,-1.422498517,7.81213536,9.254194565,7.426600262,7.456422203,,,,,
2013.166667,4.620659603,7.5,5.447792849,0.14,,4.835043045,4.663778659,4.64934017,,,,,,,,,,,0.15,,,,,,,,,,,,,-1.440609824,7.813914864,9.260909905,7.473273045,7.502558934,,,,,
2013.25,4.620438037,7.6,5.445322578,0.15,,4.84004466,4.660756253,4.649502811,,,,,,,,,,,0.12,,,,,,,,,,,,,-1.523694754,7.828436359,9.264108601,7.513683061,7.540081819,,,,,
2013.333333,4.619752348,7.5,5.446694267,0.11,,4.844769594,4.668135595,4.649923642,,,,,,,,,,,0.12,,,,,,,,,,,,,-1.269035045,7.832807517,9.267306545,7.565649823,7.59086475,,,,,
2013.416667,4.621654569,7.5,5.449247151,0.09,,4.850450892,4.66762842,4.652063314,,,,,,,,,,,0.14,,,,,,,,,,,,,-0.969526681,7.8311805,9.272291173,7.606190453,,,,,,
2013.5,4.617775405,7.3,5.450952613,0.09,,4.852803402,4.672155711,4.651271023,,,,,,,,,,,0.12,,,,,,,,,,,,,-1.522278103,7.842396604,9.278382125,7.646938836,,,,,,
2013.583333,4.625406053,7.2,5.452809417,0.08,,4.853497936,4.664749556,4.653341111,,,,,,,,,,,0.13,,,,,,,,,,,,,-1.66641055,7.847410913,9.28391606,7.695783456,,,,,,
2013.666667,4.631189723,7.2,5.454350559,0.08,,4.852943909,4.676923245,4.656053396,,,,,,,,,,,0.12,,,,,,,,,,,,,-1.802352474,7.855583437,9.288772553,7.732404294,,,,,,
2013.75,4.631358265,7.2,5.4549065,0.09,,4.85929289,4.674267052,4.658919462,,,,,,,,,,,0.12,,,,,,,,,,,,,-1.852108619,7.870967764,9.298296303,7.772735032,,,,,,
2013.833333,4.633916037,7,5.455483495,0.08,,4.86981646,4.676420508,4.663712642,,,,,,,,,,,0.12,,,,,,,,,,,,,-1.998944397,7.871768939,9.299156786,7.80914027,,,,,,
2013.916667,4.636561289,6.7,5.458295321,0.09,,4.860533075,4.68252004,4.665239359,,,,,,,,,,,0.13,,,,,,,,,,,,,-2.133237904,7.884011592,9.304194947,7.818127732,,,,,,
2014,4.634774618,6.6,5.460130047,0.07,,4.843848446,4.670489652,4.664202953,,,,,,,,,,,0.12,,,,,,,,,,,,,-2.376125603,7.895957286,9.309244087,7.823306938,,,,,,
2014.083333,4.642542076,6.7,5.461099261,0.07,,4.868434046,4.681733,4.666265285,,,,,,,,,,,0.12,,,,,,,,,,,,,-2.542286951,7.909085445,9.316563515,7.860909718,,,,,,
2014.166667,4.650731333,6.6,5.462941578,0.08,,4.896189185,4.684073784,4.667600236,,,,,,,,,,,0.13,,,,,,,,,,,,,-2.624388438,7.918701431,9.320395849,7.872084273,,,,,,
2014.25,4.652621359,6.2,5.464848237,0.09,,4.895299262,4.68791079,4.669936806,,,,,,,,,,,0.11,,,,,,,,,,,,,-2.891786978,7.928297912,9.325390789,7.886219738,,,,,,
2014.333333,4.656301417,6.3,5.467849148,0.09,,4.900783225,4.684027576,4.671585071,,,,,,,,,,,0.1,,,,,,,,,,,,,-2.985643605,7.933043903,9.331229689,7.87670677,,,,,,
2014.416667,4.660756253,6.1,5.469527419,0.1,,4.910461305,4.689584861,4.67468692,,,,,,,,,,,0.1,,,,,,,,,,,,,-2.888582261,7.943143737,9.33549175,7.889217082,,,,,,
2014.5,4.664196354,6.2,5.470571752,0.09,,4.911617583,4.690329015,4.675358343,,,,,,,,,,,0.11,,,,,,,,,,,,,-2.836697906,7.952509584,9.342070143,7.902488916,,,,,,
2014.583333,4.664512103,6.1,5.469784392,0.09,,4.928470336,4.696180224,4.68018489,,,,,,,,,,,0.11,,,,,,,,,,,,,-2.892561964,7.944208436,9.345360656,7.932673305,,,,,,
2014.666667,4.669811202,5.9,5.470698009,0.09,,4.920892919,4.692979578,4.683907427,,,,,,,,,,,0.11,,,,,,,,,,,,,-2.805139142,7.958821629,9.34867521,7.922726505,,,,,,
2014.75,4.671391353,5.7,5.47123232,0.09,,4.926057318,4.697320834,4.688076482,,,,,,,,,,,0.1,,,,,,,,,,,,,-2.801709631,7.961230722,9.352265191,7.903104111,,,,,,
2014.833333,4.680273948,5.8,5.468342802,0.09,,4.941485267,4.702405784,4.690227989,,,,,,,,,,,0.13,,,,,,,,,,,,,-2.768344431,7.966760113,9.355980655,7.831846706,,,,,,
2014.916667,4.68130496,5.6,5.465034471,0.12,,4.938050264,4.70300445,4.693034532,,,,,,,,,,,0.21,,,,,,,,,,,,,-2.420748003,7.978756534,9.361583973,7.865840333,,,,,,
2015,4.678423436,5.7,5.458210101,0.11,,4.937813674,4.701697806,4.694416564,,,,,,,,,,,0.2,,,,,,,,,,,,,-2.268755063,7.984735268,9.368053271,7.894955072,,,,,,
2015.083333,4.676902768,5.5,5.46037669,0.11,,4.931693092,4.698678744,4.696855623,,,,,,,,,,,0.22,,,,,,,,,,,,,-1.973647834,8.005633965,9.378199517,7.822792425,,,,,,
2015.166667,4.675045068,5.5,5.462729503,0.11,,4.950701267,4.707528199,4.695376454,,,,,,,,,,,0.25,,,,,,,,,,,,,-1.808445105,8.003964683,9.380024073,7.89178017,,,,,,
2015.25,4.673388491,5.4,5.463755531,0.12,,4.95318978,4.70557645,4.699698242,,,,,,,,,,,0.23,,,,,,,,,,,,,-1.59495318,8.006567548,9.384318889,7.900621793,,,,,,
2015.333333,4.669694957,5.5,5.468190934,0.12,,4.967470279,4.71573613,4.702287822,,,,,,,,,,,0.24,,,,,,,,,,,,,-1.433637129,8.001589504,9.386920478,7.857232787,,,,,,
2015.416667,4.669401472,5.3,5.47137111,0.13,,4.957361092,4.717909412,4.704345613,,,,,,,,,,,0.28,,,,,,,,,,,,,-1.387883477,8.009562459,9.39035928,7.84507847,,,,,,
2015.5,4.677009802,5.3,5.472686554,0.13,,4.969959122,4.720309731,4.705232692,,,,,,,,,,,0.3,,,,,,,,,,,,,-1.279943557,8.020369087,9.396454727,7.859737812,,,,,,
2015.583333,4.675540109,5.1,5.471980716,0.14,,4.975463971,4.723761784,4.708755126,,,,,,,,,,,0.38,,,,,,,,,,,,,-0.915565978,8.026235552,9.402637012,7.866439762,,,,,,
2015.666667,4.673685477,5.1,5.47044548,0.14,,4.981508532,4.720746344,4.71178891,,,,,,,,,,,0.37,,,,,,,,,,,,,-0.739273126,8.023191908,9.40815791,7.880032316,,,,,,
2015.75,,,,,,,,,,,,,,,,,,,0.26,,,,,,,,,,,,,-0.530657314,8.018131435,9.409224017,7.889156743,,,,,,
2015.833333,,,,,,,,,,,,,,,,,,,0,,,,,,,,,,,,,,,,,,,,,,
2015.916667,,,,,,,,,,,,,,,,,,,0,,,,,,,,,,,,,,,,,,,,,,