quarter,ngdp,rgdp,pgdp,ncons,ntotinv,rcons,rnri,tothours,ybus,xbus,nbus,ltfp,ltfp_I,ltfp_util,ltfp_I_util,relp,pop,civpop,baa,tbond10,tbill3,stockp_sh,stockp_ff,ford_tfp,bp_tfp_news_sr,bp_tfp_news_lr,bs_tfp_news,bzk_ist_news,bzk_ist,bzk_tfp,jpt_tfp,jpt_mei,jpt_ist,mn_tfp_p,mn_ist_p,mn_tfp_s,mn_ist_s,mn_tfp_p_n4,mn_tfp_p_n8,mn_ist_p_n4,mn_ist_p_n8,mn_tfp_s_n4,mn_tfp_s_n8,mn_ist_s_n4,mn_ist_s_n8
1947,243.1,1934.585389,12.566,156.3,35.9,1199.539524,132.4644803,122.2435005,12.205,21.479,56.822,0,0,0,0,12.04334766,142985.5781,101203.3359,3.13,,0.38,15.39,3.201758146,,,,,,,,,,,,,,,,,,,,,,
1947.25,246.3,1932.522558,12.745,160.2,34.5,1219.642177,130.6511821,121.1952527,12.245,21.581,56.74,-0.000149632,-0.009465941,-0.003057346,-0.010397957,12.43607041,143669.8281,101662,3.18,,0.38,14.59333333,3.038782597,,,,,,,,,,,,,,,,,,,,,,
1947.5,250.1,1930.230763,12.957,163.7,34.9,1223.467862,128.302268,122.1446007,12.23,21.388,57.182,-0.008890932,-0.007249426,0.001441937,0.014833494,12.41978019,144334.75,102060,3.19,,0.74,15.43,3.223299503,,,,,,,,,,,,,,,,,,,,,,
1947.75,260.3,1960.680928,13.276,167.8,43.2,1223.656384,131.4810221,122.9164863,12.484,21.667,57.619,-0.001372089,0.010933042,-0.003836874,0.000182505,12.15165545,144961,102386.3359,3.44,,0.91,15.25,3.26651144,,,,,,,,,,,,,,,,,,,,,,
1948,266.2,1989.685328,13.379,170.5,47.2,1229.71511,139.1767841,121.872893,12.702,22.159,57.323,0.022388729,0.044516031,0.025753745,0.049414404,11.8731774,145587.25,102691,3.53,,0.99,14.41,3.175182819,,,,,,,,,,,,,,,,,,,,,,
1948.25,272.9,2021.930799,13.497,174.3,50.3,1244.288978,134.4473255,122.1353902,12.967,22.612,57.345,0.042187361,0.055890969,0.047065132,0.080314354,12.05099841,146213.5,102915,3.4,,1,16.12333333,3.58613348,,,,,,,,,,,,,,,,,,,,,,
1948.5,279.5,2033.170874,13.747,177.2,52.5,1245.869367,135.097493,123.4913191,13.025,22.506,57.872,0.03325622,0.028670423,0.05025954,0.053992663,12.37073753,146844.0781,103249,3.42,,1.05,16.04,3.459846497,,,,,,,,,,,,,,,,,,,,,,
1948.75,280.7,2035.680615,13.789,178.1,51.3,1256.08294,138.3227225,123.0265683,13.011,22.627,57.503,0.034510931,0.020531395,0.056919079,0.044451899,12.63823454,147483.3281,103418,3.52,,1.14,15.55666667,3.41293335,,,,,,,,,,,,,,,,,,,,,,
1949,275.4,2007.727637,13.717,177,43.1,1258.085152,131.7425952,121.6151935,12.784,22.547,56.698,0.019100974,0.000485945,0.0517456,0.045478042,12.74496582,148122.5781,103584,3.46,,1.17,15.01333333,3.366119385,,,,,,,,,,,,,,,,,,,,,,
1949.25,271.7,2000.883718,13.579,178.6,36.2,1277.265251,126.8801329,120.7785091,12.719,22.638,56.184,0.017396445,-0.006841384,0.067379505,0.069588699,12.85156469,148761.8281,103838,3.46,,1.17,14.54666667,3.302371502,0.949669658,,,,,,,,,,,,,,,,,,,,,
1949.5,273.3,2023.095714,13.509,177.9,39.5,1279.67199,120.9229059,119.0692916,12.878,23.301,55.268,0.03433581,0.010097834,0.075648062,0.057716319,12.75929498,149444.9219,104127,3.41,,1.04,15.18,3.558951139,0.126884525,0.012631721,0.011430328,,,,,,,,,,,,,,,,,,,
1949.75,271,2004.734428,13.518,180.4,37.5,1298.869609,119.3695794,117.9191661,12.747,23.361,54.564,0.026896783,0.00351369,0.077320619,0.084826407,12.45889507,150215.6719,104428,3.34,,1.08,16.18,3.898679972,-1.130330398,0.065689519,0.010713686,,,,,,,,,,,,,,,,,,,
1950,281.2,2084.507042,13.49,183.1,46.7,1320.686671,123.0081074,118.2736578,13.367,24.424,54.729,0.069039566,0.042519657,0.097672859,0.067551029,12.2894349,150986.4219,104733,3.24,,1.1,17.14666667,4.191668987,1.099368412,-0.031311743,0.007583287,,,,,,,,,,,,,,,,,,,
1950.25,290.7,2147.289112,13.538,187,52.3,1342.426418,133.401034,120.4921354,13.806,24.678,55.944,0.089110636,0.058056992,0.094830613,0.029627033,12.29544212,151757.1719,105020,3.25,,1.15,18.34,4.462769985,0.001545128,0.006937274,0.007945375,,,,,,,,,,,,,,,,,,,
1950.5,308.5,2230.335454,13.832,200.7,58.6,1411.293158,144.1742746,123.8267855,14.387,25.072,57.383,0.109126059,0.082980743,0.094397613,0.029074677,12.20609632,152488.25,105248,3.25,,1.22,18.29666667,4.632836342,0.09863537,-0.039731063,-0.005752773,,,,,,,,,,,,,,,,,,,
1950.75,320.3,2273.243435,14.09,198.1,68.4,1368.471954,143.925806,125.4438156,14.542,25.189,57.732,0.11076026,0.082695396,0.095082333,0.037617354,12.34088089,153140,104982,3.21,,1.34,19.81666667,5.041185856,-0.610338956,0.063080661,0.016059145,,,,,,,,,,,,,,,,,,,
1951,336.4,2304.741025,14.596,209.4,64.6,1401.794082,140.0702467,128.0838746,14.695,25.196,58.324,0.105115223,0.076061413,0.088256401,0.037267456,12.43358451,153791.75,104692,3.19,,1.37,21.61333333,5.600955963,-1.565861469,0.07080549,0.016305054,,,,,,,,,,,,,,,,,,,
1951.25,344.5,2344.813504,14.692,205.1,67.4,1361.976227,141.8469218,129.497452,14.83,25.297,58.625,0.106978834,0.077835577,0.082715119,0.035494646,12.53084495,154443.5,104507,3.41,,1.49,21.8,5.69525671,-0.587264577,-0.025425525,-0.007106216,,,,,,,,,,,,,,,,,,,
1951.5,351.8,2393.034487,14.701,207.8,62,1377.984085,143.4282653,128.9251294,15.077,26.028,57.926,0.125746194,0.097134777,0.110655319,0.069700012,12.57230915,155100.9219,104543,3.5,,1.6,22.76666667,6.141530037,2.184634744,0.018430686,0.015467726,,,,,,,,,,,,,,,,,,,
1951.75,356.6,2398.278297,14.869,211.7,57.1,1385.561882,141.069026,129.2386328,15.076,25.937,58.126,0.124139838,0.097891407,0.107434474,0.069866861,12.51115814,155769.6719,104747,3.56,,1.61,23.16,6.212839127,-0.149335027,-0.005945301,-0.006101741,,,,,,,,,,,,,,,,,,,
1952,360.2,2423.467671,14.863,213.1,58.1,1388.906993,142.485995,129.7321137,15.207,26.043,58.391,0.124157292,0.091989327,0.094340767,0.050643935,12.42635999,156522,104863,3.54,,1.57,23.91666667,6.458017826,-1.166215893,0.036944922,0.006687584,,1.451525788,-1.122728709,-0.328319393,,,,,,,,,,,,,,,
1952.25,361.4,2428.437038,14.882,217.2,53,1415.906128,145.0214697,129.2311035,15.193,26.292,57.786,0.12962896,0.104177084,0.115116749,0.0916468,12.36925932,157142,105007,3.5,,1.65,23.95,6.500921726,1.065549912,-0.018221805,-0.005013944,,1.00026265,1.414615263,-1.053048254,,,,,,,,,,,,,,,
1952.5,368.1,2446.172249,15.048,219.7,57.2,1422.927461,133.6203395,129.7640013,15.293,26.38,57.972,0.131319543,0.106884803,0.107264052,0.093849768,12.1144639,157801,105343,3.51,,1.78,25.01333333,6.744183064,-1.990059427,0.036334936,0.009732267,,0.983620965,-1.089206139,-1.870913552,,,,,,,,,,,,,,,
1952.75,381.2,2526.008879,15.091,227.9,60.7,1473.554895,145.3452966,132.1717913,15.901,26.776,59.385,0.149336957,0.141290696,0.106487471,0.076082366,11.86809861,158505,105703,3.53,,1.89,25.11,6.949764729,0.623684975,-0.045796204,-0.006574943,,1.269194308,3.270731342,0.742635175,,,,,,,,,,,,,,,
1953,388.5,2573.529412,15.096,231.5,61.7,1491.047276,153.3406353,132.6451367,16.229,27.193,59.681,0.161854437,0.148198343,0.128554519,0.092655861,11.63063807,159164,106672,3.54,,1.98,26.01,7.178010464,1.861198613,0.008044118,0.005795312,,-1.55745362,-2.185326469,1.718437991,,,,,,,,,,,,,,,
1953.25,392.3,2593.719008,15.125,233.2,62.1,1499.678457,154.9545198,132.4946774,16.353,27.439,59.598,0.165375734,0.149906533,0.140357965,0.101490397,11.53035294,159752,106905,3.76,3,2.15,24.5,6.916987419,0.4650914,-0.071143314,-0.022149207,,-0.424390309,1.199293006,1.8562707,,,,,,,,,,,,,,,
1953.5,391.7,2579.009745,15.188,233.9,61.4,1496.002558,158.2291126,131.6241375,16.211,27.441,59.075,0.158312116,0.148996611,0.15390484,0.125100134,11.41536842,160450,107140,3.86,2.92,1.96,23.98333333,6.832438469,-0.65596637,0.013205265,-0.001514833,,-0.678089873,2.026904994,1.473603833,,,,,,,,,,,,,,,
1953.75,386.5,2539.588672,15.219,233.4,56.4,1486.34019,156.8501921,130.013777,15.902,27.37,58.1,0.143524114,0.13630365,0.159190178,0.144404484,11.31088125,161218,107503,3.77,2.64,1.47,24.43333333,7.206734657,-0.602152281,0.049984705,0.006297504,,-1.391946819,0.21056684,0.396791007,,,,,,,,,,,,,,,
1954,385.9,2527.839644,15.266,235.4,55.7,1491.572678,152.6139624,128.9205352,15.798,27.361,57.738,0.141765632,0.12806645,0.171871215,0.154167372,11.45930483,161909,107877,3.61,2.44,1.06,26.01666667,7.850525379,-1.095264351,0.050147209,0.012491218,,0.824606792,-1.068125129,-0.181689965,,,,,,,,,,,,,,,
1954.25,386.7,2530.593548,15.281,238.2,55.4,1511.325424,151.5271718,127.3596868,15.796,27.74,56.942,0.148705743,0.143536063,0.179813363,0.171188681,11.56694382,162568,108177,3.48,2.35,0.79,28.44,8.651071548,0.637378149,0.054424208,0.017172219,,0.435679108,2.11489536,0.218775697,,,,,,,,,,,,,,,
1954.5,391.6,2559.477124,15.3,240.6,59,1531.606086,155.3018205,126.9356899,15.985,28.18,56.725,0.159396102,0.165657616,0.189507775,0.191184449,11.33877247,163295,108443,3.49,2.35,0.88,30.77,9.302790642,-0.064577011,0.034657896,0.010336558,,1.943923046,1.919961601,0.177554029,0.6284,-0.4375,-0.6265,,,,,,,,,,,,
1954.75,400.3,2609.007365,15.343,245.4,62.1,1563.75454,155.0418493,128.1337041,16.339,28.603,57.124,0.174876797,0.182785721,0.194558339,0.185373123,11.20582613,164101,108786,3.45,2.47,1.02,33.53,10.25657177,0.042058599,0.032516539,0.011281008,,-0.680253021,-0.762656711,-0.472076195,0.6024,1.1115,-0.6343,,,,,,,,,,,,
1955,413.8,2684.050075,15.417,251.8,68.7,1599.339431,157.6405795,130.0148403,16.889,29.028,58.182,0.192380924,0.202344491,0.189599932,0.161688296,10.87368714,164805,109130,3.47,2.65,1.22,36.29666667,11.23906803,0.119162509,0.025014471,0.010824582,,-0.049843965,0.170951441,0.618614748,1.0548,5.6208,-0.1348,,,,,,,,,,,,
1955.25,422.2,2727.214004,15.481,256.8,72.7,1629.33824,167.1032786,131.0306009,17.213,29.277,58.793,0.204253546,0.212201816,0.192342193,0.16334641,10.76452338,165470,109534,3.5,2.76,1.48,38.38,12.05895519,0.25413965,0.016975684,0.006588356,,-0.344255885,-0.81152891,0.297194961,-0.0748,-3.9224,-0.2049,-0.541768602,-1.088474639,-0.665735119,1.363385058,0.064374858,0.137401973,-0.181462419,-0.392332838,-0.004497246,-0.517486846,0.692812358,0.243983734
1955.5,430.9,2763.951251,15.59,261,74.7,1649.497567,175.1299793,132.8397342,17.456,29.247,59.685,0.204850547,0.207701237,0.196285412,0.164728562,10.82619718,166199,109884,3.56,2.95,1.86,43.15333333,12.90122318,-0.40422232,0.10062138,0.025965948,,-1.166046344,-1.568438113,-0.363385967,0.1795,-4.0569,-1.0028,-0.651664898,-1.018418373,0.11045948,0.269108686,0.186620424,0.261047004,-0.038639329,0.195036938,-0.173711336,0.379691263,0.421904512,0.401018765
1955.75,437.8,2780.918503,15.743,265.1,78.9,1670.763219,180.5220191,134.3368794,17.547,29.073,60.356,0.199757647,0.198923194,0.182118004,0.151488959,10.97411477,167016,110186,3.6,2.91,2.34,44.14333333,13.25614452,-2.313732885,-0.006468277,-0.008186054,,1.750924292,-0.666046344,-1.17194687,-0.6187,-1.4359,-1.915,-0.362511013,0.455846375,-0.837612833,0.147165566,0.096219553,0.109238651,-0.406717532,0.16189708,-0.324549492,0.574803749,0.406472954,0.465803082
1956,440.5,2770.091812,15.902,266.6,78.3,1673.361788,178.3448996,134.0663865,17.433,28.961,60.194,0.194679028,0.194354289,0.18714219,0.178893225,11.13905105,167745,110483,3.59,2.9,2.33,45.35666667,13.98812199,-1.112395838,0.033113867,0.005666909,,-0.089281671,-1.279336269,-1.56054066,-1.0774,-6.3124,-1.0547,-0.220524171,-2.299391809,-1.399307479,-0.362709012,0.023281207,0.216338096,0.260390816,1.320728798,-0.003525472,-0.607538274,0.471183052,-0.157287795
1956.25,446.8,2793.023692,15.997,269.3,77,1678.927681,181.6029885,134.4495621,17.577,29.12,60.361,0.198847724,0.199687036,0.202751851,0.203163227,11.25522692,168439,110788,3.72,3.08,2.57,46.95333333,14.54131985,0.005749236,0.017352009,0.005790009,,-0.635350021,0.439398198,-0.950575056,0.3626,1.0117,1.4945,0.107535548,-0.891108046,-0.121981697,1.009526488,0.105565155,0.222547924,-0.341943988,-0.417287039,-0.292040883,0.832901118,0.372161889,-0.221906449
1956.5,452,2790.640242,16.197,272.5,78.3,1682.514201,183.1118174,134.274286,17.506,29.122,60.114,0.195159873,0.189728035,0.197292792,0.1802979,11.45485794,169194,111113,3.93,3.27,2.58,48.03666667,14.82711029,-1.785124932,0.002560228,-0.004818073,,-0.957092848,-1.964852256,-1.4527841,0.2643,-1.4924,-1.8149,0.449891606,-0.210411517,-0.492697842,0.20142574,0.196125154,0.046245595,0.179583286,0.200382864,0.166545969,0.020780818,0.636759539,-0.263651044
1956.75,461.3,2836.325627,16.264,277.9,77.1,1705.745151,183.2507398,134.2180956,17.822,29.727,59.951,0.211727245,0.198637026,0.204103412,0.165610413,11.62296481,170053,111431,4.26,3.47,3.03,46.14666667,14.50480747,1.534356661,-0.068588346,-0.01447143,,-1.157594675,-1.661175092,1.257985217,0.6407,0.2592,0.4983,0.188885318,-1.95341885,-0.727875681,0.25259925,0.08306533,-0.09542294,0.148008948,0.094269199,0.276454167,0.233870422,0.757769359,0.033737439
1957,470.6,2854.716409,16.485,282.3,77.7,1717.36221,184.385207,133.9094855,17.93,29.923,59.92,0.211843667,0.197928215,0.213367553,0.181063492,11.78306396,170802,111720,4.46,3.4,3.1,44.31,14.30204678,0.222231556,-0.038457461,-0.014101953,,0.517833819,0.239947968,0.40560579,0.5203,-1.6691,-1.2221,-0.076692058,1.088066005,-0.158238152,0.251117943,0.167760583,-0.086861543,1.144928013,-0.240024038,-0.349214722,-0.911016381,-0.439683952,0.251210739
1957.25,472.8,2848.021204,16.601,284.6,77.9,1720.365109,183.7490393,133.3993457,17.84,29.937,59.592,0.207921114,0.191989645,0.228393674,0.212995165,11.77824028,171504,112045,4.53,3.63,3.14,46.46,15.43499279,-1.53885203,0.074042045,0.016530272,,-0.250931415,-0.204748349,-0.329198374,-0.5748,-1.698,-0.1325,0.202004067,-1.719447352,-0.729768534,-0.197101538,0.184196751,0.050460248,-0.367996573,-0.050295911,0.402791065,0.184831847,-0.569198961,0.262654471
1957.5,480.3,2875.875696,16.701,289.2,79.3,1734.228832,187.729891,133.7425286,18.01,30.247,59.543,0.211037847,0.199311124,0.239310707,0.228713168,11.80971353,172260,112431,4.83,3.93,3.35,46.11,14.92445469,-0.127765275,-0.04153537,-0.01409257,,0.052319641,1.079539385,1.561554947,1.0046,0.7354,1.1586,0.790336695,0.866604728,0.276880982,1.165731765,0.068166074,0.003910727,0.184039863,0.143126976,0.016026828,0.969088388,-0.503203905,0.223813505
1957.75,475.7,2846.62797,16.711,290.8,71,1734.876506,183.2271397,131.0973472,17.772,30.559,58.157,0.210090035,0.196514813,0.261596983,0.253990199,11.97233428,173061,112866,5.04,3.63,3.31,40.64,13.59425068,2.013433308,-0.111767821,-0.034249172,,-2.76563556,-0.940867615,0.661331826,-0.1322,-11.8147,2.1815,-0.042884699,0.719915923,0.242498658,0.79529612,-0.108511497,-0.120728615,0.103802994,0.189554751,0.077167054,-0.088615198,-0.01103125,0.063926592
1958,468.4,2772.910253,16.892,290.3,66.7,1710.867515,171.7066389,128.0271863,17.17,30.335,56.602,0.193777964,0.176632903,0.26475557,0.27494978,11.88011197,173741,113236,4.72,3.04,1.76,41.49666667,14.05553246,-1.391252371,0.091399029,0.017532811,,-1.902548934,1.079712868,-2.453824101,-1.1173,-5.649,-0.4794,0.160863369,5.329620975,-0.988013977,-2.372679445,-0.10021047,0.200056912,-0.19864916,0.103879991,-0.545528716,0.185316021,0.26239868,0.209496823
1958.25,472.8,2791.027155,16.94,293.2,65.1,1724.807342,165.1750233,127.3355287,17.265,30.78,56.092,0.200712737,0.185027776,0.267303043,0.269328724,11.82419061,174404,113532,4.61,2.92,0.96,43.59666667,15.14037418,0.727799305,0.015837098,0.004589881,,1.952958403,0.616951134,-0.838371084,2.6174,-0.0802,0.6422,1.006357327,-1.562242015,0.91573734,-0.423691653,0.089453642,0.233109095,-0.022726876,0.059884199,0.145685488,-0.632157321,0.634632054,0.084610785
1958.5,486.7,2855.71789,17.043,298.3,72,1753.46814,163.414466,128.1904045,17.708,31.339,56.505,0.218457663,0.204760679,0.266345284,0.266395469,11.58278147,175146,113846,4.69,3.5,1.68,47.54666667,16.73055077,-0.796334259,0.031950071,0.015290216,,1.414895124,-0.388836136,-0.232409614,1.0931,8.9822,-2.0638,0.470153525,0.794130038,0.215444127,-0.489850693,0.017046848,0.18416933,0.097803236,0.010501229,0.539130143,0.312350269,0.429134098,-0.245977648
1958.75,500.4,2922.385096,17.123,302.2,80,1776.915388,169.5614789,129.9986193,18.193,31.708,57.377,0.231814677,0.219827492,0.267260591,0.260125192,11.22286335,175957,114283,4.88,3.8,2.69,52.31333333,18.54314804,-1.66301509,0.055144046,0.01814802,,0.803611868,0.115014175,-0.950947826,0.6016,2.965,-1.2603,-0.020894123,0.373066974,0.430899635,0.880320336,-0.071162601,0.028101357,0.123335579,-0.096143802,0.001533101,-1.05602225,0.150235163,-0.090690998
1959,511.1,2976.876929,17.169,309.9,83.2,1809.635036,174.8239739,131.5344253,18.615,31.953,58.258,0.245171894,0.224634246,0.258128551,0.225465445,10.7417135,176679,114714,4.87,3.99,2.77,55.51666667,19.7474556,0.144520949,0.003091714,0.000377141,,-0.270410216,-1.802659518,-0.569561724,-1.1141,0.11,0.9281,-0.127060704,-1.014285206,-0.819684666,0.951721102,0.187558905,0.366602398,0.067427815,-0.115751109,0.124729012,0.777200116,0.375370894,-0.293141313
1959.25,524.2,3048.737932,17.194,315.9,89.4,1837.375676,179.8818992,134.2763627,19.144,32.099,59.641,0.256753634,0.233456414,0.259004233,0.221773241,10.42548727,177367,115139,4.95,4.26,3,57.50666667,20.92395592,0.031716259,0.007824047,0.003762027,,0.156606132,0.154919576,-0.202412779,0.0769,1.9089,0.2498,-0.146315035,-0.475562932,-0.031440794,0.010943424,0.126436089,0.317800444,0.001789318,-0.262498433,-0.404570102,0.429736866,-0.160254553,-0.301561569
1959.5,525.2,3043.22633,17.258,321.1,83.6,1856.605955,184.7700564,133.1336403,19.046,32.235,59.085,0.251154891,0.229688436,0.266469466,0.237168544,10.21522258,178102,115551,5.12,4.5,3.54,58.73,21.28214264,2.093831305,0.025621695,0.001710156,,-1.914293452,0.568272514,-0.86261717,-0.8219,-12.8951,0.5484,-0.397624597,0.444855604,0.655798881,-0.081574157,0.097248079,0.180528051,0.02563281,0.03369861,0.103820715,-0.338552791,-0.547522799,-0.251204937
1959.75,529.3,3054.946323,17.326,323.2,86.5,1858.646271,184.3317972,133.3476621,19.08,32.322,59.031,0.25193691,0.232844047,0.275935796,0.262945111,10.12536538,178910,115918,5.27,4.58,4.23,57.76333333,21.33226776,-0.630145438,-0.021483958,-0.007708467,,0.272404927,0.960079276,-0.172905171,-0.0475,3.4882,0.1534,-0.683840802,0.549023432,-0.29254469,-0.695429492,-0.022337088,0.118714568,-0.071101348,-0.047786434,-0.612848042,-0.550063735,-0.279373162,-0.102786717
1960,543.3,3122.952233,17.397,326.7,96.5,1876.18446,190.666486,133.2217486,19.552,33.212,58.871,0.274290827,0.25697579,0.291334737,0.246872791,10.18041074,179590,116708,5.31,4.49,3.87,56.27666667,20.51397133,1.258626774,-0.059787568,-0.006006815,,0.226632007,-0.251189844,2.807729643,1.8638,7.9821,-0.9441,0.406332586,0.252566776,0.140678705,0.659001855,0.238970184,0.159109086,-0.113043777,0.234393896,0.379614004,0.568225857,-0.556538044,-0.156913823
1960.25,542.7,3111.27673,17.443,332.6,87.1,1900.137112,193.57022,134.5786895,19.369,32.576,59.457,0.256792479,0.241951118,0.290574415,0.272651257,10.1856934,180224,117037,5.25,4.26,2.99,56.07,20.741745,-1.242787281,0.035445191,-0.000727763,,1.420467395,0.574780018,-1.634148304,-2.2617,-15.6739,1.037,0.270415772,0.079880744,-0.853814197,-0.711001607,0.240212889,0.06727439,-0.20797557,-0.260843644,0.203418737,-0.631647649,-0.54538292,-0.038310439
1960.5,546,3118.930652,17.506,332.5,86.4,1892.214887,190.2698311,134.7691341,19.388,32.656,59.371,0.253671107,0.242339917,0.293896377,0.282626875,10.09956154,180951,117411,5.1,3.83,2.36,55.72,20.83799171,-0.953927709,0.003514345,-0.004094286,,-1.252981686,0.158953549,-0.650134248,0.8168,1.3422,0.6728,0.211809728,0.068857833,0.142449054,-1.272818535,0.116361951,0.038709255,0.02035872,-0.03788564,-0.193409921,0.30246324,-0.479890921,-0.13032995
1960.75,541.1,3081.43508,17.56,334.5,76,1895.184136,189.7488119,133.5506322,19.033,32.426,58.697,0.24490673,0.238742446,0.302711224,0.308334881,9.911512379,181789,117824,5.1,3.89,2.31,55.33333333,21.11394119,0.076005435,-0.00269906,-0.007285371,,-1.446722238,0.512040527,-1.611513353,-1.2574,-13.832,1.0363,0.260631751,-0.062508773,-0.857422603,0.504920651,0.135062195,-0.007063336,-0.006366756,-0.019719962,-0.234215115,-0.125312726,0.061217117,-0.178065092
1961,545.9,3102.057052,17.598,335,78.4,1894.474919,186.9476547,133.2529462,19.143,32.792,58.378,0.249249737,0.244371272,0.301244814,0.323054642,9.674551382,182516,118254,5.06,3.79,2.35,62.00333333,24.36929703,-1.05869721,0.121014193,0.036162969,-0.358590517,0.752816524,0.298145548,-1.106330741,1.4567,5.0979,-0.4898,0.988263041,-0.465985545,0.720241328,-1.050875759,0.15519094,0.102710297,0.217509421,-0.013898423,0.314266272,-0.212084403,-0.244489854,-0.283767007
1961.25,557.4,3159.684825,17.641,339.9,84.1,1922.402579,191.1564626,131.8880644,19.574,33.92,57.706,0.275450451,0.269597776,0.308480196,0.312144936,9.480064459,183220,118636,5.02,3.79,2.3,65.98333333,25.46478844,1.785468895,-0.037539553,-0.002745322,1.680528262,-0.030747746,-1.311455237,1.524308445,2.2681,4.4936,-0.674,1.115272809,-0.914558328,0.595958712,-0.193288933,0.064886605,0.257181273,-0.234448753,-0.10757076,-0.29082981,-0.477856373,0.072377412,-0.070957601
1961.5,568.2,3212.528976,17.687,342.8,90.9,1931.811778,192.9949964,132.8483719,19.926,34.285,58.119,0.284474026,0.278482104,0.312902697,0.326620643,9.263229977,183964,119001,5.11,3.98,2.3,66.83,26.23518944,-0.680549076,-0.009389593,-0.003893197,-1.284507143,-0.1701923,0.492441419,-0.573037496,0.0546,1.2867,-0.087,0.640170569,0.135082446,-0.173523726,-0.38103877,0.050008847,0.133233559,-0.038111456,0.130212562,0.191292694,1.048825851,-0.149647291,-0.114604942
1961.75,581.6,3277.54297,17.745,350.1,92.9,1970.728961,198.9863601,134.4869388,20.332,34.647,58.683,0.296257189,0.293370531,0.305427275,0.283134649,9.089333985,184774,119190,5.11,3.97,2.46,70.27333333,27.66265678,0.359194537,0.042911034,0.01356798,-1.009750621,0.702695669,0.177260134,0.152385888,0.471,-3.0253,-0.2667,0.617404929,-0.163787708,-0.320753765,0.295579664,0.005101036,-0.009361342,-0.048871334,0.125734435,-0.052696681,-0.510833534,-0.374240394,-0.080633023
1962,595.2,3336.884005,17.837,355.4,98.1,1991.817519,203.0197919,136.1760935,20.738,34.979,59.288,0.300368467,0.301896719,0.314450645,0.298183252,8.910197164,185448,119379,5.06,4.02,2.72,69.86,27.37529564,-0.388394759,-0.03744733,-0.013386848,-0.309391963,-0.88242796,0.408747444,1.197682848,1.2186,1.1175,0.2265,0.48245431,0.973641792,0.560148127,-0.483411243,0.059993361,0.124647712,-0.024625329,0.135477558,-0.118745699,0.693872598,-0.526217625,-0.107712814
1962.25,602.6,3372.887048,17.866,361,96.7,2016.083994,208.5243675,137.0351014,20.965,35.175,59.602,0.303829038,0.306965938,0.311831143,0.292988195,8.752299556,186092,119819,5.01,3.87,2.72,62.22333333,23.62722397,0.433289912,-0.104184993,-0.029122084,-0.188159584,-0.526725648,-0.062923452,0.521901005,-1.2696,-5.4585,0.6088,0.183596986,-1.129447023,-0.517657681,0.196550198,0.192863398,-0.066334315,-0.099996094,-0.413763023,-0.255450664,-0.15442333,-0.128351034,-0.267713058
1962.5,609.6,3405.015919,17.903,364.9,98.2,2032.642602,210.9375,136.6977277,21.162,35.693,59.289,0.313262311,0.316102962,0.322155045,0.301320104,8.614018295,186795,120368,5.05,3.99,2.84,57.83,22.99151421,1.109954595,-0.048486263,-0.007917503,1.008422019,-0.759910855,0.26203595,1.344016388,1.076,-1.0592,-0.0227,0.023247464,-0.142401739,0.253169788,-0.522585351,0.086078647,-0.103944925,0.126258127,0.203788776,0.53356062,0.233210246,-0.202944859,-0.207972392
1962.75,613.1,3417.883822,17.938,371.1,95,2060.979673,210.0826053,135.9457429,21.221,36.046,58.872,0.322762294,0.328863289,0.334588793,0.318850635,8.434950286,187564,121046,4.96,3.9,2.81,59.61666667,24.18861961,1.341893535,0.030249998,0.013076684,0.442580199,1.53568704,1.48850334,-0.134941353,0.2439,-4.1729,0.6118,-0.128912745,-0.111824909,-0.13819727,-0.689507593,-0.037280602,-0.102046953,0.133070338,-0.281635804,-0.278666494,-1.212674575,-0.0614741,-0.175739088
1963,622.7,3456.180274,18.017,374.7,99.7,2075.095531,210.7624843,136.6000489,21.479,36.21,59.318,0.325164955,0.33553,0.332524052,0.324415518,8.291096541,188204,121640,4.89,3.89,2.91,65.55,26.43492126,0.026744609,0.070998371,0.018690607,-1.905714481,-0.298129737,-0.431678632,0.096063522,0.184,4.8789,0.15,0.338980242,-0.042306007,-0.081316306,-0.517688132,0.102014125,0.30670835,0.122169556,0.187940804,0.387553134,0.00853641,-0.088422601,-0.06468417
1963.25,631.8,3500.858869,18.047,378.9,101.6,2095.338163,217.2656489,137.4114885,21.779,36.487,59.691,0.333265571,0.342218677,0.334869216,0.328257908,8.16846676,188796,122167,4.85,3.96,2.94,69.67,28.29965019,-0.031140854,0.025506688,0.007700108,-1.158252611,-0.319119102,-1.423909409,-0.11351636,0.2347,-3.2388,-0.4685,0.88626346,-0.37292738,-0.290771795,0.449659461,-0.040730863,0.396891946,-0.356926698,-0.013507667,-0.049291648,-0.550649999,-0.35659561,-0.112144152
1963.5,645,3569.649676,18.069,385.8,104.6,2123.396995,223.1506012,137.7609263,22.252,37.293,59.669,0.348336442,0.356211811,0.347356688,0.338543239,8.039760088,189500,122670,4.84,4.03,3.29,70.96666667,28.98385811,1.332214477,-0.019038975,-0.000943276,0.525069651,0.43390782,0.285338244,1.451929897,0.9785,0.3613,0.45,0.436345196,0.585841868,1.011809566,-0.293748455,-0.063771279,0.398449483,0.173927782,0.172194553,0.136750482,0.122702274,-0.373530973,-0.103655827
1963.75,654.8,3594.642073,18.216,390.5,107.2,2141.368721,229.7953226,138.4380975,22.412,37.362,59.986,0.349981513,0.360379438,0.346999041,0.334749128,7.932618023,190255,123189,4.84,4.12,3.5,73.27333333,30.14490128,-0.24156584,0.02160698,0.004003454,0.249881547,-0.151705759,-0.500744067,-0.514184902,-0.3852,-0.958,-0.7711,-0.177471045,0.508751769,-0.479582208,-0.131874164,-0.101179821,0.321581797,-0.272780543,-0.157246952,-0.643230886,0.648794193,-0.370057106,-0.02349188
1964,671.1,3672.430776,18.274,400.1,110.5,2183.475224,234.4598263,139.3825076,22.977,37.844,60.714,0.360609267,0.372173977,0.362781324,0.354903582,7.833874754,190858,123708,4.83,4.18,3.53,77.54666667,31.84197426,1.423274368,0.029437194,0.010694921,-0.541123566,1.348467307,0.125415424,1.005945835,-0.2821,2.3715,0.8158,0.445033159,0.478683578,0.70068977,-0.360204376,0.266702565,0.253247326,0.147791915,0.719849338,0.007551753,0.274705656,-0.193482535,0.03602211
1964.25,680.8,3716.562944,18.318,408.1,110.5,2222.040727,240.0648276,140.9201149,23.249,37.954,61.256,0.365065142,0.378750423,0.355902138,0.339976459,7.761974113,191453,124203,4.85,4.2,3.48,80.3,33.05849075,0.203115291,0.005704444,0.000996587,-0.538224529,1.025092732,-0.251065031,-0.016894396,0.3805,-5.1956,-0.2428,-0.295457176,-1.669383801,-0.163103676,-0.93778649,0.297652373,0.136019292,-0.004877455,-0.584338828,-0.306091065,-1.175377572,-0.204985482,-0.017018242
1964.5,692.8,3766.855154,18.392,417,112.6,2262.860864,247.6968245,141.6072637,23.592,38.303,61.593,0.373268783,0.392029408,0.363464539,0.348069177,7.673491624,192132,124739,4.82,4.19,3.5,82.87666667,34.34220505,0.748530766,0.015203536,0.006503646,1.588577483,0.114346067,0.133490293,0.217352051,0.256,1.1102,0.6207,-0.220794978,0.876043043,0.35593641,-0.15047039,0.293911212,0.169121038,0.149192095,0.636025172,0.076875252,-0.622715188,-0.07440329,-0.00428028
1964.75,698.4,3780.038969,18.476,419.6,115,2269.334776,252.9222088,142.592467,23.637,38.135,61.983,0.371639535,0.395575887,0.36147824,0.364760087,7.584218729,192839,125289,4.81,4.17,3.68,84.75,35.29536819,-1.089871506,0.01129582,-0.000497623,0.34710537,-0.798981077,0.004143072,-1.241581447,-1.4638,-3.8704,-0.5589,-0.376155821,-1.201607055,-1.074675404,-0.296787109,0.237657971,0.300331316,-0.129900185,-0.379956061,0.349311287,-0.433037863,0.066981474,-0.259209052
1965,719.2,3873.12187,18.569,430.3,126.5,2319.801607,269.0191869,144.3244327,24.35,38.806,62.748,0.388343491,0.415172612,0.360262539,0.339398404,7.52248355,193385,125814,4.79,4.2,3.89,86.56666667,36.82239151,-0.153253899,-0.009702372,0.003455669,-0.6569566,1.209067128,-0.031909016,0.616490326,1.1274,11.5591,-0.0376,0.900273298,0.744373977,0.102377546,0.191479976,0.163465255,0.069021562,0.629089922,-0.148327695,0.149595411,0.006917145,0.174479827,-0.465500875
1965.25,732.4,3926.656659,18.652,437.2,127,2345.241927,279.0697674,145.8792448,24.692,38.845,63.565,0.38958872,0.422214266,0.364226452,0.357958621,7.407964244,193895,126325,4.82,4.21,3.87,87.43,37.1596489,0.704711612,-0.002635785,-0.002631993,-0.599861845,-0.059415244,0.582282,-0.739066572,-0.6748,-10.5595,0.5217,0.984927969,-0.078116215,-0.560477869,-0.473269879,0.088597877,0.088887156,-0.524146035,-0.160220216,-0.627080189,-0.429093246,-0.053490352,-0.156170701
1965.5,750.2,4006.194596,18.726,446.4,131.2,2385.762386,289.1927952,146.0127102,25.23,39.761,63.455,0.404385237,0.441151723,0.383857961,0.394720158,7.317251117,194531,126745,4.89,4.25,3.87,86.92666667,37.56560516,1.955943376,-0.025173778,-0.002222811,2.695513183,0.682760797,0.261647851,1.164366594,1.5799,1.588,0.5457,0.981480389,0.753144303,0.122854746,-0.072354354,0.119046503,0.103874914,0.566717665,0.057879638,-0.332101717,-0.34791861,0.033464984,-0.184557142
1965.75,773.1,4100.673633,18.853,460.4,133.8,2453.111679,300.7568716,147.6923125,25.885,40.373,64.114,0.4183005,0.464012144,0.391119632,0.401558873,7.164931948,195188,127169,4.97,4.47,4.17,91.75666667,40.12118912,2.184646019,0.025256624,0.012156867,-0.357077732,1.457722137,0.511480666,1.508197817,1.0387,-2.967,-0.4407,0.826012361,-0.651554939,0.619318166,0.12219332,0.234593575,0.085522851,-0.341213956,-0.055466959,-0.231144819,-1.103267095,-0.486887072,0.003906797
1966,797.3,4201.844532,18.975,470.8,144.2,2489.161468,313.5795908,149.684951,26.617,41.107,64.75,0.43350628,0.484961609,0.39916252,0.413969211,6.986936577,195686,127511,5.17,4.77,4.61,91.63,40.44339752,0.557257417,-0.03649839,-0.005719683,-0.572923557,-0.521092948,0.454309533,1.307171613,-0.103,6.2293,1.0486,0.265166663,2.900301748,0.152236762,0.122964313,-0.008513251,0.224955458,-0.140809628,-0.016112156,-0.032171864,0.866644072,-0.880530045,0.005014844
1966.25,807.2,4219.329883,19.131,475.9,143.5,2495.542737,318.5887309,150.8347487,26.664,40.888,65.213,0.427340211,0.484081063,0.394598382,0.420450314,6.876388801,196183,127869,5.49,4.78,4.59,88.14666667,39.17291641,-0.782833952,-0.0329272,-0.015433999,-0.209786848,0.045925372,-0.369024257,-0.781222708,-1.6347,-10.1936,-0.3102,-0.092206197,-2.539478846,-1.293100712,-0.565329494,-0.001075208,0.003947795,-0.14532456,0.140778547,-0.27282143,0.246135564,-0.335977065,-0.195257957
1966.5,820.8,4249.107004,19.317,485,143.2,2523.938385,322.8031,151.6890906,26.764,40.962,65.339,0.424543542,0.485798049,0.396005327,0.432505983,6.803554513,196769,128234,5.87,5.14,5.04,81.43333333,35.736866,-0.331857338,-0.054380611,-0.017794194,-0.674491079,-0.204470342,0.611704825,-0.423569945,0.3196,2.1054,0.1225,0.138940672,2.594202732,-0.691315138,-0.165001606,0.025492783,-0.186291738,0.037579807,0.166865082,-0.215406748,-0.390112731,-0.378801589,-0.109937398
1966.75,834.9,4285.714286,19.481,490.8,145.9,2534.338531,322.9902647,152.1258547,26.933,41.313,65.192,0.427105319,0.491418558,0.405501072,0.454020724,6.793739118,197392,128617,6.14,5,5.21,79.81666667,36.63259125,0.08912309,-0.016179286,-0.002487745,0.561643896,0.143911372,-0.819532065,0.631704533,0.845,-1.6308,-0.4363,0.582334864,-1.618416813,-0.524512976,-1.292162682,0.023431687,-0.224041719,-0.045269207,-0.363289869,-0.608660678,-0.688526742,-0.006071517,0.153196775
1967,846,4324.711175,19.562,495.1,142.8,2549.039798,317.6352381,152.7098798,27.168,41.699,65.153,0.428379609,0.494702357,0.425019265,0.494776449,6.834988375,197888,129044,5.88,4.58,4.51,87.07666667,41.05025864,0.159284799,0.087126046,0.025695441,0.286372703,0.745595171,0.078745761,0.786430265,0.508,-6.8569,0.1846,0.19161755,-0.432555166,0.099989337,-1.073840623,0.206482254,0.049515451,0.01867021,0.100182954,0.493537351,0.287074285,0.208351473,-0.037925243
1967.25,851.1,4328.874421,19.661,504.2,137.5,2583.786,316.8821121,151.8880986,27.136,42.065,64.509,0.432621723,0.498737056,0.436656856,0.506980813,6.837660325,198369,129527,5.98,4.82,3.66,91.66,43.37408829,0.288313242,0.004134413,-0.000704032,1.135996046,-0.7584733,-0.750399405,0.183610252,0.1005,-2.2537,0.146,0.415864068,-0.423302252,-0.142197754,0.844731747,0.03514924,0.050139366,0.147586125,0.022207348,0.199115657,-0.683494997,-0.055168843,-0.37850767
1967.5,866.6,4365.963021,19.849,511.4,142.8,2596.729969,316.362472,152.8222581,27.335,42.114,64.907,0.433066946,0.499132795,0.431977036,0.488153166,6.789301579,198912,130166,6.33,5.25,4.3,94.43666667,46.01456833,-0.833062904,0.011293596,-0.000334952,-0.731352734,-0.642056105,-1.412533877,-0.596874417,0.0587,1.4588,-0.3358,0.192642412,0.211523377,-0.309737913,-0.518271455,-0.14065038,-0.001670743,0.147773019,0.231960212,-0.190041288,-0.259270683,-0.152230465,0.01444267
1967.75,883.2,4401.255793,20.067,518.9,147.7,2612.526432,322.5397228,153.5876081,27.542,42.24,65.203,0.435706689,0.50190133,0.441411434,0.512371405,6.719806336,199489,130757,6.72,5.64,4.75,94.54,46.43753052,-1.027189711,-0.015663521,-0.006234712,-0.896906848,-0.771683774,-0.731019518,-0.642837949,0.1157,-0.8223,-0.4224,0.272874275,-0.119638037,-0.928685428,0.663043043,-0.166994657,0.084911496,-0.312729475,-0.368035482,-0.331270093,-0.13546279,0.396065849,0.213644883
1968,911.1,4490.389354,20.29,536.9,152.3,2675.003737,332.2426378,153.8893679,28.164,43.157,65.26,0.451428457,0.522345916,0.456328797,0.509127497,6.578037517,199928,131267,6.83,5.61,5.05,91.62666667,44.90303421,1.793462998,-0.070009083,-0.014494839,0.692960366,1.599942936,0.636414148,1.86725267,1.6675,2.4935,0.0703,0.70559268,0.003697444,0.811027225,0.035535553,0.046918557,0.194697166,0.07852195,0.150028476,0.139284206,0.512659104,-0.160758037,-0.000139654
1968.25,936.3,4566.426063,20.504,550.6,158.9,2715.659679,328.1293821,155.1668376,28.678,43.608,65.764,0.459838779,0.534888243,0.462688927,0.515346617,6.514830208,200368,131712,7.02,5.74,5.52,98.01333333,49.86025238,0.920079317,0.057024371,0.01944002,0.090317697,0.638071489,-0.571331926,0.731801328,-0.2048,0.9873,0.4145,-0.136181568,0.417127882,0.138326236,-1.244991801,0.019529829,0.580762138,-0.0169095,-0.397512225,-0.407056518,1.191935867,-0.945231162,-0.841667694
1968.5,952.3,4599.150005,20.706,566.7,155.7,2766.41445,332.5914936,156.1979617,28.864,43.648,66.128,0.462900963,0.536874989,0.460892261,0.515113237,6.491598317,200900,132250,6.86,5.46,5.2,99.90333333,50.87402344,0.240471439,-0.012468922,-0.00590993,0.032230655,-0.030787292,-0.906068428,-0.912769303,-0.7728,-4.9805,0.1015,-0.470002835,0.749487903,-0.271765523,0.04002828,-0.008669294,0.23370105,0.206976151,0.14357321,-0.126023647,1.05455865,0.096748613,-0.218071493
1968.75,970.1,4619.743797,20.999,575.6,160.8,2778.931106,341.7501751,156.8113482,28.996,43.593,66.515,0.460739984,0.538634018,0.456118879,0.51202417,6.516331905,201459,132880,7.03,5.77,5.59,105.2333333,54.53032303,-0.554830271,0.041806236,0.008347365,1.375652596,-1.141197126,-0.536161358,-1.07570517,-0.3242,0.2266,-0.8444,-0.742161883,-1.488971522,-0.611474339,0.913688289,0.032618841,-0.350076403,-0.327131422,-0.388059271,-0.083740065,-1.670939719,0.402905312,0.12901681
1969,995.4,4691.52095,21.217,587.8,172.4,2810.15442,350.4531722,158.7665087,29.495,43.715,67.471,0.459798374,0.54234505,0.454254205,0.528579558,6.545325424,201888,133476,7.38,6.18,6.09,100.9333333,52.45468903,-1.158156915,-0.059694793,-0.019268503,-1.103472789,1.211847652,0.405023622,-0.407886697,0.3612,5.3119,0.0456,-0.684521195,-0.137056318,0.229740415,1.171173058,0.009529916,0.320915521,0.08779451,0.075225735,0.093841644,2.405782591,-0.551399982,0.03126373
1969.25,1011.4,4706.813105,21.488,599.2,172.7,2828.282828,354.3424912,159.2201178,29.533,43.68,67.612,0.457439105,0.546331367,0.447792292,0.533723982,6.55013988,202333,134020,7.59,6.35,6.2,101.68,52.52740479,-0.42987941,0.01573625,0.002682948,0.942618776,-0.84644467,0.008333924,-0.855538243,-1.563,-3.3364,0.4095,-0.785485924,-0.444773693,-0.648570016,0.469891334,0.368724415,-0.462143842,-0.366281108,-0.230052353,0.491953967,0.288595582,-1.929322462,0.881903022
1969.5,1032,4736.117485,21.79,609.5,177.6,2842.021822,362.2802344,159.8072304,29.7,43.799,67.81,0.457065936,0.549333912,0.446237886,0.534397706,6.56628743,202881,134595,7.92,6.86,7.02,94.46666667,48.18821335,-0.664974974,-0.087203152,-0.026805352,-0.818236323,0.083870762,0.30201303,-0.197295286,0.1047,2.2595,0.5557,-0.826570233,0.952052185,-0.330618792,1.055365868,0.114166397,0.039669627,0.105066417,0.061734384,0.430378879,-0.141557031,-0.82384789,-1.344747287
1969.75,1040.7,4715.237189,22.071,621.5,171.6,2864.715372,360.452539,159.4093069,29.489,43.7,67.48,0.450215954,0.546095415,0.445356622,0.54397079,6.573772214,203492,135247,8.37,7.3,7.35,94.28,49.51363754,-0.444905093,0.022072198,0.001735798,0.872034702,-0.252942876,0.026455998,-1.02440641,-0.6868,-6.3478,-0.2855,-1.142329524,-1.706054085,-0.648679529,-0.039947955,-0.403362409,-0.145055844,-0.368120067,-0.399422436,-1.107924636,-1.832075954,-0.574063939,-0.399563831
1970,1053.5,4706.907336,22.382,632.6,168.1,2882.398505,357.8758708,158.2140252,29.454,43.879,67.126,0.444643403,0.543264945,0.456405261,0.571237444,6.575926694,204004,135950,8.76,7.37,7.21,88.70666667,46.31720352,0.419169894,-0.064053647,-0.023052316,0.055272404,0.187926688,0.531716718,-0.241413386,0.058,-0.993,0.509,0.175979312,0.339169672,0.493261805,0.855650233,0.247458745,-0.024283176,0.067452993,-0.196799036,1.223326023,0.022953296,-0.092264396,0.327905374
1970.25,1070.1,4715.343263,22.694,642.5,171.5,2895.4484,355.5075225,157.0893512,29.516,44.406,66.469,0.448452916,0.553680712,0.474452072,0.594543964,6.559265151,204613,136677,8.98,7.71,6.68,79.2,39.60539627,0.087624585,-0.118440025,-0.033270609,-0.214771985,-0.699436016,-0.050704479,0.531804898,1.5673,1.0684,-0.3387,-0.829855004,-2.546443602,0.865895739,0.265652544,-0.670588455,-0.090183622,-0.272886921,-0.134714066,-0.286487658,0.691325862,0.160487292,-0.373555523
1970.5,1088.5,4757.43007,22.88,654.5,173.9,2921.092564,356.9107299,155.7554903,29.822,45.167,66.026,0.459751969,0.563186261,0.488450801,0.60072025,6.527500842,205296,137456,9.41,7.46,6.33,78.74,42.12840652,1.443850387,0.008393195,0.009094123,1.002986502,-0.662051586,-0.264948686,1.160669205,0.4885,-1.4413,0.7825,0.854875249,1.125613854,1.132208615,0.69279291,0.293755276,0.07991704,0.123355116,-0.123016854,0.247763862,-0.062464146,-1.430360794,0.178193619
1970.75,1091.5,4708.394444,23.182,661.2,166.8,2913.288685,344.4813255,154.9834037,29.366,44.906,65.394,0.449251157,0.551002344,0.487986064,0.60993416,6.491567836,206017,138260,9.28,6.85,5.35,86.23333333,45.71258163,-1.031117468,0.078983046,0.013971405,-0.161719307,-1.34997626,-0.840950623,-1.566596757,-1.1303,-11.2769,-0.4568,2.84524691,-0.714485847,-0.42350376,-0.600070121,0.065260949,-0.031743016,-0.312068547,-0.082287129,-0.726405482,-0.840728706,0.001516678,0.211788111
1971,1137.8,4834.296397,23.536,680.2,189.5,2968.879577,347.4266223,155.3607921,30.349,46.186,65.71,0.472366384,0.572475447,0.500014181,0.598694776,6.459324281,206663,139034,8.53,6.02,3.84,96.73333333,52.17942429,0.759890326,0.040487904,0.019871341,-0.351263825,1.130200823,-0.868140901,2.021995506,3.4291,17.0271,-0.9844,-1.84020341,-0.292199159,1.351221147,-0.263867012,-0.222345075,0.016215481,-0.255249004,0.156774235,-0.288193916,1.150342758,-0.483809058,-0.163006497
1971.25,1159.4,4862.031368,23.846,694.3,197.3,2996.288624,352.1605526,155.8157178,30.554,46.226,66.097,0.473410993,0.578825465,0.500817564,0.615028649,6.365034171,207262,139827,8.61,6.25,4.25,101.44,54.52806473,-0.44018189,-0.004701781,-0.004352231,-0.808622183,-0.782753697,0.285336087,-0.738464072,-1.076,-6.9406,0.1599,0.120789582,-0.351863956,0.351542624,0.897994885,0.213557312,-0.197475336,-0.063160349,-0.051768023,0.720859914,0.241643179,0.387494427,0.411263721
1971.5,1180.3,4899.950183,24.088,706.7,202.1,3020.214539,353.6864807,155.6424794,30.826,46.764,65.918,0.482087524,0.596373388,0.522527862,0.660690453,6.231863602,207885,140603,8.7,6.48,5.01,98.54666667,53.10918045,0.440649934,-0.046460472,-0.011973238,1.155830368,-0.57972239,1.49706815,-0.47399136,0.2471,-0.3599,0.3089,1.115362064,-0.787821155,0.763659712,-0.086330675,0.074679492,0.04399785,-0.119306846,0.216440827,-0.043621077,-0.179259007,0.221155144,0.053553272
1971.75,1193.6,4914.361001,24.288,722.9,198.4,3070.421339,360.8454553,156.4708408,30.902,46.408,66.588,0.481543851,0.603767066,0.509388501,0.628153868,6.10440056,208547,141402,8.41,5.89,4.23,96.41333333,53.02379608,0.015710983,-0.027339034,-0.009989447,-1.158606268,0.900170846,0.828902331,-1.519699143,-1.6043,-3.9304,0.2249,0.108198458,-0.904444729,-1.293973173,0.362413822,0.059402697,0.257512964,-0.051923788,0.459639248,-0.356248634,-0.157008933,0.618765107,-0.298911323
1972,1233.8,5002.432695,24.664,740.1,213,3110.709482,372.4305997,158.8463513,31.624,46.866,67.477,0.490325526,0.617226615,0.512652459,0.623233357,5.995580661,209063,143005,8.23,6.03,3.44,105.4,59.06132507,-0.777038742,0.068696342,0.024203084,1.126435481,-0.720080558,-1.475612252,-0.548616677,1.1968,3.8536,0.1013,0.775832623,-0.450372934,0.175467178,-0.174341757,0.083663547,-0.258448892,0.151007101,-0.355007383,0.672485592,-0.66692669,-0.121783077,0.096692252
1972.25,1270.1,5118.275237,24.815,758.6,226.8,3170.079398,378.5190442,159.5072406,32.559,48.014,67.812,0.506261287,0.632325023,0.520213058,0.613554646,5.942285538,209552,143759,8.22,6.14,3.77,108.1666667,60.55272675,1.534112947,-0.041522183,-0.005661506,0.298352741,0.70575432,-0.93376722,1.57042385,1.2229,-0.9358,-0.2582,0.116997319,-0.708949093,0.759340087,-1.096468422,-0.138864328,-0.028452013,-0.055945036,-0.389249712,0.111574634,-1.137051037,0.60057767,-0.468960803
1972.5,1293.8,5165.282657,25.048,777.1,233.1,3219.005012,383.9724167,160.50626,32.892,48.134,68.335,0.512705781,0.642817612,0.526298568,0.620484175,5.889833105,210083,144523,8.17,6.29,4.22,109.2,60.94406128,0.268114845,-0.00457233,0.000123361,0.976854303,1.036908467,0.514263822,-0.979761727,-0.5289,-3.2368,-0.265,0.150951046,-0.405486035,-0.358881194,-1.306698224,0.029644118,0.157355894,0.19722272,-0.435419165,-0.091288488,-1.694778416,0.142561536,-0.156168255
1972.75,1332,5251.123551,25.366,801.9,239.7,3294.71219,402.492859,161.6227195,33.543,48.647,68.952,0.529129554,0.670322792,0.535548814,0.630749384,5.845998647,210652,145215,7.99,6.37,4.86,114.0666667,64.14975739,1.507444913,0.010836206,0.009634155,0.567828035,1.07111282,1.050980321,-0.264591622,0.5596,0.0096,-0.4847,0.926296492,-0.185812186,-0.525247488,0.681300858,0.282726112,0.697526013,0.424944977,-0.157345917,0.051412034,2.826210704,-0.065919777,0.575527681
1973,1380.7,5380.53856,25.661,826.5,254.3,3354.982748,419.1770946,163.4598645,34.62,49.544,69.878,0.544258366,0.69214165,0.54639903,0.645488444,5.857126576,211120,145964,7.97,6.6,5.7,115,61.67898941,1.773278227,-0.043811794,-0.007246963,-2.196141236,-1.677117868,-0.348445341,1.388252533,0.3806,6.0605,1.0297,-0.574860214,0.433554721,1.021474865,0.170204116,-0.309876441,0.415723248,-0.353197926,-0.657188675,-0.468873662,1.957234466,-0.2255415,-1.013670814
1973.25,1417.6,5441.424843,26.052,842,268.2,3353.245719,434.9040317,165.0082791,35.098,49.693,70.63,0.542981715,0.698272548,0.540902435,0.652412094,5.81043242,211581,146720,8.09,6.81,6.6,107.4333333,56.15856171,-0.534504652,-0.068686888,-0.021378556,-1.412891256,-0.547303126,1.214249139,-0.73229515,-1.3534,-1.4493,0.803,-0.652232213,-0.151668702,-0.121414588,-0.964015474,-0.080054313,0.451735844,-0.351799066,-0.376778671,-0.621380044,0.670886811,-0.849434514,-1.576932684
1973.5,1436.8,5411.87992,26.549,860.5,264.3,3365.403418,441.4558544,165.9821974,34.799,48.99,71.033,0.531805313,0.700011907,0.53136263,0.66452326,5.710515899,212097,147478,8.47,7.21,8.32,105.0666667,58.24576569,-1.911679607,0.011004761,-0.002103532,-0.394919069,-0.130133577,1.879283186,-2.378603141,-1.9469,-2.134,0.0599,-2.087488956,0.289328089,-0.826300972,0.269063887,-0.115151529,0.166611867,-0.436562294,0.262183144,-1.208375465,-0.424157706,-1.269811203,-1.12417669
1973.75,1479.1,5462.569709,27.077,875.6,280.9,3355.560665,444.7792156,166.5024599,35.136,49.174,71.453,0.532969675,0.713972487,0.533991843,0.68681525,5.521378885,212631,148226,8.44,6.75,7.5,102.1933333,54.9345665,-0.240632271,-0.053020757,-0.013794838,-1.640791984,-0.100749729,1.914915835,0.21062234,0.142,4.2512,0.3288,-2.393335325,0.959102993,-0.761870225,0.950509118,0.162632002,-0.350732184,-0.234367856,-0.015440293,0.924507753,0.105460646,-0.762912352,0.422754447
1974,1494.7,5417.149899,27.592,893.8,268.4,3326.386304,444.4121353,166.7818037,34.643,48.488,71.447,0.513769942,0.704952977,0.52675652,0.701807903,5.298778488,213072,148987,8.54,7.05,7.62,95.66666667,52.82161713,-1.560725323,-0.048296258,-0.022652948,-1.124738675,-2.233453749,2.155486067,-1.587287348,-2.6847,-7.9948,1.7915,1.059596977,-0.628369115,-0.154792111,0.587791669,0.712831433,0.274289094,-0.442341083,0.418984494,1.532279836,1.341753901,-0.121122028,0.087641766
1974.25,1534.2,5431.180969,28.248,922.3,277.4,3337.917556,443.6090226,166.0989545,34.703,48.667,71.307,0.50774056,0.697714062,0.535028405,0.72821647,5.246917606,213520,149747,9.06,7.54,8.15,90.64,48.02506256,-0.378205247,-0.052838054,-0.017365646,-1.28015598,-0.995696656,-1.125169972,0.683475199,-0.3572,8.7772,-0.9857,1.166198524,-1.745540827,-0.356943882,1.160792603,0.583072812,0.028312537,-0.268830439,-0.307691314,0.629979219,0.483549803,-1.966376009,0.095472891
1974.5,1563.4,5378.608043,29.067,951.1,271,3351.776149,439.1708815,166.0373448,34.209,48.244,70.908,0.496360329,0.68267126,0.51916486,0.693000961,5.374734606,214047,150498,9.81,7.96,8.19,74.48666667,39.27288437,-1.283631147,-0.203317106,-0.064781852,-0.328955793,-1.115452759,-2.97193583,-0.047680364,-0.6048,-1.8813,-0.8438,0.034321202,-1.773531168,-1.403709393,1.327676427,0.131163766,-0.027986599,0.226784588,0.253021749,-0.267839673,-0.110287125,-2.232246154,-0.295187424
1974.75,1603,5357.08318,29.923,960.9,281.3,3302.629318,427.6686001,164.4493486,33.963,48.619,69.855,0.490788279,0.671735477,0.533045673,0.704392032,5.63621522,214619,151253,10.57,7.67,7.36,69.41666667,39.52059174,-0.932477576,-0.019020719,-0.005547707,0.706898301,-1.050370832,-1.525211337,0.480844592,1.856,-3.5159,-0.7617,-3.45925001,-1.220700154,0.507025767,-0.764463771,-0.487044167,-0.305173717,-0.07362456,0.152381193,-0.295183603,0.176794714,-0.470644087,0.660511674
1975,1619.6,5292.637496,30.601,987.1,244.3,3330.184542,403.1231081,160.7135623,33.341,49.294,67.637,0.492550062,0.669720302,0.558298793,0.745646215,6.01233509,215065,151987,10.65,7.54,5.75,78.81333333,45.92762756,2.584960845,0.092192516,0.027458921,3.24218354,-0.227561366,-0.422421295,1.2206546,1.8156,-16.8106,-1.0509,0.186352844,-3.083035763,1.734313359,-0.84692121,0.176656104,-0.219108552,0.377887441,-0.113018455,0.578807639,-0.386125141,-0.266209568,0.371009045
1975.25,1656.4,5333.075759,31.059,1015.8,243.3,3385.661434,393.5661203,159.8956801,33.629,50.128,67.086,0.505554866,0.672808005,0.569551545,0.74256766,6.273441034,215548,152708,10.63,8.05,5.39,89.07333333,52.7745285,0.98871455,0.036843009,0.013283097,0.446897523,1.861880222,-0.881278976,1.077980848,1.5255,8.1894,-1.1867,1.6945743,-1.741640362,1.622679526,0.641803593,0.009646203,-0.09796279,-0.27386522,-0.031020317,0.185961012,-0.1044528,-0.106371961,0.300368954
1975.5,1713.8,5421.358978,31.612,1049.6,265.2,3434.105484,397.6918592,160.8588809,34.317,50.634,67.774,0.519702836,0.692394976,0.565236051,0.731970049,6.284622824,216187,153579,10.58,8.3,6.33,87.62333333,50.70159531,-0.43862344,-0.08748626,-0.021817328,-0.74252776,-0.105779483,0.814339561,0.282618463,-0.1626,12.2429,0.9147,0.79197969,1.586424079,0.383426689,0.418816546,0.071579345,-0.059330822,0.211862465,-0.407965911,0.034955237,0.976167652,-0.369420677,0.231001581
1975.75,1765.9,5494.57046,32.139,1078.5,276.2,3470.412202,402.4915197,162.8930037,34.9,50.765,68.748,0.523351106,0.696629661,0.554571494,0.713315134,6.213673901,216763,154336,10.58,8.06,5.63,89.11333333,52.76001358,-0.9105301,0.013241127,0.003332048,-1.15248188,-0.905436444,-0.508127615,-0.314509853,-0.9951,-4.3519,-0.0258,-1.184479272,0.602035279,-0.047791845,-0.808369915,-0.383882772,-0.554321233,0.043624679,0.133069369,-0.129634718,-1.533591796,0.288665345,0.027023424
1976,1824.5,5618.513842,32.473,1112.3,304.6,3539.87652,411.0583526,164.8513281,35.914,51.494,69.743,0.539445716,0.709009513,0.555422478,0.697149794,6.081564308,217242,155075,10.26,7.75,4.92,99.52,60.37779999,-0.127878484,0.058227621,0.02321017,0.565569446,1.1118836,-0.777213742,1.777701634,0.6043,5.5995,-0.0127,-0.48533807,0.867264304,0.724418325,0.190275734,-0.165406789,-0.149954199,-0.144267282,-0.616432487,-0.185876497,-0.27550039,0.597782896,0.21196398
1976.25,1856.9,5660.762735,32.803,1132,322.3,3572.555703,416.5132994,165.1892785,36.24,51.846,69.9,0.544065253,0.712264454,0.563724976,0.710233662,5.975097749,217691,155774,9.9,7.77,5.16,101.6333333,61.44404984,0.462793857,-0.041636288,-0.011617949,1.80974233,-0.151950542,-0.535290295,0.625953088,0.4975,-5.3743,-0.8933,0.264959914,-1.105240571,0.40819211,-0.921934694,-0.198271039,-0.050687482,-0.053306154,0.184279891,-0.200877656,1.129083448,0.104686231,-0.066530518
1976.5,1890.5,5689.821224,33.226,1161.3,328.3,3610.221656,425.5807284,165.8944671,36.438,51.888,70.225,0.54547873,0.714489219,0.562444531,0.706742899,5.883603003,218236,156527,9.62,7.73,5.15,104.3333333,63.13197708,0.139011374,0.022104584,0.007576999,1.791178578,-0.918832066,0.383257547,-0.116671327,-0.8304,-1.6295,0.1394,-0.100605903,1.152081257,-0.143377566,-1.07728124,-0.009794594,-0.363884873,-0.326673609,0.048638087,0.577594199,0.353171068,0.699440201,0.361031146
1976.75,1938.4,5732.367293,33.815,1195.1,337.6,3657.536343,433.7830708,167.0839139,36.759,52.231,70.378,0.547602027,0.71709615,0.572806736,0.723383662,5.848846962,218828,157222,9.21,7.19,4.67,102.6,64.45213318,0.113195827,-0.05233686,-0.014346983,2.476030772,-1.08423302,-1.013559768,0.792421728,0.2039,0.1148,-0.6141,-0.259931187,1.351817868,0.105594328,0.684540774,-0.254436637,-0.474052306,0.18908924,0.434529442,-0.488913564,-0.316496305,1.193281386,-0.207072819
1977,1992.5,5799.062837,34.359,1230.6,360.3,3699.383737,449.714423,167.9382998,37.339,52.529,71.083,0.552084398,0.724428872,0.577840468,0.722993998,5.836972617,219342,157911,9.11,7.35,4.63,101.8,63.7873764,-0.086380842,-0.023657473,-0.003786251,-0.248245417,-0.576865183,0.975872438,0.253238031,-0.6656,4.6785,0.1433,1.310015877,-0.718849808,0.025634161,-0.236292843,-0.015380655,-0.545754897,-0.501961574,0.144392697,0.046023411,-1.010583045,1.085159069,0.212738564
1977.25,2060.2,5913.148302,34.841,1258.5,389.7,3719.63114,462.0119464,171.2360391,38.248,52.626,72.678,0.561947396,0.740053753,0.572573082,0.705300396,5.797730524,219863,158652,9,7.37,4.84,99.03333333,63.96330643,-0.888632816,-0.060932077,-0.011526072,-2.298785609,0.560602506,1.59626907,0.112587301,-0.8037,3.3317,0.9615,-0.282438728,-0.317833312,-0.147017066,0.801040679,0.016409166,-0.573581812,0.157527582,0.129223565,0.700276598,-0.398056765,0.206607611,0.275068783
1977.5,2122.4,6017.578679,35.27,1289.7,414.1,3755.131751,471.3822798,172.7926607,39.037,53.295,73.247,0.57482505,0.753171683,0.590342923,0.726231741,5.766355817,220462,159430,8.83,7.36,5.5,98.06,64.49768829,0.173182839,-0.038725667,-0.004390564,-0.052955873,0.258001352,-0.118108679,1.131869143,0.1033,-0.431,0.1792,-0.613248807,-1.780146069,0.545877094,-1.073350462,-0.398492472,-0.353051838,-0.001282527,-0.044618184,0.045351643,0.430882611,0.157969097,0.035614419
1977.75,2168.7,6018.148518,36.036,1327.9,422.3,3811.861293,485.5855539,174.3863955,38.994,52.701,73.991,0.567311771,0.745471859,0.57746192,0.711710456,5.729681197,221105,160140,8.94,7.6,6.11,93.94666667,63.79860687,-1.532904336,-0.046624303,-0.017830631,-0.753891033,1.045443067,-0.827301923,-1.728770605,-0.9712,-3.6137,-2.366,0.077198654,1.102917197,-1.02855858,-0.373632818,-0.220908083,0.025030211,0.423850414,0.1695265,0.067661776,-0.197344811,0.396298511,-1.218786392
1978,2208.7,6039.154568,36.573,1357.8,434.8,3833.968657,489.8780509,175.0353766,39.053,52.514,74.367,0.563651492,0.748921138,0.586372666,0.745111671,5.632464778,221633,160829,9.2,8.01,6.39,89.35,61.77067566,-0.41121841,-0.042620808,-0.013584641,0.6011472,-0.03862803,-0.558809409,-1.781668278,-0.7099,2.9065,0.7577,0.43386635,-2.397184857,-0.154250707,-0.46661249,-0.447773022,-0.129325355,0.139766877,-0.216793369,-0.533153732,-0.58566907,0.426545673,-1.130664381
1978.25,2336.6,6274.099135,37.242,1415.3,470.6,3915.617651,527.7886798,180.0280994,40.947,53.536,76.484,0.583197404,0.772317476,0.585485488,0.735789201,5.514281911,222182,161525,9.47,8.32,6.48,95.92666667,69.02049255,1.226020746,0.030925613,0.021631392,-2.557151822,-1.115403019,0.019964732,2.243388615,0.6105,8.766,0.3119,-0.275342063,0.056085893,1.481234817,2.474804637,-0.583020068,-0.216537484,0.048887858,-0.087487815,-0.367485669,0.086511228,-0.097757078,-1.38972614
1978.5,2398.9,6335.402086,37.865,1446.2,492.4,3931.921372,545.7903131,180.7661826,41.371,53.652,77.11,0.582585134,0.773442508,0.585587773,0.739515008,5.420256878,222814,162265,9.5,8.49,7.31,101.6633333,74.80390167,-0.175652092,0.007339024,0.00104363,0.507053857,-0.094922871,0.278496114,0.155224857,-0.7462,-4.1957,-0.0625,-1.669382365,-0.023908633,0.201259524,1.410773263,-0.377122325,0.096611869,-0.056027183,-0.006070589,0.118502508,0.191396082,-0.244370514,-1.215123831
1978.75,2482.2,6420.423683,38.661,1485.4,515.8,3963.497612,563.3663366,182.8228756,41.973,53.848,77.948,0.583686535,0.77983585,0.584133459,0.73920627,5.318638803,223473,163024,9.79,8.82,8.57,97.14,68.87435913,-0.46535792,-0.078239605,-0.024054118,-0.870933908,0.572794833,0.767946847,0.35541836,-0.0805,3.0968,-0.4742,0.746234431,1.5468081,0.631025053,1.168224144,0.10340822,0.124001797,0.145999087,0.128769935,-0.012894628,-0.270907092,-2.003944762,-0.287283227
1979,2531.6,6433.218134,39.352,1521,525.8,3983.656793,576.3916943,183.2889591,42.028,53.546,78.49,0.582030312,0.780351697,0.584007238,0.741798994,5.251761537,224051,163756,10.16,9.11,9.38,99.34666667,74.08132172,-0.324190501,0.022366485,0.006323184,-0.51481628,-0.503206928,-0.655398729,0.170641078,-1.4054,-0.0222,0.0834,-0.462521138,0.84051676,-0.454796216,1.797744334,-0.032257628,0.375606607,-0.17946912,0.06645659,-0.247145394,1.812448794,-1.914993128,-0.397696835
1979.25,2595.9,6440.799921,40.304,1561.5,539.3,3981.184029,575.8864351,183.0982986,42.077,53.448,78.724,0.570836291,0.777834019,0.59587065,0.802371611,5.140221742,224638,164447,10.39,9.11,9.38,101.1766667,77.52413177,-0.23969985,-0.005209562,-0.007004887,-0.560191109,-0.978980124,1.211667617,-0.163461019,-1.0958,1.1641,0.2831,-0.148913415,0.753038265,0.10729345,1.59424098,0.074232754,0.037376957,0.011752178,-0.378709175,0.328398134,-1.415835749,-1.602737416,-0.157602798
1979.5,2670.4,6487.064254,41.165,1616,545.6,4020.500572,592.8241959,185.5931634,42.424,53.446,79.377,0.567098722,0.779680831,0.58262512,0.786575338,5.035776474,225299,165200,10.39,9.1,9.67,106.2333333,84.18838501,-1.17676974,0.024144277,0.005706502,-1.698319089,0.01134224,1.351526567,0.801459229,-0.9467,2.6933,0.0358,-1.840875458,-0.755636374,0.533166228,4.118777382,0.264885893,0.681245234,0.026843726,0.032893792,0.280575468,1.078395533,-1.748588226,-0.270583772
1979.75,2730.7,6503.834612,41.986,1659.5,547.9,4031.337301,594.3827564,186.1159523,42.485,53.341,79.648,0.563531748,0.77631638,0.581322777,0.790557376,4.952357303,226024,166055,11.82,10.45,11.84,105.3333333,83.74719238,-0.420773528,-0.042617302,-0.013970354,-0.359117262,-0.161047561,0.539928439,-0.121770481,-0.7372,2.3618,0.2316,-1.158711456,-0.864283393,0.657318998,3.983307896,-0.203866571,0.42724594,0.040566739,-0.16214436,-0.652940539,0.458233716,-2.261462131,-0.13625422
1980,2796.5,6524.883922,42.859,1706.5,554.6,4024.954007,600.8883343,185.5004242,42.562,53.693,79.269,0.562713374,0.771173073,0.602872025,0.80380034,4.892057471,226652,166762,13.48,11.99,13.35,110.3,88.63259888,0.368690456,0.023926385,0.006223479,0.187764888,-1.746954352,-0.121340976,0.41740217,-0.6518,5.4745,0.5343,0.297506826,-1.020195018,0.881437576,3.700062905,0.17844403,0.312495998,0.005806664,-0.324228401,0.669938965,-0.810003508,-1.81569883,0.044423823
1980.25,2799.9,6392.465753,43.8,1708.9,519.3,3934.384713,573.142044,183.2382733,41.374,53.09,77.931,0.541588735,0.748170362,0.594395332,0.826424782,4.88782721,227278,167416,13.36,10.48,9.62,108.4333333,90.18138123,-0.889087876,-0.032743387,-0.022154657,1.684946225,-0.771813794,0.114821354,-2.086535355,-1.0341,-12.7634,-0.1694,-2.004900701,-0.330397575,0.388418139,-0.2756905,-0.243979718,0.890156428,-0.403351427,0.171643669,-1.243296233,0.712750362,-2.041350084,-0.763191767
1980.5,2860,6382.788788,44.808,1767.7,495.1,3976.917366,576.8929968,182.6764417,41.247,53.126,77.64,0.542242207,0.751692889,0.589273366,0.81433779,4.899960488,227955,168111,13.17,10.95,9.15,123.2666667,103.3935394,-0.419264653,0.120986,0.035227869,-0.321411102,1.327980673,1.233827164,-0.325527972,0.1372,3.2859,0.2452,0.443397738,-0.013163749,1.214906919,3.514494667,0.725317223,0.377991882,0.05785094,0.070522083,0.675022124,0.501421338,-0.336572701,1.452121052
1980.75,2993.5,6501.107588,46.046,1835.4,551.5,4029.683624,589.1204994,184.6384408,42.227,53.707,78.625,0.557458104,0.775987543,0.581979076,0.78547575,4.902341402,228603,168694,14.67,12.42,13.61,133.1333333,114.7112045,-0.963455971,-0.030550342,-0.002599181,-0.304995391,1.060941564,0.905311059,0.066060079,0.698,23.5099,0.512,0.127952162,0.616940815,0.312992332,3.48892371,0.449377967,0.07366415,-0.158917887,0.166210771,0.253761382,0.744188409,-0.473228258,0.925601853
1981,3131.8,6635.731842,47.196,1890.7,619.4,4050.776647,601.1344207,185.2763306,43.319,54.799,79.051,0.568029842,0.797130437,0.594849422,0.820882485,4.956108643,229077,169279,15.25,12.96,14.39,131.5333333,114.3286209,0.121863076,-0.075580373,-0.0189688,0.362564431,0.69505941,0.373962019,1.544764043,0.7853,6.2755,0.1409,-1.448367126,-0.421785562,1.272340851,1.356800192,0.15710667,-0.050885173,-0.347598538,0.181147749,-0.678656763,0.302056484,-0.982590827,0.537651676
1981.25,3167.3,6587.425386,48.081,1921.9,609.8,4050.027395,613.4294536,184.2982297,42.877,54.329,78.921,0.560028212,0.787990287,0.585018105,0.802269541,5.032169356,229580,169837,15.77,13.75,14.91,132.8,117.9076691,-0.543256222,0.016841408,-0.001057702,0.744717865,-0.509398715,-1.032083354,-0.40506757,-1.7291,-7.5616,-1.1013,0.44888105,-1.340985361,-0.98385667,1.640691978,0.911128217,0.197692671,0.183493057,0.271568977,0.527158389,1.210087322,-1.061898228,0.275900969
1981.5,3261.2,6662.85294,48.946,1961.2,652.3,4066.264436,627.3831058,183.5435605,43.443,55.024,78.953,0.570372352,0.803276921,0.605411556,0.82966918,5.046659975,230188,170413,16.48,14.85,15.05,125.6666667,110.5688629,1.289057962,-0.102511592,-0.025639003,-1.005528567,0.210659117,-0.300949706,1.508960251,1.539,13.8995,0.3297,-1.182979094,-0.570392068,0.215941754,0.004264642,-0.099922013,-0.267793719,-0.059005398,0.262645406,-0.394426374,0.113224759,0.33874187,-0.028969245
1981.75,3283.5,6585.043018,49.863,1976.1,643.4,4035.822237,641.6363127,184.5071152,42.717,54.286,78.688,0.550868848,0.785116984,0.599683319,0.833536489,5.042943308,230817,170990,16.68,14.09,11.75,122.1666667,112.5158997,-2.75696746,0.001964858,-0.007153458,-0.009248289,0.674895589,-0.544298393,-0.81560605,-1.6633,-11.9032,-0.9646,-2.324332734,-0.719829032,-0.653295273,0.972662071,0.026264425,0.147728151,0.167452095,0.177482017,0.26705952,-0.14354337,1.263714513,0.176960941
1982,3273.8,6474.951049,50.561,2014.4,588.3,4062.600839,624.890666,181.6159703,41.74,53.925,77.404,0.538158818,0.777863128,0.603662459,0.864737686,5.049705789,231313,171497,17.03,14.29,12.81,114.2,105.3697052,-0.102251671,-0.04480385,-0.017488141,0.677052894,-0.125886648,-0.013163363,-0.893695985,-0.0419,0.1453,-0.0591,1.384549072,-0.971569187,-0.725532688,-0.643888301,-0.013597949,0.232614816,0.196483254,0.728774869,0.119320164,-0.606947138,0.837367291,-0.301628861
1982.25,3331.3,6510.259918,51.17,2041.1,593.6,4077.633051,605.0243812,182.9194927,41.978,54.098,77.597,0.536396297,0.7773121,0.598203008,0.843465004,5.059695369,231815,172020,16.78,13.93,12.42,114.1333333,104.6436157,-0.5682389,-0.009535376,-0.001934269,-1.255948101,-0.659269656,-0.809259879,-0.076308322,0.2878,10.2083,-0.4634,-1.620762617,-0.313328144,-0.372597065,-1.16913654,-0.267934316,0.088142072,0.099210217,-0.212206383,-0.014872693,0.056955635,-1.75537749,-0.024223113
1982.5,3367.1,6486.793689,51.907,2089.2,593,4109.120233,587.3547564,181.6145833,41.727,54.118,77.103,0.530441912,0.778380429,0.592118564,0.851922066,5.012555903,232393,172522,16.25,13.12,9.32,113.8333333,108.5255585,-0.790641219,-0.009628194,-0.004984887,1.319611936,1.496561881,0.931590621,-1.067558332,-0.4054,-1.4324,0.561,0.436775212,1.569757519,-0.69429998,-1.725853336,-0.111815386,0.146200171,0.270644741,0.213853128,0.162036555,-0.317037372,0.266648295,0.31381341
1982.75,3407.8,6493.150163,52.483,2150.9,549.2,4184.060537,577.1890952,180.5113561,41.742,54.635,76.401,0.531952739,0.783505748,0.595174974,0.858693998,4.991510962,232990,173046,14.39,10.67,7.91,136.7333333,132.4113464,2.192927011,0.15963611,0.045352191,2.604532555,0.957357424,-0.04851218,-0.354811521,0.8266,-6.7197,0.2612,0.801557803,0.857499114,0.22442051,-0.435464029,0.217871233,0.170784044,0.178873588,0.016873645,0.06688327,0.02328223,0.781575207,0.781169789
1983,3480.3,6578.146559,52.907,2190.6,565.5,4224.87946,568.7104635,181.6725483,42.379,55.178,76.805,0.538226371,0.793528101,0.592208369,0.840727153,4.971449154,233469,173505,13.83,10.56,8.11,147.6666667,146.2861633,0.421876252,-0.011016834,-0.004786068,0.038315575,1.042387043,-0.090850726,-1.76668736,0.3398,8.609,0.4591,0.348903719,0.757648216,0.124929484,0.29953266,0.25554966,0.092166163,0.626472517,0.398877352,-0.169015652,-0.437753578,-0.078152648,0.564423521
1983.25,3583.8,6728.245565,53.265,2254.5,613.8,4308.400856,576.6567755,183.4278462,43.584,56.179,77.581,0.55332539,0.812982656,0.589822171,0.829180021,4.885437923,233940,173957,13.25,10.54,8.4,162.7333333,165.6749573,0.192779615,0.050977953,0.019634532,1.331785289,-0.689635287,0.046515353,-0.105840878,0.664,10.1187,0.4704,0.189525567,0.547135392,0.974038102,0.886079358,0.187649763,0.089374309,-0.176477803,-0.03189124,0.243511432,-0.468314599,0.654099045,0.387086069
1983.5,3692.3,6860.078405,53.823,2324.3,652.3,4383.982798,601.084776,186.2584509,44.632,56.4,79.135,0.556982225,0.824590789,0.57799745,0.809559378,4.733097574,234503,174449,13.53,11.63,9.14,165.5333333,165.9611206,0.247813436,-0.034934212,-0.011191348,-0.026658709,0.655988373,0.825736212,-0.370698418,-1.0618,1.8926,0.6521,-0.81617287,0.989007506,0.360077194,1.420983568,0.011459131,0.044159795,0.126782373,-0.124834184,-0.249755397,0.673306652,0.282137625,0.288772312
1983.75,3796.1,7001.420166,54.219,2376.7,718.5,4453.16745,637.4151682,188.3661349,45.746,56.896,80.402,0.568534933,0.838789357,0.579129183,0.805801321,4.593360469,235073,174950,13.61,11.69,8.8,165.7666667,165.9807892,0.40558993,-0.026392529,-0.003587428,0.537949724,-0.195243373,-0.758395323,-0.247096069,0.1548,6.6943,-0.4848,-0.152312629,0.249007885,-0.184893385,0.968891704,-0.036242756,-0.021500782,-0.065050813,-0.000478608,-0.181277336,-0.273463404,0.746555296,0.030699761
1984,3912.8,7140.667202,54.796,2422.8,790.9,4490.991325,657.6749366,191.7356883,46.872,57.185,81.966,0.581263484,0.85877273,0.586719782,0.817896595,4.389335966,235529,175679,13.74,11.94,9.17,160.3666667,160.6416931,-0.451360176,-0.064668015,-0.011284684,-0.312564465,-1.057122114,1.037995645,0.497808241,-0.3659,4.9104,0.5143,-0.528325832,2.317228259,-0.666046536,0.062064563,-0.144347815,0.102764183,0.287733063,-0.142418812,-0.516616915,-0.20212048,0.094801745,-0.185751194
1984.25,4015,7266.047741,55.257,2481.2,818.9,4554.833499,688.290554,194.4092284,47.891,57.69,83.015,0.589601782,0.871090631,0.595068261,0.837608875,4.239450577,235997,176125,14.7,13.2,9.8,155.7666667,156.0380707,0.359396195,-0.039809413,-0.006171961,-0.06596714,1.501631117,0.069735786,1.499122652,-0.1405,-0.9268,0.0045,-0.092647261,-0.522054769,0.099105678,0.984194012,0.10225652,0.067696418,-0.007041041,-0.222806495,-0.207367587,-0.20022305,0.857904827,0.118446337
1984.5,4087.4,7337.581905,55.705,2519.7,838.9,4589.868299,709.3123385,195.1059053,48.367,57.983,83.415,0.590636464,0.87784227,0.599145538,0.854351063,4.126375952,236552,176595,14.71,12.87,10.32,160.5333333,164.2331543,0.919481462,0.026670348,0.009252044,0.768318455,1.117520626,0.291375469,0.337869648,0.0991,2.0542,0.0739,0.676839236,0.722637352,-0.263570866,0.011287522,-0.035626659,-0.199692475,-0.115602261,-0.163693696,0.257655093,-0.102838559,0.247129318,0.190516381
1984.75,4147.6,7395.994936,56.079,2568.9,831.7,4650.518655,726.0462487,195.8086949,48.735,58.093,83.892,0.589863533,0.881639161,0.602958858,0.862406775,4.056201475,237150,177132,13.61,11.74,8.8,165.2,170.4583893,1.042412158,0.009854995,0.0024565,-0.612919015,1.922662317,-1.121517392,0.040534403,-0.4066,-2.3539,-0.2647,-0.216984571,0.252140603,-0.719962836,0.296402191,0.259009673,-0.086797189,0.103310102,0.058508205,0.236673335,-0.40328483,1.373005262,0.661209006
1985,4237,7469.501446,56.724,2643.9,809.9,4729.695886,734.1719437,197.1309902,49.279,58.293,84.537,0.594121077,0.894942284,0.614145549,0.892603886,3.995202622,237601,177522,13.39,11.58,8.18,177.3,189.6881409,1.213935784,0.039989207,0.014507247,-0.325018745,-0.391278572,-0.358867417,1.122739299,-0.2256,-0.5646,0.3969,1.234661803,1.715085602,-0.440502938,-0.275754293,0.206015779,-0.068824,-0.088108288,0.128430729,0.063560186,-0.717723695,0.227557476,0.00917984
1985.25,4302.3,7537.976347,57.075,2691.2,827,4774.085966,744.7302783,198.297553,49.769,58.568,84.977,0.591911517,0.895396482,0.610875165,0.888286495,3.948534803,238081,177946,13.02,10.81,7.46,184.8,198.581955,-0.223209029,0.012776413,0.001995883,0.430510622,0.873031441,-0.997823788,-0.457099267,-0.3987,3.5495,-0.1653,0.605844515,-0.035138183,-0.539945162,-0.050192034,0.027840165,-0.045569251,-0.194589503,-0.198959942,-0.105007578,-0.3450979,0.279452971,0.098556973
1985.5,4394.6,7655.297356,57.406,2764.7,822.2,4865.716297,736.2202327,199.174376,50.646,59.522,85.088,0.602518034,0.910363441,0.618523912,0.89806251,3.899307588,238681,178413,12.47,10.34,7.11,188.3,201.1057739,1.863172504,-0.022007244,-0.001881761,0.867555746,-0.345242047,0.281838868,1.589100109,0.8519,0.6603,0.2393,-0.030238615,-0.434785891,0.346483767,-0.620688688,-0.167299591,-0.152149741,-0.144373756,-0.076362262,-0.041940513,-1.11320832,0.409764367,0.343573704
1985.75,4453.1,7712.598289,57.738,2790.9,859.5,4878.257678,749.6119142,200.2402183,51.022,59.739,85.409,0.602561745,0.910636923,0.615527132,0.889140783,3.858484342,239299,178941,11.98,9.76,7.17,197,217.5457306,-0.431150704,0.030326672,0.00806923,0.401908461,-0.84767986,-0.171316477,0.423675173,-0.5695,2.7666,-0.4184,-0.182319413,-0.045087283,-0.260449521,0.685169851,-0.171345317,-0.058223481,0.031120482,0.045153828,-0.300697231,0.319661859,0.983367261,0.65003523
1986,4516.3,7784.039986,58.02,2834.7,863.5,4919.560577,742.125127,199.9300844,51.517,60.297,85.439,0.609377483,0.91995455,0.625114786,0.905354475,3.794045732,239785,179825,11.02,8.56,6.9,219.9666667,248.1607056,1.315907506,0.07477735,0.023658197,0.949702059,0.439292245,-0.041817022,0.627714567,0.6061,0.2186,0.0226,0.631175426,-0.42061855,-0.010506637,-0.144330564,-0.094327158,-0.171091857,0.12212247,0.070981198,-0.384661949,-0.102843221,0.097671597,0.696447731
1986.25,4555.2,7819.817345,58.252,2863,855.2,4974.545202,727.0848105,200.6052002,51.724,60.68,85.241,0.609642314,0.915984485,0.633333996,0.919098612,3.805930816,240275,180321,10.27,7.6,6.14,240.6,271.4284363,0.194293584,0.043348793,0.010218801,0.415319535,-0.162081696,-2.114276084,0.470945612,0.8241,-1.2308,-1.2872,0.662724053,-0.617863998,-0.18186964,-0.516557987,0.030135677,0.183787436,-0.145324193,0.22047879,-0.055871636,-0.170735122,0.655272506,-0.165713106
1986.5,4619.6,7898.507361,58.487,2929.7,835.8,5064.654427,718.788805,200.9585844,52.298,61.024,85.701,0.611601236,0.913051763,0.634807793,0.911020642,3.801041814,240858,180836,10.18,7.31,5.52,241.1666667,266.010498,1.235004146,-0.023825256,-0.007538076,-1.259033332,-0.731286165,-1.26055509,0.239827545,-0.2879,2.8509,-0.2536,-0.549202589,-0.435303578,-0.291288213,-0.512466237,-0.039729727,0.108933426,-0.040770167,0.033941449,-0.452996016,-0.540275847,1.081514857,0.434162389
1986.75,4669.4,7939.401153,58.813,2966.1,842.1,5097.092384,725.7470226,202.6874593,52.534,60.85,86.333,0.608751043,0.909724926,0.632124914,0.909527283,3.782389539,241454,181365,10.09,7.26,5.35,243.7,269.9433899,-0.802262015,0.007145473,0.000165281,-0.285682069,-0.434752922,-0.660507177,-0.457209694,-0.8362,0.568,-0.2514,-0.911722284,0.131818167,-0.875298092,0.271843743,-0.07956713,-0.096025613,0.033977114,-0.195856335,0.120240459,-0.587452596,1.025346888,0.529373623
1987,4736.2,7994.935854,59.24,2998.3,871.2,5097.935866,708.5931469,204.9817913,52.901,60.575,87.331,0.605576211,0.906169423,0.620883637,0.890539249,3.73354278,241931,182001,9.66,7.19,5.54,279.3,312.46698,-2.164557477,0.125211343,0.033913974,-0.681614926,-0.039175235,0.89033037,-1.69074087,-1.3016,2.0757,-0.0854,-0.743530693,0.219349342,-0.924805815,-0.868373436,-0.233430997,0.014919081,0.026364422,0.316271881,-0.187055272,-0.645948767,0.796636243,0.560729798
1987.25,4821.5,8084.746047,59.637,3068.8,874.6,5168.592313,722.8572108,205.5099014,53.567,60.959,87.873,0.617172888,0.920190577,0.632040698,0.91177304,3.670878305,242428,182527,10.36,8.34,5.66,293.2666667,322.072998,0.702022396,-0.031830076,-0.005813599,0.736364633,-0.693542736,-0.348483929,0.044101515,0.2803,3.3845,-0.1035,0.390512143,-0.627954411,-0.174448177,0.558272358,0.230368394,0.065436192,0.218118893,-0.004471805,0.04958009,-0.022287433,0.190672,0.760023047
1987.5,4900.5,8157.982354,60.07,3133.5,876.5,5228.51279,742.9358735,206.1947414,53.986,61.052,88.426,0.620932655,0.928642149,0.635862665,0.924001729,3.607943585,243013,183016,10.91,8.88,6.04,319.4,352.9067688,0.867592293,0.062793568,0.018705588,0.73215996,0.366835815,0.495144067,-0.736779181,-0.4874,2.2916,0.1601,0.344817937,-0.028713006,-0.922729389,0.211969728,0.091084166,0.034300272,0.03547611,0.023786061,-0.239590439,-0.063633868,0.988198281,0.545067901
1987.75,5022.7,8292.799709,60.567,3167.6,946.5,5239.426369,741.9218187,209.3103462,54.972,61.541,89.326,0.624674999,0.930162405,0.63689163,0.916600638,3.593107368,243631,183467,11.38,9.12,5.86,255.4,265.1696777,-1.134098982,-0.258413643,-0.075605467,-2.17864617,0.704206704,-0.279879837,0.219300985,0.3833,4.9227,-0.4693,-1.611751498,-0.013046314,-0.502396546,-0.07277579,-0.168137828,0.070474069,-0.201769232,0.091189401,-0.406771602,-0.461922303,0.65382159,0.007249025
1988,5090.6,8339.367331,61.043,3249,908.6,5332.698684,747.9130719,209.7707957,55.199,61.753,89.386,0.62914793,0.940114833,0.651284643,0.935358724,3.564286577,244130,183967,10.75,8.42,5.72,258.1,290.7207947,0.739884394,0.07067699,0.025166273,1.630826956,-0.176213754,0.403839187,0.372529737,-0.2447,-5.2273,-0.009,-0.668671248,0.258005665,-0.511211543,0.373534983,0.067183981,0.055260784,0.311629188,0.246432351,-0.228590532,-0.139385486,1.466427693,0.302334016
1988.25,5207.7,8449.531907,61.633,3309,934.5,5371.840452,764.6901926,212.7127958,56.044,61.846,90.619,0.629523343,0.944424038,0.654334133,0.935646635,3.521987357,244620,184389,10.98,8.91,6.21,263.1333333,300.6159363,-0.570814672,-0.010712801,-0.002528281,-2.158255772,-0.104132345,0.160637041,0.220990856,-0.7415,6.8337,0.1323,-0.520828032,-0.000379224,-0.285993735,1.015484647,-0.069245947,0.120706924,-0.046005148,0.2900468,-0.159334057,-0.400489141,0.89249387,-0.292902672
1988.5,5299.5,8498.372328,62.359,3378.3,942,5417.588762,769.4173076,212.9644384,56.32,62.029,90.796,0.631930762,0.955054125,0.657936141,0.949589895,3.477246774,245242,184840,11.07,9.1,7.01,266.9333333,307.2601624,0.050191353,-0.013045409,-0.003577047,1.478318669,0.268222082,0.256906265,0.023033462,-0.0933,0.833,0.424,0.388400056,0.58365443,-0.743182122,-0.323970696,0.058009489,0.269130818,0.039906351,-0.044960697,0.02067738,-0.310389267,1.205513463,0.156812025
1988.75,5412.7,8610.859225,62.859,3451.3,962.8,5479.732626,780.1434668,215.2227851,57.097,62.165,91.848,0.633718002,0.956625446,0.658130403,0.944323498,3.480599973,245878,185253,10.51,8.96,7.73,274.9666667,316.3727722,-0.114162377,0.024122499,0.008949465,-0.80343763,0.781684379,-0.935040203,0.272476083,-0.2978,4.7811,-0.3861,0.755967534,-0.685620489,-0.422487615,0.157109612,0.097181569,0.275421614,0.085365045,0.081866268,-0.16269785,-0.117406665,0.286742698,0.11712131
1989,5527.4,8697.718332,63.55,3506.1,1005.4,5505.032266,792.4927728,217.2170699,57.746,62.285,92.713,0.631399875,0.95892955,0.654837417,0.939016427,3.455533076,246377,185773,10.64,9.21,8.54,290.7,338.9553833,-0.960380636,0.033308361,0.006348133,-0.537992098,0.584624673,1.08176673,0.104115543,-0.5599,4.3407,-0.0876,-1.18402494,1.048858774,-1.227118616,0.016254204,-0.142493942,0.11790447,0.157873178,0.140272714,-0.306482428,0.158282655,-0.206715641,0.023622758
1989.25,5628.4,8766.022396,64.207,3569.5,1001,5530.850042,803.3043242,218.453484,58.203,62.613,92.957,0.623659154,0.960496643,0.649671304,0.96040104,3.405958759,246914,186178,10.37,8.77,8.41,313.3,368.3128357,-0.18717216,0.05371137,0.009784697,0.010798734,-0.250705195,1.594889994,0.118368774,-0.4374,-0.6642,0.5813,0.304850844,-0.022034647,-0.463591849,-0.039917357,0.23334741,0.279898124,0.307206796,-0.035435618,-0.009054882,0.336559223,0.185393037,0.036475893
1989.5,5711.6,8831.642751,64.672,3625.6,996.5,5585.92426,823.9151746,218.7107946,58.647,62.866,93.289,0.623541461,0.962866716,0.65496886,0.980597397,3.39719538,247577,186602,9.89,8.11,7.84,341.9333333,406.7140808,0.723137968,0.056731164,0.014728364,-0.202015106,-0.038924711,-1.476591335,0.694218133,0.5517,-0.0371,-0.3538,0.247290451,-0.083192644,-0.245689652,0.812782067,0.253555196,0.163421615,-0.028890709,0.062863844,-0.087791656,-0.337340924,0.560134085,0.284262936
1989.75,5763.4,8850.158165,65.122,3670.1,995.9,5610.486891,815.6926941,219.8239341,58.698,62.93,93.275,0.620336255,0.961322164,0.652558236,0.980987529,3.37469536,248276,187018,9.81,7.91,7.65,345.4,404.0252991,-1.01289398,-0.022067249,-0.010164086,0.756885304,-0.298112156,-0.072869008,-0.325574262,-0.4847,-1.5691,-0.2527,-0.409185501,0.106268524,-0.653846959,0.070647032,0.18691564,0.275181288,0.080389491,0.272959846,-0.113284815,0.541638038,0.089652968,0.449630007
1990,5890.8,8947.008703,65.841,3754.5,1010.8,5658.713771,826.049146,219.9895678,59.372,63.586,93.373,0.627713304,0.974471523,0.655470866,0.993186692,3.324721703,248833,188520,10.1,8.42,7.76,336.2933333,388.6019897,0.724119819,-0.055731621,-0.013541945,0.307888652,-2.074342022,1.022022904,0.466474862,0.2427,5.7032,0.6197,0.161749146,0.919364399,-0.117969568,0.709862251,0.062748556,0.092115388,0.117583746,0.217195312,0.043973082,1.156841924,-0.070069612,0.374078696
1990.25,5974.7,8981.809982,66.52,3800.2,1014.8,5676.5154,815.3700927,218.7395029,59.559,64.19,92.785,0.633265632,0.987539164,0.658121692,0.996835997,3.281258729,249573,188916,10.31,8.68,7.75,349.6066667,409.316925,0.876928825,0.02496906,0.009258427,0.439657892,0.548019567,1.058483731,0.688162397,0.636,-2.956,0.3797,-0.150204925,1.036900408,-0.498484011,-0.735415581,0.129898988,-0.008435419,-0.047429748,-0.060179315,0.021447834,-0.466527547,-0.440337802,-0.021721459
1990.5,6029.5,8983.967578,67.114,3863.4,1000.7,5699.322879,820.9342083,218.798818,59.457,64.554,92.104,0.630091045,0.988397336,0.659188081,1.000384817,3.241749432,250441,189353,10.42,8.7,7.48,335.3966667,381.5167847,-0.586486183,-0.061713975,-0.021883119,-1.158011661,-1.133206366,0.753547221,-0.35085819,-0.3305,0.108,0.383,-0.539557516,-0.216772574,-0.702515199,0.505591687,-0.001491282,0.062771917,0.0449437,0.097264084,-0.368008732,0.647578934,-0.045477518,0.116665392
1990.75,6023.3,8907.308272,67.622,3884.4,947.6,5656.12441,808.2136244,218.1724361,58.72,63.972,91.791,0.619898592,0.980911118,0.658442125,1.020330332,3.210567631,251343,189866,10.6,8.4,6.99,317.0533333,370.1811218,-0.858770695,-0.030803813,-0.014434818,-0.761614519,-1.619549876,-0.029303307,-1.593418529,-1.5486,-3.8249,0.537,-1.9193908,-0.028897109,-0.979114154,0.35335619,4.72127E-05,-0.085477109,0.198434918,-0.032308555,-0.00558019,0.834873867,-0.063491195,0.228483153
1991,6054.9,8865.672953,68.296,3890.2,924.6,5636.663962,791.9266453,216.5387016,58.257,64.141,90.827,0.615313951,0.975379654,0.663044831,1.037333352,3.205532401,252132,190272,10.2,8.02,6.02,353.3433333,431.2659302,-0.621355141,0.123674281,0.03461517,0.973812956,0.871425803,-1.158228313,-1.114711239,1.4855,-1.556,-0.9236,-0.145999091,0.593882656,-0.096334386,-0.901044259,-0.004715944,-0.116835188,0.169939847,0.305130077,0.484385547,-0.70380576,0.259356145,-0.298299121
1991.25,6143.6,8934.326101,68.764,3943.7,926.6,5684.039088,788.0042935,215.5572189,58.835,65.172,90.277,0.623688008,0.987679748,0.669126955,1.034223049,3.161750196,252921,190656,9.92,8.13,5.56,378.6533333,457.0700378,0.289863015,-0.002562105,0.001425553,0.350326579,0.575645851,0.921926715,0.610269452,1.2096,3.1132,0.0842,0.584065759,-0.252162751,0.18805971,0.160044451,0.053752541,0.039454784,-0.037722669,-0.17790139,-0.165084705,-0.531271062,0.214415838,0.144091584
1991.5,6218.4,8977.175937,69.269,3989.6,947.5,5711.58609,781.222878,215.7458521,59.168,65.593,90.205,0.626654726,0.995663202,0.667049695,1.017689433,3.110433669,253809,191121,9.68,7.94,5.38,385.61,477.223999,-1.112293767,-0.013197878,-0.004564378,0.177895935,-0.223833844,-0.286122044,-0.063315706,0.0273,3.3186,-0.0467,0.018337029,0.357981256,-0.643241035,-0.471353877,0.026078838,0.045241317,0.06024169,-0.099219667,0.298164167,0.279781482,0.014502678,0.405982517
1991.75,6279.3,9016.412274,69.643,4017.1,978.8,5710.082302,780.8657425,215.5907462,59.447,66.016,90.049,0.626904361,0.998789402,0.664807345,1.024206461,3.068883031,254706,191651,9.4,7.35,4.54,387.1033333,491.2245483,-1.024827477,0.000616494,-0.002167798,-1.306094696,-1.044458857,0.171340898,-1.031124689,-0.0483,-0.252,0.3243,-1.060241622,0.937705107,-0.379488678,-0.658455142,-0.130599114,-0.042046081,-0.064744691,0.042517102,0.326017024,0.21891281,-0.038884072,0.403502929
1992,6380.8,9122.987618,69.942,4117.7,956.8,5817.357275,777.9193761,214.9341286,60.327,67.382,89.53,0.650307334,1.024724332,0.689745115,1.055583814,3.037579087,255455,192075,9.2,7.3,3.89,412,519.4013672,2.064146407,0.010258698,0.012874155,0.772143027,-0.501574421,0.26925243,1.583875471,1.263,-2.8772,0.6762,0.066966861,0.94333356,0.712121696,-0.107692962,0.03845481,0.170513231,0.307300076,0.080837373,-0.195941368,0.496981345,0.026268641,0.360549653
1992.25,6492.3,9223.589248,70.388,4173.4,1013.1,5857.239095,803.214165,216.0151054,61.112,67.868,90.045,0.65480276,1.033527015,0.686027398,1.045180118,2.986297435,256289,192507,9.13,7.38,3.68,410.1633333,519.3505249,-0.349924686,-0.042512387,-0.011920161,-0.637810625,0.544959434,0.212569897,0.126377327,0.1218,5.4871,-0.1966,0.48197769,-0.554963027,-0.126510488,0.975236762,-0.004445395,0.023780022,-0.1671334,-0.053529859,-0.278615381,-0.36289937,0.316794718,0.142920809
1992.5,6586.5,9313.09475,70.723,4245.4,1024.2,5920.564527,815.6461103,215.9896963,61.763,68.484,90.186,0.656054,1.039011588,0.687091984,1.053748798,2.945482311,257225,193024,8.7,6.62,3.08,417.1533333,529.2220459,0.943285139,0.025740696,0.006899487,0.24834191,-0.042899688,-0.091265872,-0.030581461,0.3169,-2.5399,-0.0618,-0.830658513,0.220264844,0.248124424,0.114435235,-0.009192078,-0.127507919,-0.098047399,-0.055807992,0.097675713,-0.750088255,0.592875771,0.278338007
1992.75,6697.6,9406.609458,71.201,4326.2,1058,5991.053995,837.0739998,217.2266289,62.492,68.841,90.778,0.657991415,1.048292715,0.685248575,1.060327756,2.893729748,258140,193616,8.87,6.74,3.07,423.66,556.1275024,0.119447408,-0.009123877,-0.002546856,0.253530288,-0.349215222,0.174203032,0.5511551,-0.0144,1.9822,-0.1155,-0.63088208,-0.317479349,0.663358006,0.676544424,-0.055049634,0.006771573,0.018527035,-0.110534823,0.115638799,0.142810309,0.730098079,0.544285067
1993,6748.2,9424.070609,71.606,4368.5,1083.9,6013.821396,845.3433187,218.7129305,62.456,68.31,91.431,0.645108057,1.042348844,0.667069751,1.035247375,2.861639533,258917,194106,8.4,6.28,2.96,442.3633333,583.5894165,-1.475252033,0.055597626,0.009362661,0.176946634,0.176871853,-0.691410745,-1.432295605,-1.0638,0.246,-0.2354,-0.566964445,0.846447461,-0.614025141,-0.69212181,-0.028276859,-0.126373063,0.013615636,0.115348874,0.072222202,-0.584676566,0.047855761,0.29497551
1993.25,6829.6,9480.157133,72.041,4437.5,1094.5,6067.878191,861.8570605,221.1838754,62.856,68.012,92.42,0.645731745,1.04746603,0.662131342,1.027662355,2.823096518,259686,194555,8.14,5.99,2.97,445.4633333,590.461731,-1.451558537,-0.014765069,-0.00412231,-1.97242425,-0.126557566,-0.22680285,-0.970054648,-0.6537,0.9803,-0.4168,-0.092365628,-0.632587804,-0.660148071,-0.359700817,0.029102935,-0.156035628,-0.044013213,0.002059253,-0.179245629,-0.083932617,0.294189283,0.635377609
1993.5,6904.2,9526.31942,72.475,4506,1095.9,6134.702046,868.8271269,221.5861771,63.166,67.998,92.893,0.640711155,1.046269709,0.653306527,1.019725357,2.791188901,260563,195068,7.62,5.62,3,453.5533333,614.1708374,0.129214762,0.010438889,-0.000299208,-0.232693463,0.739419309,-1.03402585,-0.767638775,0.2131,-1.578,-0.4982,-0.516400945,-0.383341699,-0.149625824,-0.17942685,-0.150362771,-0.048002803,-0.064661256,0.224459316,-0.45249262,-0.136199655,0.313490837,0.226248652
1993.75,7032.8,9653.411665,72.853,4572,1153,6189.083821,900.0748706,223.0904759,64.246,68.589,93.668,0.653345931,1.06020431,0.66352347,1.019444571,2.758163503,261421,195621,7.55,5.61,3.06,464.2466667,629.7966309,-0.214409193,-0.00717328,0.003352182,-0.397821983,-0.65970786,-0.325690457,0.066384944,0.4058,4.9418,-0.429,-0.252103967,-0.022842291,0.080975869,0.699778382,-0.029843032,0.11863128,-0.105071607,0.094638255,0.046686916,0.440218688,0.919199657,0.280719411
1994,7136.3,9748.244679,73.206,4640.9,1202.1,6260.150538,910.2222799,224.2638674,65,68.89,94.353,0.649362089,1.057895666,0.655624235,1.00970584,2.745365777,262131,196085,7.85,6.07,3.24,469.46,634.0791626,-0.433712053,-0.005867727,-0.00658717,0.604977888,1.022279605,-1.108596151,-0.930816372,0.401,1.3942,-0.4455,-0.31939035,-0.07346834,-0.027052369,-0.473171473,-0.128665997,-0.067456803,0.09901153,0.164233622,-0.346230672,0.6188065,0.417088321,0.337582091
1994.25,7269.8,9881.339115,73.571,4702.9,1265.1,6308.637504,924.1319726,227.5997207,66.081,68.808,96.037,0.652079488,1.061213258,0.653453831,1.003393649,2.726707797,262887,196522,8.6,7.08,3.99,450.9866667,613.5717773,-1.31851157,-0.04488647,-0.013557167,-2.018213647,-0.34672524,-1.13043542,-0.780972626,-0.915,3.6918,-0.3434,-0.443097903,-0.560605583,-0.539692378,0.083987149,-0.216987186,-0.085416427,-0.030825897,0.305897725,-0.156521488,0.42732496,0.775808635,-0.13329511
1994.5,7352.3,9939.704471,73.969,4773.1,1251.6,6357.436833,939.7094327,229.7822619,66.478,68.431,97.145,0.647762825,1.058609489,0.651956136,1.005330768,2.696568799,263726,197050,8.84,7.33,4.48,460.8666667,636.8482056,-0.575720731,0.026844986,0.004922796,-0.984100324,-0.069868374,-0.414140687,-0.913267637,-1.1208,-3.5693,-0.3052,-0.404075731,-0.121644781,-0.918154018,-0.364512162,0.006643088,-0.109885386,0.209851311,-0.138578136,0.007604335,-0.240834575,0.687447763,0.043854084
1994.75,7476.7,10052.57072,74.376,4847.2,1307.2,6425.920034,976.276881,230.8492112,67.434,68.998,97.733,0.65762308,1.07372656,0.658717347,1.011820181,2.664133934,264555,197601,9.21,7.84,5.28,460.0033333,635.3394775,-0.236467891,-0.029863609,-0.004135685,0.112214052,0.368473445,0.386574216,0.937165756,0.6724,7.096,-0.1863,0.021476982,-0.440283525,-0.102538672,-0.012470563,0.0381113,-0.192069875,0.068231698,0.268912174,0.156177674,0.111862748,0.269793743,0.02896834
1995,7545.3,10086.89491,74.803,4883.3,1327.3,6442.858274,1012.643296,232.709858,67.619,68.694,98.435,0.652075043,1.07015999,0.659863354,1.017508708,2.642598054,265270,197882,8.88,7.48,5.74,480.1066667,670.1699219,-1.351391635,0.04018328,0.007577201,-0.768294314,0.830001584,-0.895430166,-0.686003631,-1.0071,-1.8419,-0.3206,-0.44704706,0.259477291,-0.685175966,0.350352156,-0.08675383,-0.311392012,0.138015072,0.157290203,0.294443562,-0.65731977,0.532908855,0.05123158
1995.25,7604.9,10122.05186,75.132,4955,1303.8,6500.747816,1022.44549,232.8233293,67.843,68.862,98.52,0.650878696,1.072410048,0.66970902,1.051466963,2.627253308,266008,198296,8.23,6.62,5.6,523.69,732.3510742,-0.332544862,0.075553782,0.019233231,-0.446304079,0.165749794,-0.250636473,-0.748117567,-0.2057,-0.7583,-0.0181,-0.01467809,0.299147522,-0.428944781,-0.73954763,0.064703284,-0.125545593,0.3234946,0.082193265,0.405451058,0.446378292,0.395392586,-0.064527569
1995.5,7706.5,10208.77214,75.489,5020.5,1303.2,6560.343926,1029.229916,234.8805197,68.566,68.927,99.476,0.654610711,1.081270456,0.671663062,1.060497052,2.598997167,266851,198807,8.05,6.32,5.37,565.0833333,802.9625854,-0.263968644,0.026640153,0.006582883,-0.868493009,-0.073181631,-0.487355207,0.650327144,-0.4981,2.533,-0.1906,-0.198146841,0.555569214,-0.29568848,-0.292462652,-0.138119041,-0.241447904,-0.146775056,0.138513756,-0.180037414,-0.220191782,-0.110239066,-0.162685744
1995.75,7799.5,10281.30396,75.861,5077.9,1335.6,6606.343672,1049.600991,234.5055573,69.212,69.559,99.501,0.657444898,1.091069191,0.675534162,1.071160551,2.559772384,267705,199352,7.64,5.89,5.26,597.6733333,845.1431274,-0.119461901,0.030965256,0.008334398,0.094938046,0.625259679,0.463070684,0.257504298,0.5511,2.9569,0.1053,-0.502341159,0.221619073,-0.006854833,-0.014631186,-0.206100372,-0.313107181,0.228701144,0.104798483,-0.008760345,-0.477293948,-0.147471317,-0.160438466
1996,7893.1,10348.62073,76.272,5153.8,1355.2,6667.701662,1075.727531,233.2735383,69.788,70.229,99.372,0.665176271,1.104547646,0.693504567,1.115104903,2.506234804,268370,199776,7.71,5.91,4.93,637.01,902.541748,1.021986565,0.027630104,0.009177636,-0.489676789,-0.601189399,0.096104269,0.202347721,0.4758,-0.5829,0.1269,-0.224737779,0.661571839,0.406852374,0.240523377,-0.23277263,0.067197988,0.150196397,0.314730673,-0.320653252,0.410982568,0.191115798,-0.262505021
1996.25,8061.5,10529.37489,76.562,5244.1,1418.6,6740.055266,1104.785683,235.6721767,71.22,71.162,100.082,0.675057284,1.125517596,0.687716951,1.095166281,2.445984947,269116,200279,8.3,6.72,5.02,658.9666667,952.4301147,0.095116805,-0.009790094,-0.000815541,-0.913087965,-0.006017757,1.048282456,1.005336251,0.0606,5.2139,0.6053,-0.324014313,0.870274487,0.550094418,1.062836134,-0.148578986,-0.192840877,0.048052377,0.004138187,0.184180769,-0.394049912,-0.294992916,-0.248804803
1996.5,8159,10626.74204,76.778,5298.3,1474.4,6780.695692,1139.613709,237.6161734,72.03,71.463,100.793,0.679102841,1.136460276,0.687917367,1.098731764,2.408184102,269976,200850,8.29,6.78,5.1,660.5433333,939.6342773,-1.068278262,-0.014352788,-0.004188034,0.116308395,-0.020993943,-0.47946678,-0.188623276,-0.6359,0.8911,0.4592,0.184916658,-0.623474145,0.016661346,0.740077506,-0.149828895,0.057226282,0.139846936,0.243039999,-0.052020096,0.165319521,-0.068846888,-0.761548884
1996.75,8287.1,10739.03691,77.168,5376.1,1480,6833.996466,1168.269645,240.0861217,72.956,71.521,102.006,0.681784196,1.147055079,0.692159666,1.117319162,2.362058478,270861,201457,7.92,6.34,4.98,726.7933333,1035.517944,-0.334290424,0.088180915,0.02550637,-0.558055351,0.029807513,0.95175698,-0.499414335,-0.7807,-1.9043,-0.0174,-0.418100685,1.063603211,0.155699039,0.219598987,-0.195578726,0.078360701,0.086928464,0.121623021,-0.186739843,0.414807114,-0.153837168,-0.455561433
1997,8402.1,10820.89456,77.647,5456.7,1522,6905.991343,1194.770988,241.5294954,73.58,71.341,103.138,0.679204619,1.152372274,0.686104946,1.106891143,2.313678723,271589,202396,8.07,6.56,5.06,785.59,1088.222778,-0.718903613,0.038534861,0.007032581,-0.44661934,1.168842463,0.706615634,-1.078624474,-0.5425,3.4273,-0.1979,0.013970854,0.707699227,-0.355577637,0.075258992,0.130663152,-0.124757524,0.28075087,0.035560426,0.316192622,-0.252824122,-0.197650239,-0.284689225
1997.25,8551.9,10984.1119,77.857,5495.1,1589.9,6937.469227,1219.89953,242.9914494,74.92,72.235,103.718,0.686778453,1.170393937,0.691908202,1.123969976,2.27292457,272349,202835,8.19,6.7,5.05,824.4366667,1171.751099,0.236907115,0.014879597,0.006410475,0.776003221,0.020316928,0.207746182,0.641931255,0.7417,1.8317,1.1474,0.151147091,0.101141676,0.649959245,0.418160324,-0.07779505,-0.080731006,0.019883006,-0.048758507,-0.114955127,-0.827236409,-0.180228094,-0.391226165
1997.5,8691.8,11124.08012,78.135,5603.5,1625.3,7056.149497,1274.056135,244.5095954,76.022,72.902,104.28,0.696158284,1.187045762,0.703898525,1.152394827,2.237185696,273234,203367,7.76,6.24,5.05,929.85,1320.742188,0.166532438,0.088146619,0.028674623,0.656203953,0.537149658,0.137861767,0.885805873,0.1774,-0.4727,-0.366,0.423130965,0.797677936,0.294351605,1.236316665,0.253007003,0.060069564,0.270925081,0.027738618,0.352873559,-0.129658338,-0.527587809,-0.193369879
1997.75,8788.3,11210.28127,78.395,5687.6,1645.3,7139.933969,1282.777633,245.5950342,76.659,73.251,104.653,0.699244839,1.199740992,0.701711576,1.151856063,2.195894263,274117,203935,7.44,5.91,5.09,950.8166667,1345.302612,0.092525531,-0.027101051,-0.010821193,0.311099794,0.582611838,0.154041777,-0.358268388,-0.3354,0.1599,0.2775,-0.066818629,0.539432556,-0.12557754,-0.200179743,0.10647384,-0.389851608,0.126833738,-0.052315852,0.268372323,0.54502547,-0.647459788,0.34824424
1998,8889.7,11321.14158,78.523,5745.9,1712.3,7213.483146,1323.508542,247.266692,77.515,73.701,105.175,0.704098898,1.214141439,0.706503746,1.177941517,2.150547862,274837,204395,7.25,5.59,5.05,1021.31,1478.19519,-0.573280918,0.065217026,0.018797865,0.539285639,0.996641127,0.136221499,0.109934075,0.1246,2.8817,0.1134,-0.278397128,0.989150568,0.438427452,0.968253075,-0.064045179,-0.076265486,0.042944891,0.365754311,-0.091645623,-1.72084342,-0.386436206,-1.060252524
1998.25,8994.7,11430.98606,78.687,5857.8,1694.8,7340.969472,1367.192214,248.3195792,78.361,74.1,105.75,0.708508328,1.227571156,0.719589404,1.218620531,2.105618236,275568,204905,7.25,5.6,4.98,1109.67,1571.886353,0.800079494,0.051419102,0.014558195,-0.207071065,0.585845409,0.092287563,-0.118066164,-0.0623,-2.0991,0.2576,0.932460714,0.237185382,0.356732544,1.178477562,0.04020074,0.237620077,-0.00487988,-0.194237283,-0.29074493,0.324901758,-0.214485504,-0.473867754
1998.5,9146.5,11580.63332,78.981,5952.8,1739.8,7437.560128,1387.796468,248.696332,79.576,75.166,105.866,0.717932325,1.24639593,0.730430926,1.240562849,2.061882802,276416,205483,7.13,5.2,4.82,1083.946667,1427.881104,1.224848377,-0.068004444,-0.017893076,0.522374265,0.015880482,0.011685706,0.559996482,0.8706,2.8639,0.1644,0.419762135,0.694117555,0.683693032,0.407265119,-0.041814538,0.034884579,0.000273781,0.169675839,-0.195895727,-0.943671123,-0.768969374,-0.302977392
1998.75,9325.7,11770.71237,79.228,6055.5,1794.4,7546.734796,1427.688027,251.6189129,81.195,75.697,107.264,0.718096805,1.252877049,0.725944689,1.230885701,2.019458015,277269,206098,7.25,4.67,4.25,1122.316667,1608.58728,0.230135817,0.052095354,0.014308975,-1.444861363,0.094498164,-0.06394554,0.374944799,-0.4572,1.9506,-0.0121,-1.235595461,0.277242602,0.385434982,1.237810178,-0.47681629,0.308143955,-0.101787976,-0.014321765,0.055799907,0.07532858,-0.162733693,-0.603589767
1999,9447.1,11864.6388,79.624,6129,1850.6,7618.680622,1458.985044,251.5440304,81.95,76.522,107.093,0.728053714,1.269807423,0.738768137,1.254841517,1.985016247,277993,206876,7.4,4.98,4.41,1259.003333,1754.653809,0.446284078,0.079470389,0.025488054,1.42416961,0.593149208,-0.05668949,0.344374488,0.5817,-1.4304,0.0252,1.317586177,0.56699835,0.452269442,0.61700929,0.13628344,0.331176104,0.383254679,0.265228123,-0.647206828,-0.292808886,-1.07435277,-0.004706878
1999.25,9557,11962.54897,79.891,6253,1845.8,7731.589099,1497.296579,253.6662221,82.717,76.673,107.883,0.724023463,1.272397953,0.735939161,1.253289407,1.939629148,278723,207432,7.74,5.54,4.45,1329.793333,1865.404053,-0.11265872,0.016089965,-0.001533886,-0.352631992,1.189007531,0.480057769,-1.364066475,-0.9312,-0.4592,0.5945,0.879760688,-0.108390098,-0.092214739,1.347156728,0.293954132,0.616232518,-0.143624979,0.325106686,0.295443684,0.992199811,-0.470469158,-0.617609182
1999.5,9712.3,12113.12048,80.18,6357.2,1890.9,7819.241839,1539.317219,254.4625887,83.935,77.315,108.562,0.726902029,1.283692115,0.737890626,1.258552781,1.895670493,279600,208044,8.1,5.88,4.65,1342.216667,1828.772583,1.122373931,0.003149862,0.000284072,-0.076310997,-0.772952187,-0.75090385,-0.600781359,0.1498,1.4063,0.1655,0.512495872,0.131831333,0.182382423,1.027890369,0.147311231,0.669371823,0.1785752,-0.093607499,-0.340831087,0.234076004,-0.060045929,-0.600877914
1999.75,9926.1,12323.364,80.547,6488.9,1949.4,7934.192507,1544.867097,255.8430057,85.639,78.534,109.046,0.738250721,1.301069602,0.753672949,1.28593799,1.86106778,280463,208660,8.24,6.14,5.04,1373.23,2011.287842,1.289151678,-0.006651683,0.002052433,1.019265865,0.78478432,-0.325511335,1.140411597,0.9186,0.6461,0.4353,0.250010803,0.359706728,0.794399336,0.466968991,0.485564607,0.827323097,0.053941527,0.194108026,0.346738831,1.893968335,-0.10536513,-0.284465823
2000,10031,12359.07988,81.163,6642.7,1945.9,8054.784222,1599.889319,257.4598064,85.766,78.324,109.502,0.742409707,1.312854017,0.754204578,1.28558972,1.828438042,281192,211586,8.33,6.48,5.52,1418.89,2129.24707,-0.7016364,0.001029254,-0.000134914,1.588674172,-1.757722208,0.74820226,-1.391494856,-1.287,1.5267,0.0915,0.368542909,0.805091204,-0.711615658,1.490779652,0.171595439,0.323579565,0.22405068,0.152012245,-0.264434144,0.468777699,-0.298233298,-0.716442015
2000.25,10278.3,12592.40655,81.623,6737.3,2071.8,8132.219634,1650.507951,258.120556,87.65,80.035,109.515,0.75179736,1.328423213,0.764353675,1.309638712,1.801611624,281885,212242,8.59,6.18,5.71,1447.266667,2075.322266,1.552354306,-0.003413244,0.001193856,0.681798799,1.332385262,-1.260781529,2.023389143,2.1076,3.0364,-0.198,1.082601825,-0.402666152,0.746787736,0.948419318,0.615919697,0.298236907,0.317189543,-0.124218558,0.659660155,-0.629435645,-0.694848572,-0.532159997
2000.5,10357.4,12607.60541,82.152,6845.1,2055.8,8211.196814,1667.969051,257.5989079,87.682,80.061,109.519,0.748534372,1.332279548,0.766585552,1.32664346,1.770584334,282657,212919,8.32,5.89,6.02,1475.503333,2140.005615,0.221794338,0.014752773,1.19107E-05,-0.063168672,1.14842116,-0.080265521,-0.721821821,-1.1198,-2.3303,0.0666,0.453996921,0.990367338,-0.588079843,-0.045780137,0.493161289,0.227074082,-0.08584307,-0.01549605,0.032647109,0.448496165,-1.384797943,0.004807294
2000.75,10472.3,12679.40382,82.593,6944.4,2061.6,8284.402028,1672.279821,256.5423026,88.16,80.957,108.897,0.751665314,1.342877239,0.777783553,1.365442381,1.734443444,283450,213560,8.21,5.57,6.02,1366.37,1941.46521,1.047582539,-0.084087387,-0.0245241,0.611118453,0.567785323,-0.678088614,0.494357956,0.7249,0.7303,-0.0301,0.476750563,-0.089309031,0.23916071,0.021987342,0.568683879,0.069646099,0.153138838,0.060687235,0.842356563,-0.318176155,-1.004651864,-0.230736481
2001,10508.1,12643.30061,83.112,7020.4,1967.5,8319.389472,1658.87773,256.4838829,87.73,80.697,108.716,0.748347454,1.351355028,0.780774412,1.398603607,1.686019101,284136,214101,7.88,5.05,4.82,1275.743333,1794.506226,-0.094792244,-0.042784996,-0.014002459,-1.419938323,0.11343235,0.786714448,-1.249623797,-1.0841,-3.3569,0.4893,-0.033423178,1.130715379,-0.640182471,-0.410522407,0.246876519,0.127616255,0.123537433,0.174458661,0.192960747,-0.129501082,-1.523958221,-0.323701532
2001.25,10638.4,12710.30717,83.699,7072.1,1967,8340.724142,1621.209611,254.7283774,88.186,81.963,107.593,0.752340289,1.366878969,0.790081227,1.419950191,1.651653717,284818,214736,8.04,5.27,3.66,1232.973333,1790.383667,0.927142422,-0.024126934,-0.004890664,1.147200188,-1.339862278,-0.263170064,0.684878433,1.9828,-0.2259,0.0959,-0.126451175,0.86885174,0.556617109,-0.727110913,0.00966966,0.269005673,-0.15520983,0.218263695,-0.645656582,0.492353204,-1.940506173,-0.798620513
2001.5,10639.5,12670.14397,83.973,7103.4,1937.3,8371.32015,1599.937995,253.3942435,87.68,82.411,106.393,0.74811714,1.370764466,0.792864402,1.432919296,1.623305968,285574,215422,7.95,4.98,3.17,1142.53,1623.629639,-0.575752928,-0.06992805,-0.023832614,-0.249165379,-0.33121405,-1.113142216,-0.432989382,0.4297,-2.6652,-0.5316,0.085787583,-0.586547256,0.015693149,-0.117585312,-0.072247127,0.315751921,-0.06772069,0.180204857,-0.120327085,1.622419845,-1.11531584,-0.69972806
2001.75,10701.3,12705.30827,84.227,7216.6,1842.7,8499.116712,1553.666053,251.7553785,87.933,83.511,105.296,0.750785036,1.378045415,0.803884838,1.454445528,1.598493225,286336,216112,7.92,4.77,1.91,1117.066667,1618.232056,1.401084253,0.000829306,0.001405164,1.235948521,0.034106236,-0.560974122,0.18423936,1.4222,-2.6333,-0.2805,-1.319242006,0.663125534,0.551607833,-0.908211348,-0.048291883,0.110699505,0.044290935,-0.069492203,-0.320966188,-0.739397089,-0.877517986,-0.793503804
2002,10834.4,12822.23038,84.497,7251.4,1910,8524.640271,1522.050258,250.0780456,88.872,85.098,104.435,0.767554152,1.400541248,0.817829999,1.451109395,1.571955683,286991,216664,7.96,5.08,1.72,1131.556667,1654.841919,0.986519591,-0.017502945,0.002268469,0.211956961,-0.421790055,0.07899678,1.241498693,1.2617,1.5362,0.261,1.046010444,0.535019926,0.83398942,-0.404041282,0.043417757,0.051478103,0.136757496,-0.172144608,-0.160581266,-0.316235888,-0.899559142,-0.272331348
2002.25,10934.8,12892.98684,84.812,7344.5,1925.6,8568.112087,1501.827839,251.3163957,89.345,85.371,104.655,0.767375093,1.408660063,0.813933634,1.442062103,1.536808711,287628,217204,8.02,5.1,1.72,1068.4,1554.083374,-1.077029705,-0.070331998,-0.02319012,-0.683765042,0.335688087,0.706777594,-1.121604865,-1.0315,0.725,0.5229,0.547598768,-0.321796384,-0.409012739,0.287080678,0.345681082,0.263218866,0.226533307,-0.10172417,0.437678837,0.469692339,-0.858475342,-0.103927452
2002.5,11037.1,12955.86336,85.19,7433.1,1927.9,8627.990389,1493.016589,250.9372903,89.822,86.132,104.284,0.769945872,1.418224445,0.818462682,1.461758716,1.507377876,288361,217868,7.63,4.26,1.64,894.65,1313.781128,0.243729262,-0.156541437,-0.045072492,-0.782100267,-1.179084925,-0.727840129,-0.024885053,0.5365,-0.8351,0.1961,-0.061803433,0.264297127,0.196829109,-0.415472963,0.263102511,0.034232876,0.14490175,-0.286742899,0.871693917,-0.182794773,-1.235976898,-0.110075305
2002.75,11103.8,12964.00509,85.651,7507.2,1936.5,8674.331273,1475.098551,251.2208187,89.803,85.978,104.449,0.770305058,1.426721454,0.816539953,1.461948225,1.484760426,289096,218543,7.6,4.01,1.33,887.9133333,1348.722656,-0.95122022,0.039574496,0.013451304,-1.04469982,0.649109838,-0.132407879,-0.832951254,-0.653,-2.6473,-0.1881,0.148925379,0.232190941,-0.222238743,0.012975077,0.156978174,0.125676751,-0.057237719,-0.066342041,-0.280595549,-0.345769393,-1.105743315,0.074098491
2003,11230.1,13031.13287,86.179,7593.5,1960.2,8712.538437,1478.569758,249.7925237,90.234,86.861,103.884,0.775180868,1.445240121,0.818482924,1.476092893,1.447716782,289714,220109,7.12,3.92,1.16,859.8333333,1279.661377,0.725562359,-0.060239002,-0.01501061,-0.004811645,-0.894157537,1.885753175,-0.173140908,0.7161,-0.5052,0.4928,0.334194167,0.775545382,0.032660635,-0.180248424,0.022299424,0.17624618,-0.14781232,0.060077852,-0.179219063,-0.004501019,-0.496710053,-0.141633673
2003.25,11370.7,13152.16008,86.455,7684.6,1970.5,8809.482867,1514.368168,248.9057551,91.26,88.298,103.354,0.786562682,1.464067918,0.832967273,1.501486797,1.429529278,290352,220774,6.47,3.62,1.04,937.9966667,1452.990234,1.212578323,0.074968904,0.027572948,2.050929225,1.260523704,-0.650635199,0.611786989,0.9666,1.0069,0.0511,0.27978326,0.608170677,0.843210413,0.727815573,0.106359836,0.176988288,-0.122166895,-0.06555947,0.108646732,-0.230577907,-0.640110335,-0.004413149
2003.5,11625.1,13372.32843,86.934,7845.5,2048.3,8939.314525,1544.631335,249.4871324,93.255,89.939,103.687,0.798557686,1.485338405,0.843651493,1.519299163,1.409595811,291071,221513,6.81,4.23,0.93,1000.503333,1551.113892,1.069096849,0.010700294,0.006863468,-1.588734801,-0.188532317,1.141181775,1.376733154,0.851,2.4285,0.4456,-0.026111461,0.583166322,1.729730776,0.673493061,-0.025569805,0.181003619,-0.283938405,-0.127349688,-0.188576636,0.53704075,-0.57042809,0.019870408
2003.75,11816.8,13528.72484,87.346,7938.5,2132.8,9008.840318,1566.80135,250.5212653,94.517,90.646,104.27,0.804186129,1.499047829,0.839327274,1.499034831,1.396854855,291796,222276,6.66,4.29,0.92,1056.423333,1686.608276,-0.308052542,0.022177193,0.005451147,0.445029556,1.187388324,-0.319644121,-0.344435462,-0.3482,-0.6451,-0.1598,0.444425839,-0.31418388,-0.255610691,-0.315786027,0.106241364,0.046038908,-0.06204998,-0.243972749,-0.16858113,-1.005033526,0.170527057,0.261493107
2004,11988.4,13606.48295,88.108,8076.8,2155.2,9096.41743,1549.432918,251.6811843,95.145,90.956,104.606,0.808856747,1.512035756,0.839172236,1.496620012,1.377339169,292374,222356,6.27,4.02,0.92,1133.286667,1791.68396,-0.407980815,0.045336556,0.01351783,0.741518903,-0.619852412,-0.203149466,0.287477,-0.124,-2.3606,-0.3241,0.54817013,-0.199433793,-0.097628228,-0.66542566,0.220433172,0.169472103,0.0628164,0.115526506,0.098887702,-0.35437816,0.036833826,0.494872856
2004.25,12181.4,13706.2166,88.875,8186.3,2259.5,9155.398982,1583.786043,251.8083972,95.934,91.602,104.73,0.81562736,1.525761515,0.848849671,1.518787039,1.367952487,293000,222973,6.66,4.6,1.08,1122.966667,1780.153687,-0.230395638,-0.052354928,-0.013720054,0.855734399,-0.537454196,-0.601690201,0.594558509,0.4638,2.7536,-0.3818,0.121394318,-0.504178755,0.348512238,0.287715021,0.118226091,0.12067629,-0.056393704,-0.015050042,-0.123610787,0.08064724,0.041099384,0.504359067
2004.5,12367.7,13830.7128,89.422,8312.7,2311.3,9243.00884,1626.89591,252.9504715,96.948,91.977,105.405,0.823171428,1.543002693,0.855108478,1.539294112,1.351932064,293718,223680,6.45,4.3,1.49,1104.15,1750.756958,-0.093718476,-0.02719651,-0.003626159,-0.270645451,0.540344717,0.925290385,0.604584547,-0.3983,-0.1454,-0.1103,0.030552441,-1.064284874,-0.136293233,-0.212664713,0.139329431,0.099188415,-0.102919314,-0.049347568,0.314823879,-0.506916259,0.218988789,0.405061694
2004.75,12562.2,13950.40478,90.049,8464.3,2380.8,9337.856473,1661.351937,253.4598389,97.877,92.621,105.674,0.822982839,1.549821522,0.861522697,1.560328626,1.340142898,294463,224418,6.19,4.17,2.01,1161.786667,1877.786865,0.047832538,0.045663133,0.012839482,0.756806404,1.172511752,0.373744673,0.333678939,-0.2449,1.8051,-0.3284,-0.083495194,-0.23573617,-0.529551733,-0.379379549,-0.029374286,0.192985628,-0.218378834,-0.043825219,-0.586952667,0.424238079,0.355850795,0.176032622
2005,12813.7,14099.11645,90.883,8573.1,2475.2,9409.201659,1681.899506,254.7628999,99.067,93.489,105.966,0.827718193,1.561531635,0.864664813,1.571578873,1.339422448,295102,225038,5.97,4.3,2.54,1191.98,1914.854614,0.193596389,-0.0121208,-0.002816135,-0.228755888,0.136472952,-1.322385847,0.466120217,0.9371,0.1316,-0.5463,0.194625274,0.078155908,0.016748442,-0.079367352,-0.002430412,0.081269992,0.072908423,0.017382739,-0.322678939,0.120919335,0.537987182,0.108753499
2005.25,12974.1,14172.68388,91.543,8723.9,2469.5,9511.447885,1706.096257,256.0795276,99.624,93.225,106.864,0.827821174,1.567995857,0.865328714,1.589216521,1.33092134,295710,225674,5.97,4.16,2.86,1181.653333,1912.734863,-0.512700626,-0.021336654,-0.006733384,-1.186479914,0.53664038,0.01757255,-0.04931978,-0.9602,-0.6247,-0.4168,-0.148745522,-0.274727084,-0.318312419,0.552296203,0.041386674,0.076736839,-0.025303455,0.024575901,-0.020128577,0.093998795,0.733594492,0.076931622
2005.5,13205.4,14291.71311,92.399,8888.1,2527.2,9585.337446,1737.419712,256.7685199,100.578,93.998,107,0.834599526,1.589252267,0.867342359,1.595846387,1.30567562,296444,226422,5.98,4.21,3.36,1224.143333,2020.933594,0.178801998,0.020797912,0.009299994,-0.202639751,-1.623091717,2.577808235,0.711573623,0.0917,3.1641,0.279,0.240904411,-0.433533046,0.417841645,0.007905646,0.056335989,0.086922506,-0.041474056,0.02456272,-0.274433995,0.098370536,0.756766178,0.056763957
2005.75,13381.6,14373.36198,93.1,8991.3,2636.5,9621.302915,1744.386874,257.2912419,101.257,94.157,107.541,0.83812696,1.600372643,0.862883162,1.591809329,1.291129527,297203,227196,6.34,4.49,3.83,1230.466667,2042.203491,-0.694042805,-0.029786585,-0.008659028,0.17266017,2.483558952,-0.668211895,-0.7490652,-0.7327,2.5356,-0.4903,0.315401753,-0.846024502,-1.027665889,-0.254868238,0.152402633,0.069811138,-0.033856874,0.018336545,0.252493369,0.093506312,0.468717,0.072245416
2006,13648.9,14546.10367,93.832,9134.3,2699.7,9729.243223,1808.693106,259.4314306,102.77,94.788,108.421,0.848285538,1.617374199,0.870876001,1.607972611,1.279539074,297854,227764,6.31,4.57,4.39,1283.04,2152.937744,-0.133359857,0.022563547,0.010795015,-0.863838752,0.300373376,-0.281215534,-0.150225919,0.4385,2.5983,-0.6904,0.123196002,0.449346225,-0.616714241,0.458027607,0.064025339,0.048441613,0.01690167,0.009565484,0.081808873,0.053554607,0.285100147,0.031297615
2006.25,13799.8,14589.53133,94.587,9253.7,2697,9780.993352,1831.303751,260.0893468,103.1,94.733,108.832,0.844490104,1.623212326,0.862276252,1.602829714,1.262531507,298505,228433,6.74,5.07,4.7,1281.783333,2157.325439,-0.363159779,-0.021458559,-0.010080874,-0.141877719,0.520653563,0.324566564,-0.113547623,-0.3057,-1.3344,0.0049,-0.055922656,-0.084001429,-0.402069418,-0.743480892,0.036780184,0.043436522,0.011473392,0.008034054,0.028309309,0.027452044,0.07702084,0.001099338
2006.5,13908.5,14602.55966,95.247,9374.3,2684.4,9838.066453,1853.141434,261.3920274,103.14,94.223,109.464,0.839434045,1.625046678,0.855001352,1.605309995,1.253304429,299271,229166,6.59,4.9,4.91,1288.376667,2177.946045,-1.170627136,0.014418852,0.000394549,0.143961405,0.041547095,-0.144997271,-0.728573044,-1.0306,0.7837,0.0506,-0.052153216,-0.311401059,-0.843580666,-0.541072705,0.006301315,0.012720171,0.006386941,0.003550155,-0.007353367,0.000452278,-0.051195855,-0.007792267
2006.75,14066.4,14716.88638,95.58,9453.6,2641.6,9938.394903,1865.123662,262.5704788,104.182,94.832,109.86,0.84289393,1.63099476,0.860076962,1.62527081,1.257114343,300090,229896,6.28,4.63,4.9,1389.48,2351.871826,0.241492567,0.061145559,0.019280102,1.05628316,0.533130398,-1.683580545,0.292732488,0.877,-0.9015,-0.9625,-0.20054098,-0.436646475,-0.048192566,-1.176840768,-0.05245046,-0.019786685,-0.021145655,-0.009056635,-0.082872967,-0.057179961,-0.300297326,-0.06459035
2007,14233.2,14725.9296,96.654,9591.9,2634.2,9990.729939,1897.141113,262.3272478,104.266,94.849,109.928,0.838471159,1.636407158,0.855747445,1.629929852,1.244942128,300799,230839,6.3,4.68,4.98,1425.303333,2415.414551,-0.498388607,-0.010198312,-0.007326907,1.007602995,0.193968213,1.526511058,-0.731380495,-0.208,2.4166,0.3136,,,,,,,,,,,,
2007.25,14422.3,14838.67317,97.194,9700.9,2671.9,10024.59414,1934.387993,263.1526559,105.255,95.634,110.06,0.838703449,1.643237409,0.851770721,1.621217647,1.233135092,301492,231482,6.49,4.85,4.74,1496.323333,2563.088867,-0.154019668,0.041229274,0.010443792,-0.234526836,-0.446397856,-0.179825009,0.280547007,-0.1465,2.571,0.342,,,,,,,,,,,,
2007.5,14569.7,14938.53236,97.531,9799.2,2658.2,10069.15402,1964.459492,262.5499855,106.052,96.711,109.658,0.835437819,1.646849093,0.853099705,1.629028692,1.215495678,302272,232210,6.63,4.73,4.3,1490.816667,2532.944824,0.961002081,-0.02303759,-0.010880922,0.202182202,-0.359075212,0.352985842,0.540672198,0.8551,-0.7021,0.1732,,,,,,,,,,,,
2007.75,14685.3,14991.73098,97.956,9910,2610.6,10081.79377,1997.54902,263.0370836,106.32,96.997,109.612,0.834676467,1.652885697,0.857140403,1.644515455,1.191519669,303049,232937,6.51,4.26,3.39,1494.09,2573.899414,0.118853101,0.001588776,-0.001597817,,-1.252486325,1.278235521,0.199643674,-0.6746,-0.6213,0.7441,,,,,,,,,,,,
2008,14668.4,14889.35807,98.516,9974.4,2527,10061.02543,1998.084195,262.7229682,105.103,96.144,109.318,0.823626814,1.646369781,0.845996049,1.634065976,1.176951542,303708,232807,6.75,3.66,2.04,1350.19,2316.163818,-0.693021612,-0.090094693,-0.033081394,,0.025970607,-0.054196436,-1.011158489,-0.7607,-3.3487,0.7376,,,,,,,,,,,,
2008.25,14813,14963.38199,98.995,10095.8,2493.3,10077.96201,1986.526916,262.0870397,105.551,97.067,108.74,0.825014882,1.653656312,0.849039156,1.650426055,1.157697796,304332,233410,6.99,3.89,1.63,1371.646667,2355.45752,0.124775468,0.041758854,0.013163681,,-2.845225456,1.085922838,0.790213376,0.1515,-3.02,0.1618,,,,,,,,,,,,
2008.5,14843,14891.69585,99.673,10124.9,2435.9,10005.13849,1932.976643,259.9684564,104.666,97.305,107.565,0.821250515,1.652934442,0.852289677,1.668052321,1.149618515,305051,234110,7.21,3.86,1.49,1251.916667,2179.491699,-0.596058175,-0.115444317,-0.03658716,,-0.850967177,0.063112449,0.312377448,0.1554,-0.8559,0.2749,,,,,,,,,,,,
2008.75,14549.9,14576.8672,99.815,9859.6,2243.1,9884.707156,1820.142968,255.3862811,101.615,96.76,105.018,0.805150984,1.63393343,0.853564267,1.69663816,1.177593807,305781,234825,8.84,3.25,0.3,909.8,1622.654053,-1.512904278,-0.258023649,-0.083060652,,2.139044667,-3.279317926,-1.002496484,2.6869,-10.9236,-2.4561,,,,,,,,,,,,
2009,14383.9,14374.98751,100.062,9770.2,1972.1,9850.779375,1688.275835,250.1743917,99.733,97.505,102.285,0.798708845,1.632947314,0.865970882,1.745878648,1.169312948,306399,234913,8.21,2.74,0.21,809.3133333,1407.558838,0.554618897,-0.006296499,-0.000210494,,-0.857023521,0.785818366,-0.086205417,1.1983,-10.677,-0.1853,,,,,,,,,,,,
2009.25,14340.4,14355.47325,99.895,9769.8,1825.9,9806.476221,1633.986928,246.286326,99.448,99.376,100.073,0.807340917,1.640599257,0.886842442,1.765925663,1.147400209,306992,235459,7.98,3.31,0.17,892.2266667,1641.122681,1.010326619,0.086709693,0.030672139,,-1.540359946,-0.131244751,1.034590455,,,,,,,,,,,,,,,
2009.5,14384.1,14402.39104,99.873,9890.8,1786.4,9865.839426,1613.059299,243.4138876,99.814,100.993,98.833,0.819301389,1.656836859,0.8883713,1.737244666,1.123268785,307690,236093,6.66,3.52,0.16,996.7,1868.419922,0.566699228,0.039850362,0.014629781,,-0.914223469,0.539600479,0.64315214,,,,,,,,,,,,,,,
2009.75,14566.5,14541.92415,100.169,9957.1,1928,9864.765792,1598.385062,243.2459214,101.005,102.219,98.812,0.833153228,1.672816728,0.892504341,1.715260055,1.098434118,308413,236739,6.33,3.46,0.06,1088.703333,1977.431641,-0.386037566,0.03899727,0.014411051,,-0.156971936,0.133193962,0.451101401,,,,,,,,,,,,,,,
2010,14681.1,14604.86262,100.522,10044.5,1989.5,9917.653215,1615.056574,243.5798643,101.511,102.623,98.916,0.83387249,1.682701264,0.882400782,1.703798005,1.079021114,309024,236996,6.29,3.72,0.11,1121.596667,2068.305664,,-0.002161741,-0.005328605,,0.770908451,1.1321362,0.501362369,,,,,,,,,,,,,,,
2010.25,14888.6,14745.86007,100.968,10137.7,2092.7,9998.421982,1659.272136,246.108635,102.752,103.022,99.738,0.8408532,1.695717905,0.87717499,1.686238312,1.073435726,309376,237506,6.18,3.49,0.15,1135.246667,2066.267578,,-0.011706442,-0.001899416,,-0.353914333,-0.517269334,0.030837297,,,,,,,,,,,,,,,
2010.5,15057.7,14845.55699,101.429,10233.4,2164.6,10063.03285,1692.770355,246.1841531,103.786,103.606,100.174,0.849650807,1.711566136,0.882054588,1.704656736,1.069015786,309991,238104,5.78,2.79,0.16,1096.386667,2063.414551,,-0.062450729,-0.01302729,,-0.581088807,-0.293194682,-0.438959988,,,,,,,,,,,,,,,
2010.75,15230.2,14939.03815,101.949,10393.2,2156.5,10166.189,1728.078639,247.0392858,104.652,103.922,100.702,0.850711169,1.719062066,0.876827837,1.698001156,1.062308131,310654,238711,5.91,2.86,0.14,1204,2300.200928,,0.100160591,0.030513631,,-0.462632294,0.729651947,-0.741431402,,,,,,,,,,,,,,,
2011,15238.4,14881.39533,102.399,10523.5,2123.5,10217.08949,1724.175901,247.6183422,104.072,103.045,100.997,0.846543196,1.717264922,0.874022651,1.696349924,1.053134924,311205,238852,6.09,3.46,0.13,1302.743333,2516.70166,,0.045827784,0.008983142,,-0.182009488,0.263386062,-1.090419938,,,,,,,,,,,,,,,
2011.25,15460.9,14989.48083,103.145,10651.4,2212.7,10237.69475,1760.963078,248.8938519,105.053,103.368,101.63,0.848370163,1.723143905,0.870512636,1.702850377,1.042099837,311733,239316,5.85,3.21,0.05,1319.036667,2589.810059,,-0.021268327,-0.006926636,,0.323513877,-0.927523662,-0.665286427,,,,,,,,,,,,,,,
2011.5,15587.1,15021.10477,103.768,10754.5,2228.2,10282.23686,1840.804415,250.064643,105.344,103.103,102.173,0.845764179,1.727210932,0.8701748,1.71107008,1.032214743,312360,239871,5.46,2.43,0.02,1228.126667,2329.895752,,-0.071648985,-0.021836281,,0.039996979,0.303153612,-0.359172487,,,,,,,,,,,,,,,
2011.75,15785.3,15190.2961,103.917,10827.9,2395.2,10316.80546,1883.089894,251.4225106,106.91,103.923,102.874,0.854907572,1.740250268,0.876202139,1.717429617,1.024240592,313001,240431,5.25,2.05,0.01,1225.653333,2408.723389,,-0.001818405,0.004567962,,1.431770519,-0.176515465,0.50926728,,,,,,,,,,,,,,,
2012,15973.9,15291.00377,104.466,10956.2,2460.8,10379.02256,1938.106426,252.4740834,107.807,103.938,103.723,0.86364254,1.751486625,0.884035528,1.723858128,1.014637057,313538,242436,5.2,2.04,0.07,1347.436667,2642.802734,,0.053801849,0.01902879,,-0.992010885,-0.209624184,0.179130001,,,,,,,,,,,,,,,
2012.25,16121.9,15362.53014,104.943,11008.3,2534.8,10396.56605,1973.706108,252.5366449,108.492,104.547,103.773,0.861202667,1.75483344,0.883929348,1.729836306,1.003594481,314060,242968,5.09,1.82,0.09,1350.393333,2633.240967,,-0.028257605,-0.012394157,,,,,,,,,,,,,,,,,,,
2012.5,16227.9,15380.72942,105.508,11073.6,2529.9,10424.07583,1963.362027,254.7338969,108.647,104.26,104.208,0.859443158,1.760497471,0.882836028,1.743066951,0.994855651,314677,243564,4.87,1.64,0.1,1402.216667,2734.666992,,0.043656193,0.010756263,,,,,,,,,,,,,,,,,,,
2012.75,16297.3,15384.24506,105.935,11164.3,2521.3,10453.17079,1981.349253,255.6423245,108.689,103.75,104.76,0.858678941,1.763875259,0.879315949,1.754289023,0.984749232,315334,244169,4.57,1.71,0.09,1418.206667,2783.740234,,-0.00887763,-0.003980736,,,,,,,,,,,,,,,,,,,
2013,16440.7,15457.16085,106.363,11271.8,2578.3,10518.17291,2000.64345,255.8723924,109.367,104.058,105.102,0.857202343,1.767231618,0.875422921,1.74887922,0.97233133,315870,244829,4.81,1.95,0.09,1514.513333,3035.693359,,0.05635551,0.014777357,,,,,,,,,,,,,,,,,,,
2013.25,16526.8,15500.2204,106.623,11322.8,2620.4,10554.24023,2005.63435,256.1434461,109.8,104.214,105.36,0.860135262,1.773067204,0.878593973,1.757357106,0.965136279,316403,245363,4.84,2,0.05,1609.77,3224.352539,,0.027149634,0.00770092,,,,,,,,,,,,,,,,,,,
2013.5,16727.5,15614.49854,107.128,11417.7,2711.5,10598.83408,2023.063643,257.5185437,110.858,104.558,106.025,0.860932291,1.78064568,0.881665118,1.765609378,0.957171703,317024,245961,5.4,2.71,0.03,1675.313333,3390.335449,,0.010103489,0.000603629,,,,,,,,,,,,,,,,,,,
2013.75,16957.6,15761.4626,107.589,11556.9,2749.9,10690.34096,2065.491915,258.858954,112.245,105.423,106.471,0.866183103,1.790774184,0.886818905,1.772909903,0.95035487,317672,246564,5.36,2.75,0.06,1770.45,3696.082764,,0.032636918,0.010238131,,,,,,,,,,,,,,,,,,,
2014,16984.3,15724.8933,108.009,11640.3,2751.1,10724.72982,2106.833522,259.2111309,111.761,104.455,106.994,0.855640775,1.785160785,0.879079457,1.777212473,0.94744287,318202,247086,5.12,2.76,0.05,1834.306667,3795.9104,,0.026289603,-0.00074334,,,,,,,,,,,,,,,,,,,
2014.25,17270,15901.51557,108.606,11813,2841.6,10826.29177,2129.80885,261.3905464,113.317,105.212,107.703,0.867144974,1.802230825,0.885694804,1.775570391,0.944836536,318736,247625,4.82,2.62,0.03,1900.373333,3943.790039,,0.00415878,0.005603074,,,,,,,,,,,,,,,,,,,
2014.5,17522.1,16068.8346,109.044,11949.1,2910.2,10918.60231,2176.333929,262.4633501,114.846,105.87,108.478,0.873062616,1.811921476,0.892444832,1.789645837,0.94315307,319358,248233,4.74,2.5,0.03,1975.953333,4040.858398,,0.005048926,0.003154395,,,,,,,,,,,,,,,,,,,
2014.75,17615.9,16151.44819,109.067,12061.4,2937.2,11033.31565,2179.989839,265.1121112,115.593,105.226,109.853,0.871422518,1.811688284,0.888765186,1.787533134,0.945889311,320006,248843,4.74,2.28,0.02,2012.036667,4213.683594,,0.016078966,0.001317222,,,,,,,,,,,,,,,,,,,
2015,17649.3,16177.32518,109.099,12055.5,2995.9,11081.23759,2188.624565,266.4735527,115.766,104.884,110.376,0.867975322,1.810275342,0.888942799,1.796937781,,320536,249901,4.5,1.97,0.03,2063.456667,,,0.015861543,0.000318685,,,,,,,,,,,,,,,,,,,
2015.25,17913.7,16333.58864,109.674,12228.4,3025.5,11178.92273,2210.603277,267.3988328,117.175,105.846,110.704,0.870399732,1.819299257,0.896928854,1.813124698,,321070,250461,4.83,2.17,0.02,2102.03,,,0.002367674,0.000830161,,,,,,,,,,,,,,,,,,,
2015.5,18064.7,16417.8277,110.031,12358.6,3034.8,11262.73581,2223.767504,,117.614,106.38,110.561,0.870248633,1.822367213,0.897808436,1.825173004,,321692,251099,5.24,2.22,0.04,2026.14,,,-0.047343172,-0.014692241,,,,,,,,,,,,,,,,,,,